1001,10000,Aku akan menjadi lebih kuat... bersama dengan semua rivalku!
1001,10001,Impian kami adalah agar saya menjadi Umamusume terbaik di seluruh Jepang! Mari kita wujudkan bersama-sama, Trainer!
1001,10002,Mari kita melakukan tur makan lain di sekitar lingkungan ini kapan-kapan! ♪
1001,10003,Selamat tahun baru! Saya akan berhati-hati untuk tidak terlalu memanjakan diri selama liburan!
1001,10004,Selamat Hari Valentine! Ini coklat sebagai tanda penghargaanku atas segalanya!
1001,10005,Saya membuat coklatnya sendiri menggunakan resep ibu saya! hehe. Anda akan menerimanya, bukan?
1001,10006,Ini malam yang sempurna untuk melihat bintang! semoga langit cerah...
1001,10007,Kupikir aku mencium banyak permen, dan sekarang aku tahu alasannya... Ini Halloween! Saya menyukai acara-acara lezat!
1001,10008,Aku ingat saat janggut Ibu Santa rontok... Hehehe!
1001,10009,Selamat berlibur! Ingin makan sup hangat seperti susu bersama?
1001,10010,Tahun ini berlalu dalam sekejap mata! Saya harap saya menjadi lebih kuat tahun depan!
1001,10011,Selamat ulang tahun! Mau ambil kue dari kafetaria bersamaku?
1001,10012,Selamat ulang tahun! ♪ Hehe... Bisa merayakan bersamamu seperti ini membuatku bahagia.
1001,10013,Ibuku dan semua orang telah mengucapkan selamat ulang tahun kepadaku sejak pagi ini. Ahh, hari ini sudah sempurna!
1001,10014,Terima kasih telah merayakannya bersamaku! Aku akan terus menjadi lebih kuat, jadi terus awasi aku!
1001,10015,Pelatih! Sepertinya ada pemberitahuan baru!
1001,10016,Anda punya hadiah! Aku ingin tahu apa yang ada di dalamnya? Ehehe!
1001,10017,Sepertinya Anda telah menyelesaikan beberapa misi! Baiklah, aku juga harus melakukan yang terbaik!
1001,10018,Sepertinya acara akan segera dimulai! Saya sangat bersemangat!
1001,10019,Ada acara?! Ooh! Ayo bergabung!
1001,20000,Fiuh... Badanku terasa agak berat.
1001,20001,Pelatih! Maafkan aku, tapi bolehkah aku istirahat sebentar?
1001,20002,Oooh! Saya merasa bisa melakukan apa saja sekarang!
1001,20003,Aku sangat ingin berlari hingga aku tidak bisa duduk diam!
1001,20004,Menurutku, aku merasa baik-baik saja!
1001,20005,Pelatih! Apa yang harus kita lakukan selanjutnya?!
1001,20006,Baiklah, aku akan berlatih seolah tidak ada hari esok!
1001,20007,Apa acara hari ini?
1001,20008,Hmm... Aku merasa sedikit kehabisan tenaga.
1001,20009,<i>Huh...</i> Oh, maaf. Aku agak kekurangan energi...
1001,20010,Ack, badanku terasa lemas sekali..
1001,20011,Aku hanya punya pikiran buruk di pikiranku... <i>Siiiiigh...</i>
1001,20021,Oh, aku ikut lomba lagi? Saya telah melakukan beberapa kali berturut-turut sekarang... Tapi tidak apa-apa! Saya akan melakukan yang terbaik!
1001,20022,U-um... Bolehkah aku istirahat kali ini daripada balapan?
1001,20023,Saya sangat ingin balapan! Saya hanya tahu saya bisa memberikan segalanya sekarang!
1001,20024,Saya sangat siap! Yang tersisa hanyalah memenangkan perlombaan!
1001,20025,Saya akan berlari secepat yang saya bisa menuju impian saya untuk menjadi yang terbaik di Jepang!
1001,20026,Ya, saya merasa cukup baik! Saya akan melakukan yang terbaik untuk mencapai tujuan saya!
1001,20027,Hehe, badanku terasa ringan sekali! Saya pikir saya bisa memberikan usaha lebih dari biasanya!
1001,20028,Ini adalah balapan yang penting, dan saya merasa siap untuk menjalaninya!
1001,20029,Akhirnya tiba waktunya balapan. Saya akan mengincar yang terbaik yang saya bisa!
1001,20030,Aku akan tetap tenang dan melakukan yang terbaik untuk mengeluarkan kekuatanku seperti biasa!
1001,20031,A-Aku mulai gugup... Tarik napas dalam-dalam, tarik napas dalam-dalam!
1001,20032,Tidak apa-apa! Saya baik-baik saja! A-bagaimanapun juga, aku akan kehabisan tenaga!
1001,20033,Saya tidak cukup bersemangat! Bisakah kamu menampar punggungku?!
1001,20034,Saya tidak punya waktu untuk khawatir sekarang. Aku harus melakukan yang terbaik!
1001,20035,Semua orang terlihat sangat kuat... Tapi aku akan melakukan apa yang aku bisa!
1001,20036,Saya berharap saya telah mempersiapkan diri dengan lebih baik. Po-pokoknya, aku berangkat!
1001,20037,Saya tidak tahu apakah saya bisa menang... Tidak! Saya tidak bisa mulai meragukan diri saya sendiri!
1001,20038,Saatnya memulai!
1001,20039,Saya akan melakukan yang terbaik!
1001,20040,Ini dia!
1001,20041,Fokus, fokus!
1001,20042,Hah?
1001,20043,Oh tidak...
1001,20046,Saya menantikan ini!
1001,20047,Laut!
1001,20049,Saya berhasil tumbuh dan berkembang berkat Anda, Pelatih!
1001,20050,Terima kasih banyak, Pelatih!
1001,30000,Saya gagal menempati posisi pertama, namun saya tetap senang!
1001,30001,Hampir saja menjadi yang pertama... Aku harus melakukan yang lebih baik lagi!
1001,30002,Saya ingin berlari lebih baik lagi di lain waktu!
1001,30003,Aduh, aku mengacau!
1001,60000,Tersenyumlah, tersenyumlah! Gah, ini sudah waktunya?!
1001,60001,<i>Tarik napas, buang napas...</i> O-aku berangkat!
1001,70001,Saya akhirnya mengerti apa artinya menjadi Umamusume terbaik di seluruh Jepang!
1001,90000,Selamat pagi! Mari kita jalani hari menyenangkan lainnya, Pelatih!
1001,90001,Saya akan memberikan segalanya lagi pada latihan hari ini untuk menjadi Umamusume terbaik di seluruh Jepang!
1001,90002,Hai, Pelatih! Mari kita teruskan kerja bagus sore ini juga.
1001,90003,Aku sudah menunggumu! Saya makan banyak saat makan siang, jadi saya siap untuk berolahraga!
1001,90004,<i>Yaaaaawn...</i> Apa?! A-aku tidak tertidur! Jelas tidak!
1001,90005,Hari menyenangkan lainnya hari ini. Saya pikir saya akan segera bersiap-siap untuk tidur.
1001,90006,Akhir-akhir ini semakin hangat! Saya mungkin akan berjalan-jalan sedikit lebih jauh pada hari libur saya berikutnya.
1001,90007,Gah, hari ini hari yang panas lagi. Harus berhati-hati untuk tidak makan terlalu banyak es krim!
1001,90008,Oh, Pelatih! Saya baru saja menemukan kedai ubi panggang! Kita harus pergi dan makan di sana kapan-kapan!
1001,90009,Pelatih! Saya mendapat paket pemanas dari seorang teman. Apakah Anda menginginkannya?
1001,91000,Saya harus berbicara dengan Maruzen sekarang! Dia sungguh sangat cantik!
1001,91001,Ibuku mengirimiku banyak sayuran! Saya akan membagikannya kepada Anda lain kali.
1001,91002,<i>Yaaawn...</i> Aku terbawa suasana ngobrol dengan Suzuka hingga larut malam tadi. Ehehe, menyenangkan sekali.
1001,91003,Ketika saya menemukan sesuatu yang enak, mau tak mau saya makan banyak! Ehehe...
1001,91004,Akademi Tracen sungguh besar. Saya merasa jika saya salah belok, saya bisa hilang berhari-hari!
1001,91005,Seorang siswa yang lebih muda memberi tahu saya bahwa dia adalah penggemar saya sekarang! Wow, saya rasa hal ini benar-benar terjadi!
1001,91006,Badan saya terasa lebih ringan saat memakai pakaian ini... Sedemikian rupa sehingga saya hampir bisa berlari sampai ke Hokkaido!
1001,91007,Saya ingin terus berlari hingga pakaian ini menjadi terkenal sebagai tanda Umamusume terbaik Jepang!
1001,91008,Saya mengirimi ibu saya foto pakaian balap khas saya dan dia segera menelepon saya! Hehe, dia menangis.
1001,91009,Saya melakukan beberapa pelatihan dengan El dan yang lainnya pagi ini! Ehehe, rasanya luar biasa!
1001,91010,Ack, aku gagal dalam kuis di kelas pagi ini! Aku harus meminta Grass mengajariku lagi.
1001,91011,Mengapa saya sangat mengidam makanan manis di malam hari? Gan! Wortel menari-nari di dalam kepalaku!
1001,91012,A-ahoo! Hah? Mengapa saya sering bersin akhir-akhir ini?
1001,91013,<i>Mengendus, mengendus...</i> Hm? Apakah aku mencium bau hujan? Hujan rahmat yang akan mendinginkan panas!
1001,91014,Musim gugur selalu membuatku merasa melankolis. Aku ingin tahu apakah ibuku baik-baik saja...
1001,91015,Brr. Saya tidak akan dikalahkan oleh musim dingin di daratan! Atau setidaknya, itulah yang saya pikirkan. Tapi kalau dingin, jadi dingin sekali!
1001,92000,Apa yang harus kita lakukan hari ini? Saya akan melakukan yang terbaik dalam hal apa pun!
1001,92001,Baiklah, saatnya melakukan ini!
1001,92002,Sepatu? Memeriksa! Peregangan? Memeriksa! Saya siap kapan saja!
1001,92003,Pelatih! Tolong instruksinya!
1001,92011,Saya ingin berlatih sebanyak yang saya bisa untuk persiapan lomba! Ayo lakukan ini!
1001,92005,Saya tidak sabar untuk menunjukkan kepada ibu saya betapa kuatnya saya!
1001,92006,Semua Umamusume lainnya sangat cepat, tapi saya tidak akan kalah dari mereka!
1001,92007,Aku masih dalam perjalanan untuk mewujudkan mimpiku! Tolong beri saya bimbingan agar saya bisa berlatih dan menjadi lebih kuat!
1001,93000,Apakah Anda bangga dengan saya, Pelatih?
1001,93001,Sekarang saya bisa melaporkan kembali ke ibu saya dengan bangga!
1001,95000,Ooh, aku merasakan kekuatan muncul dalam diriku!
1001,95001,Ooh, aku merasa semakin kuat!
1001,95003,Ini aku! Minggu Spesial!
1001,95004,Saya ingin menjadi yang terbaik yang saya bisa! \nArtinya... Aku harus menang!
1001,1008,Semuanya, ayo lakukan ini!
1001,1009,Ayo berikan semua yang kita punya, Suzuka!
1001,1010,Aku tidak percaya aku bersamamu, Maruzen!
1001,1011,Ya!
1001,1000,Kami pasti akan menang!
1001,1001,Ehehe, kita menang!
1001,1003,Itu adalah pertandingan yang seimbang!
1001,1002,Kami kalah...
1001,1004,Kami menang!
1001,1007,Skor tinggi baru!
1001,1006,Itu adalah pertandingan yang seimbang!
1001,1005,Kami kalah...
1001,40000,Aku akan berlomba menuju impianku!
1001,40001,Oh, wow... Baiklah! Awasi aku, Bu!
1001,30004,Wow! Hore! Saya nomor satu!
1001,30005,Astaga, terima kasih! Saya akan melakukan yang terbaik lain kali juga!
1001,31000,Ini dia!
1001,13,Inilah bonus login hari ini!
1001,15,Ini untuk diperebutkan besok!
1001,110000,Saya siap untuk berlatih.
1001,110001,Kisah-kisah ini sangat menarik!
1001,110002,Apakah kita akan mengikuti perlombaan?
1001,10021,Sepertinya level Arsip Umamusume Anda sudah naik.
1001,20051,Error 500 (Server Error)!!1500.That’s an error.There was an error. Please try again later.That’s all we know.
1001,70000,Aku akan menjadi Umamusume terbaik di seluruh Jepang bersamamu, Pelatih!
1001,95005,Anda dapat lebih mengandalkan saya sekarang!
1001,95006,Saya masih bisa lebih membantu orang lain!
1001,120000,Wow, aku dipenuhi dengan kekuatan!
1001,70004,Saya selalu bermimpi mengenakan seragam akademi!
1001,70010,Ehehe. Apakah saya terlihat seperti Umamusume kota?
1001,70008,Ehehe. Apakah itu terlihat bagus untukku?
1001,70014,Pakaian ini sangat lucu!
1001,70009,Saya Pekan Spesial, Umamusume terbaik di seluruh Jepang! Ehehe!
1001,70015,Bagaimana menurutmu? Bisakah saya menjadi yang paling populer?
1001,140000,Kamu bisa!
1001,140001,Hore! Anda berhasil!
1001,140002,Mustahil...
1001,140003,Kamu punya banyak sekali!
1001,140004,Mengerti dengan adil dan jujur!
1001,140005,Anda tidak bisa mendapatkannya sama sekali...
1001,140006,Kamu punya banyak sekali!
1001,140007,Mengerti dengan adil dan jujur!
1001,140008,Hmm-hm-hmm! ♪
1001,140009,Ehehe...
1001,140010,hehe.
1001,140011,Wow!
1001,140014,Ahhh! Aduh...
1001,140015,hehe!
1001,140016,Kapan pun Anda siap!
1001,140012,Yaaay!
1001,140013,Wah!
1001,140017,<i>Huh...</i>
1001,140018,Urghhh!
1001,71004,Saya selalu bermimpi mengenakan seragam akademi!
1001,71010,Ehehe. Apakah saya terlihat seperti Umamusume kota?
1001,71008,Ehehe. Apakah itu terlihat bagus untukku?
1001,71014,Pakaian ini sangat lucu!
1001,71009,Saya Pekan Spesial, Umamusume terbaik di seluruh Jepang! Ehehe!
1001,71015,Bagaimana menurutmu? Bisakah saya menjadi yang paling populer?
1001,400000,Ujian untuk pindah ke sini sungguh sulit! Aku masih tidak percaya aku berhasil melewatinya...
1001,400001,Ini pertama kalinya aku dikelilingi oleh Umamusume lain dan tinggal bersama orang lain seusiaku... Begitu banyak pengalaman pertama bagiku!
1001,400002,Aku sudah mendapat makanan favorit di kantin asrama. Ehehe! ♪
1001,400003,Oh benar! Aku harus menulis surat kepada ibuku... Tunggu tidak, ini terlalu cepat. Dia mungkin akan memarahiku karena tidak fokus membiasakan diri ke sekolah dulu...
1001,400004,Baik Grass maupun El tampil luar biasa dalam latihan. Mereka berdua sangat berbakat...
1001,400005,Aku ingin tahu apakah Suzuka terkadang berharap dia memiliki kamar sendiri untuk kedamaian dan ketenangan...
1001,400006,Baiklah. Makan enak, tidur nyenyak, lalu...
1001,400007,Teio sangat kecil, ceria, dan penuh energi, tapi juga sangat keren.
1001,400008,Bu, aku merasa bisa segera menulis surat untukmu dengan bangga!
1001,400009,Benar sekali, sudah hampir waktunya untuk uji coba! Saya ingin tahu pelatih seperti apa yang akan saya temui?
1001,400010,Aku akan jalan-jalan dengan Suzuka pada hari libur berikutnya. Uh-oh, kemana kita harus pergi?!
1001,400011,El dan Grass mengundangku ke beberapa pelatihan sepulang sekolah. ...Baiklah, aku akan melakukan yang terbaik!
1001,400014,Acaranya sudah berakhir, tapi perlombaanku menuju impianku baru saja dimulai!
1001,2030,Kami pasti akan menang!
1001,2031,Semuanya, ayo lakukan ini!
1001,2032,Terima kasih banyak, Pelatih!
1001,2033,Ini adalah balapan yang penting, dan saya merasa siap untuk menjalaninya!
1001,2034,Saya akan berlari secepat yang saya bisa menuju impian saya untuk menjadi yang terbaik di Jepang!
1001,2035,Terima kasih banyak, Pelatih!
1001,410000,Ini dia!
1001,410001,Yaaay!
1001,410002,Baiklah!
1001,410003,Baiklah!
1001,410004,hehe.
1001,410005,hehe.
1001,410006,Ahahaha...
1001,410007,Ahahaha...
1001,410008,Ahahaha...
1001,81000,Saya menantikan balapannya! Aku akan menghadapinya dengan semua yang aku punya!
1001,81001,Impian saya adalah menjadi yang terbaik di seluruh Jepang! Saya tidak akan membiarkan orang lain menang!
1001,90010,Selamat pagi! Hmm! Merasakan angin pagi yang menerpa tubuhku sungguh luar biasa!
1001,90011,Senang rasanya berenang di pagi hari! ♪ Itu bukanlah sesuatu yang bisa kamu lakukan di Hokkaido!
1001,90012,Hai, Pelatih! Apakah boleh berenang setelah makan? Aku makan terlalu banyak saat makan siang...
1001,90013,Masih ada setengah hari lagi! Saya akan berbelok dan terus berenang—maksud saya, terus melakukan yang terbaik sampai hari ini selesai! ♪
1001,90014,Anda harus berbaring dan mengapung di kolam ketika Anda lelah bekerja! Bersantai terasa luar biasa!
1001,90015,Selamat malam! Malam hari sangat dingin. Tetap hangat dan hati-hati jangan sampai tertular... Achoo!
1001,90016,Musim semi adalah musim awal yang baru! Ingin berenang bersama? Hah? Biasanya itu acara musim panas?
1001,90017,Musim baju renang telah tiba! Saya akan menunjukkan kepada Anda versi ekstra spesial dari diri saya yang biasanya tidak Anda lihat!
1001,90018,Perutku terlihat baik-baik saja, kan? Aku hanya makan tiga ubi panggang, jadi aku yakin aku baik-baik saja... Tidak apa-apa.
1001,90019,Musim dingin berarti berenang di cuaca dingin! Tapi... itu terlalu berlebihan bagiku, jadi aku akan lari dalam cuaca dingin!
1001,91016,Suzuka cepat dalam berlari dan berenang... Aku harus melakukan yang terbaik untuk mengejarnya dalam keduanya!
1001,91017,El terus menantangku dalam pertandingan gulat profesional, tapi ini bukan pakaian gulat!
1001,91018,Aku akan meminta Maruzen melatihku menari! Siapa yang akan menjadi nomor satu di panggung dansa? Aku!
1001,91019,Ack, aku harus hati-hati... Kalau aku lengah, Sei menggelitik punggungku!
1001,91020,Saat aku mengirimi ibuku fotoku yang mengenakan baju renang, dia mulai mengirimiku lebih sedikit wortel...
1001,91028,Saya selalu dalam kekuatan penuh, dimanapun, kapanpun! Ayo berlari, berenang, dan bersenang-senang! ♪
1001,91029,Memakai ini saja sudah membuatku merasakan suasana liburan musim panas! Sekarang saya bisa bersantai seperti berada di resor.
1001,91021,Berenang di pagi hari benar-benar membangunkan Anda! Anda harus mencobanya kapan-kapan juga!
1001,91022,Matahari sangat cerah! Aku harus memakai tabir surya atau aku akan terbakar habis.
1001,91023,Kamu khawatir perutku jadi dingin? Jangan pernah takut! Aku punya bungkus perut yang diberikan ibuku!
1001,91024,Mengagumi bunga sakura sambil berenang... Ini masih latihan, jadi menurutku itu ide yang bagus!
1001,91025,Berenang, kembang api, dan festival musim panas! Ayo lakukan semuanya dan nikmati musim panas tanpa penyesalan! ♪
1001,91026,Dango, ubi jalar, dan puding labu... Tidak, aku harus melawan keinginan itu! Apalagi dengan pakaian ini...
1001,91027,Kupikir aku sudah terbiasa, tapi pakaian ini benar-benar terasa... Achoo! Ini sedikit dingin...
1001,92015,Aku akan terjun langsung!
1001,92016,Saya akan menunjukkan kepada Anda beberapa ketangkasan yang baru dan lebih baik! ♪
1001,92017,Saya akan lebih cemerlang dari matahari saat latihan hari ini!
1001,92018,Ayo berangkat! ♪
1001,92020,Tubuh saya terasa sangat ringan—seperti saya bisa melakukan apa saja! ♪
1001,92021,Tidak peduli seberapa panasnya cuaca, saya dapat menenangkan diri dalam sekejap dengan melompat ke dalam kolam!
1001,92022,Saya akan mengatasi gelombang kesengsaraan apa pun yang mungkin datang! Saat ini, saya bahkan bisa menghadapi amukan ombak Laut Okhotsk!
1001,93004,Mari terus bersinar dengan penuh semangat seperti biasanya! ♪
1001,93005,Saya tidak akan pernah melupakan kenangan yang kami buat!
1001,95007,Aku jadi bersemangat!
1001,95008,Pakaian ini sangat mudah dipakai... Dan lucu juga! ♪
1001,95010,Saya Minggu Spesial! Aku akan bersinar seperti matahari musim panas! ♪
1001,70016,Aku belum pernah memakai baju renang seperti ini sebelumnya, jadi membuatku tersipu malu. Ehehe! ♪
1001,70017,Seolah-olah saya bisa mencium bau matahari hanya dengan melihatnya! ♪
1001,71016,Aku belum pernah memakai baju renang seperti ini sebelumnya, jadi membuatku tersipu malu. Ehehe! ♪
1001,71017,Seolah-olah saya bisa mencium bau matahari hanya dengan melihatnya! ♪
1001,95009,Mari jadikan musim panas ini sebagai kenangan! ♪
1001,40003,Untuk kenangan yang tak terlupakan!
1001,40004,Mari kita manfaatkan sebaik-baiknya—eep?! Gahhh! Wah! ♪
1001,30006,Bicara tentang kontes berapi-api yang cocok untuk hari musim panas!
1001,30007,Astaga, terima kasih! Saya akan melakukan yang terbaik lain kali juga!
1001,400017,Apa?! Bagaimana biasanya saya berlari lagi?!
1001,400018,Saya telah memutuskan untuk bersenang-senang seperti yang belum pernah saya bersenang-senang sebelumnya!
1001,400019,Apa?! Ibu juga pernah ke Bubblyland?!
1001,400026,Mungkin karena aku sedang bersenang-senang, tapi akhir-akhir ini makanan terasa enak sekali! Aku sudah makan terlalu banyak...
1001,70018,Itu sungguh luar biasa!
1001,70019,Aku akan menjadi Umamusume terbaik di seluruh Jepang!
1001,71018,Itu sungguh luar biasa!
1001,71019,Aku akan menjadi Umamusume terbaik di seluruh Jepang!
1001,90020,Selamat Hari Valentine!
1001,90021,Selamat Hari Valentine!
1002,10000,Jika kamu yakin dengan lariku, maka aku juga akan yakin untuk terus berlari seperti ini.
1002,10001,Saya tahu saya bisa mengatasi kelemahan saya selangkah demi selangkah. Selama aku bersamamu.
1002,10002,Aku selalu berpikir pemandangan tanpa satu jiwa pun yang terlihat adalah hal yang benar-benar istimewa, tapi sekarang...
1002,10003,Akhirnya tiba waktunya untuk memasang dekorasi kadomatsu Tahun Baru yang besar yang saya dapat dari Fukukitaru!
1002,10004,Semua orang makan begitu banyak coklat. Aku ingin tahu apakah itu tidak akan mempengaruhi ras mereka...
1002,10005,Maukah Anda menerima ini? Saya baru menyadari tadi malam bahwa ini hampir Hari Valentine, jadi itu hanya truffle sederhana...
1002,10006,Menyenangkan sekali berlari sambil menatap langit berbintang. Tapi aku harus berhati-hati agar tidak menabrak apa pun...
1002,10007,Menipu atau mengobati. Jika kamu tidak bisa berlari lebih cepat dari kakiku, beri aku sesuatu yang enak untuk dimakan. ...Bagaimana dengan ucapan Halloween?
1002,10008,Pohon cemara yang tertutup salju menghasilkan pemandangan musim dingin yang sempurna. Berlari di dekat mereka terasa luar biasa.
1002,10009,Bagaimana kalau kita melihat dekorasi hari raya? Saya suka bagaimana lampunya bersinar seperti salju.
1002,10010,Tahukah Anda bahwa kata lama untuk bulan Desember berarti "biksu berlari", karena mereka sibuk sepanjang tahun ini? Aku yakin itu akan lucu untuk dilihat...
1002,10011,Selamat ulang tahun. Aku akan memenangkan perlombaan untukmu sebagai hadiah.
1002,10012,Karena ini hari ulang tahunmu, mungkin kita harus melakukan sesuatu yang berkesan. Bagaimana kalau mengagumi pemandangan dari ketinggian?
1002,10013,Oh, benar... Ini hari ulang tahunku. Saya begitu fokus berlari hingga saya benar-benar lupa.
1002,10014,Semakin banyak kenangan yang saya buat, semakin banyak pandangan yang saya lihat. Saya dapat menghitung wajah Anda di antara mereka sekarang.
1002,10015,Sepertinya ada pemberitahuan baru. Apakah Anda ingin memeriksanya?
1002,10016,Tampaknya itu adalah hadiah. Mari kita lihat.
1002,10017,Misi selesai. Mari kita teruskan ini dan terus berlomba.
1002,10018,Sepertinya acara akan segera dimulai. Aku ingin tahu jenis apa? Apakah saya akan banyak berlari?
1002,10019,Sebuah acara telah dimulai. Bisakah kita berlari untuk melihatnya?
1002,20000,Tubuhku terasa... berat. Tidak, aku seharusnya tetap baik-baik saja... menurutku.
1002,20001,Argh, aku ingin lari, tapi aku tidak bisa mengeluarkan kekuatan apa pun!
1002,20002,Bisakah saya lari? Kakiku gatal untuk pergi!
1002,20003,Tubuhku terasa ringan karena suatu alasan! Bisakah kita segera memulai pelatihan?
1002,20004,Angin sepoi-sepoi terasa begitu menyegarkan. Saya yakin akan terasa luar biasa berlari di dalamnya.
1002,20005,Saya tak sabar untuk melihat trek seperti apa yang bisa saya lewati hari ini.
1002,20006,Saya siap untuk lari.
1002,20007,Apa yang harus kita lakukan hari ini?
1002,20008,Badanku terasa lesu... Oh, tidak apa-apa.
1002,20009,Mengapa kaki saya terasa sangat berat?
1002,20010,Aku tidak merasa seperti diriku sendiri hari ini... Apa yang terjadi?
1002,20011,Tubuhku terasa lemah! Ini tidak benar.
1002,20021,Meskipun aku ingin berlari, aku tidak boleh memaksakan diri terlalu keras dan membuat diriku cedera. Dilema seperti itu.
1002,20022,Aku ingin ikut lomba, tapi tubuhku tak sanggup lagi...
1002,20023,Ya, kakiku terasa ringan! Saya merasa bisa berlari sangat cepat dalam perlombaan!
1002,20024,Saya menantikan balapan! Saya berharap ini akan dimulai. hehe.
1002,20025,Pemandangan dari depan... Saya akan melihatnya dengan mata kepala sendiri!
1002,20026,Saya yakin saya dalam kondisi yang baik. Saya bersemangat untuk balapan.
1002,20027,Saya merasa baik. Kami bekerja keras untuk hari ini.
1002,20028,Aku ingin tahu pemandangan apa yang bisa kulihat hari ini.
1002,20029,Semua siap. Saya harus bisa memberikan penampilan seperti biasa.
1002,20030,Saya akan menerapkan semua yang telah saya pelajari hingga saat ini dalam balapan.
1002,20031,Tolong perhatikan saat saya menang.
1002,20032,Walaupun aku sedikit cemas, aku baik-baik saja.
1002,20033,Saya hanya perlu mengingat latihan saya yang biasa dan menjalankan seperti yang biasa saya lakukan...
1002,20034,Saya hanya perlu mengincar memimpin dan berlari. Saya akan mencoba untuk tidak memikirkan hal lain.
1002,20035,Sepertinya aku sedikit gugup dengan persiapanku... Tidak, tidak ada gunanya mengatakan hal seperti itu.
1002,20036,Aku akan mengaturnya, entah bagaimana caranya. Hanya itu yang bisa kulakukan, sungguh.
1002,20037,Saya harus memikirkan cara untuk menang dalam keadaan ini...
1002,20038,Aku berangkat.
1002,20039,Ayo lakukan ini.
1002,20040,Mari kita mulai.
1002,20041,Saya akan melakukan yang terbaik.
1002,20042,O-oh?
1002,20043,eh...
1002,20046,Ayo pergi.
1002,20047,Saya bersemangat!
1002,20049,Saya dapat mengatakan dengan yakin bahwa saya lebih cepat dari sebelumnya!
1002,20050,Terima kasih banyak, Pelatih.
1002,30000,Saya sangat dekat!
1002,30001,Lumayan, menurutku... tapi belum cukup.
1002,30002,Saya tidak puas dengan ini!
1002,30003,Saya pasti akan mendapatkannya lain kali.
1002,60000,Hal seperti ini membuatku lebih gugup dibandingkan balapan.
1002,60001,Aku akan memberikan segalanya!
1002,70001,Saya tahu saya tidak akan pernah melupakan pemandangan yang Anda tunjukkan kepada saya, Pelatih.
1002,90000,Selamat pagi. Saya sudah menyelesaikan latihan pagi saya, tapi haruskah kita melakukan latihan tambahan?
1002,90001,Saya selalu makan sarapan yang layak karena saya tidak bisa berlari kecuali saya mengisi kembali energi saya.
1002,90002,Saya siap untuk latihan sore. Bagaimana kalau kita mulai?
1002,90003,Rumput, tanah, dan tanjakan... Sepertinya aku bisa banyak berlari hari ini juga. hehe.
1002,90004,Oh, kapan hari jadi selarut ini? Waktu berlalu begitu saja saat saya berlatih.
1002,90005,Saya belum cukup berlari. Mungkin aku akan lari kembali ke asrama? Tapi jaraknya tidak terlalu jauh.
1002,90006,Aku punya kelopak di kepalaku dan tidak menyadarinya sampai aku melihat ke cermin... B-betapa memalukan.
1002,90007,Apakah Air Groove mengatakan bahwa mentimun baik untuk mencegah kelelahan musim panas? Saya bertanya-tanya berapa banyak yang harus saya makan dalam sehari?
1002,90008,Saya melihat sebuah rumah dengan buah kesemek digantung hingga kering saat saya berlari keluar. Tidak ada yang mengatakan jatuh lebih dari itu.
1002,90009,Saat saya melihat genangan air yang membeku, saya terdorong untuk berlari melintasinya. Tapi itu mungkin tidak aman, bukan?
1002,91000,Saya bertanya kepada Taiki apakah dia punya tip untuk lomba lari cepat, dan dia berkata, "Selamat menikmati semangat yang luar biasa!" Apa maksudnya itu?
1002,91001,Kota ini penuh dengan bangunan... Terkadang aku berharap bisa berlari melewati ladang kosong seperti yang kulakukan saat aku masih muda.
1002,91002,Apa yang harus kulakukan dengan jimat keberuntungan yang Fukukitaru berikan padaku? Aku tidak punya tempat untuk menggantung ikan air tawar emas sebesar itu... Hmmm.
1002,91003,Rumput di lintasan selalu subur. Saya kira itu berarti kita harus berterima kasih kepada para penjaga lahan.
1002,91004,Saya berharap cuaca indah ini terus berlanjut. Aku tidak bisa berlari terlalu lama di tengah hujan karena badanku menjadi dingin.
1002,91005,Saya harus berhati-hati agar perut saya tidak kedinginan.
1002,91006,Panggung di mana hanya pemenang yang bisa berdiri sangatlah istimewa.
1002,91007,Saat saya mengenakan pakaian ini, saya ingat bagaimana rasanya tertiup angin di depan balapan!
1002,91008,A-apa yang harus aku lakukan? Segera setelah saya mengenakan pakaian balap khas saya, saya merasakan keinginan untuk balapan!
1002,91009,Saat saya menyetel alarm agar berbunyi dengan meriah, saya selalu terbangun dengan perasaan luar biasa. hehe!
1002,91010,Saya akhirnya makan lebih banyak dari biasanya ketika saya bersama Spe. Apa yang harus saya lakukan?
1002,91011,Saat aku memejamkan mata sebelum tidur, aku melihat semua pemandangan yang kulalui.
1002,91012,Musim semi penuh dengan begitu banyak balapan. Ini musim yang menyenangkan! hehe!
1002,91013,Satu untuk jogging pagi, satu untuk latihan sore, dan satu lagi untuk lari malam... Saya butuh banyak handuk.
1002,91014,Kalau dipikir-pikir, ada duri yang menempel di pakaianku beberapa hari yang lalu. Mungkin karena aku sedang berlari di hutan... <i>Huh...</i>
1002,91015,Melihat salju membuatku tenang. Sangat damai dan indah... oh, dan menyenangkan juga berlari melewati tumpukan salju.
1002,92000,Saya bisa berlari kapan saja, termasuk saat ini.
1002,92001,Jenis trek apa yang ingin saya jalankan hari ini?
1002,92002,Saya tidak ingin kalah dari siapa pun dalam hal lari, jadi tolong beri saya latihan yang berat.
1002,92003,Angin sepoi-sepoi yang indah. Saya bertanya-tanya apakah akan terasa lebih baik jika saya melewatinya? hehe.
1002,92011,saya siap. Bagaimana kalau kita mulai?
1002,92005,Saya bisa merasakan diri saya meningkat sedikit demi sedikit. Saya harus memastikan untuk tidak melupakan perasaan ini.
1002,92006,Aku ingin tahu pemandangan apa yang bisa kulihat jika aku terus berkembang seperti ini?
1002,92007,Bahkan sesuatu yang kecil pun dapat mengubah pemandangan yang kamu lihat... Aku merasa seolah-olah kamu mengajariku hal itu.
1002,93000,Aku berhasil melihat pemandangan yang tidak akan pernah bisa kulihat jika aku sendirian.
1002,93001,Saya telah berhasil tumbuh dan berkembang lebih dari yang saya harapkan, terima kasih kepada Anda.
1002,95000,Lebih cepat!
1002,95001,Aku akan pergi lebih jauh!
1002,95003,Ya, ini Diam Suzuka.
1002,95004,Memimpin, jauh melampaui yang lain... Saya melihat dunia saya sendiri!
1002,1008,Semuanya, ayo lakukan yang terbaik.
1002,1011,Ayo berangkat, Spe.
1002,1012,alur udara.
1002,1009,Aku mengandalkanmu.
1002,1117,T-terima kasih.
1002,1097,Kami akan memimpin.
1002,1000,Kami tidak akan kalah!
1002,1001,Itu adalah balapan yang hebat.
1002,1003,Kerja bagus, semuanya.
1002,1002,Mari kita pastikan kita menang lain kali.
1002,1004,Kami menang.
1002,1007,Skor tinggi! Bagus sekali!
1002,1006,Kerja bagus, semuanya.
1002,1005,Mari kita pastikan kita menang lain kali.
1002,120000,Tubuhku terasa hangat sekali.
1002,140000,Tolong berikan semua yang kamu punya.
1002,140001,Ya!
1002,140002,TIDAK!
1002,140003,Lihat semua ini!
1002,140004,Hehe, menggemaskan sekali.
1002,140005,Itu sulit, bukan.
1002,140006,Lihat semua ini!
1002,140007,Hehe, menggemaskan sekali.
1002,140008,Hehe.
1002,140009,hehe.
1002,140010,Oh...
1002,140011,Menakjubkan!
1002,140014,Tidak mungkin...
1002,140015,Oh...
1002,140016,Pelatih?
1002,140012,Ah!
1002,140013,None
1002,140017,Hm...
1002,140018,Aduh...
1002,40000,Saya akhirnya melihatnya... Ini untuk saya dan saya sendiri!
1002,40001,Saya akhirnya melihatnya! Apa yang ada di balik kecepatan... Begitu tenang dan indah... Inilah yang ingin saya lihat!
1002,30004,Inilah pemandangan yang hanya diperuntukkan bagi saya!
1002,30005,Fiuh, rasanya luar biasa.
1002,31000,Aku akan berlomba!
1002,13,Ini adalah bonus masuk hari ini.
1002,15,Anda akan mendapatkan ini besok.
1002,110000,Waktunya berlatih sekarang?
1002,110001,Ada begitu banyak catatan berbeda.
1002,110002,Mengikuti perlombaan?
1002,10021,Tampaknya level Arsip Umamusume Anda telah naik.
1002,20051,Ayo lakukan yang terbaik.
1002,70000,Mari kita berlomba melalui ini bersama-sama!
1002,95005,Saya merasa bisa berbuat lebih banyak sekarang.
1002,95006,Saya memahami trik untuk mendukung sekarang.
1002,70004,Aku sudah terbiasa memakai seragam ini.
1002,70010,Kadang-kadang bisa menjadi sedikit sibuk, tapi menyenangkan.
1002,70008,Agak memalukan.
1002,70014,Bernyanyi dan menari sambil tersenyum... Konser sangat sulit.
1002,70009,Maju terus, semakin cepat...
1002,70015,Saya ingin melihat segala macam pemandangan.
1002,71004,Aku sudah terbiasa memakai seragam ini.
1002,71010,Kadang-kadang bisa menjadi sedikit sibuk, tapi menyenangkan.
1002,71008,Agak memalukan.
1002,71014,Bernyanyi dan menari sambil tersenyum... Konser sangat sulit.
1002,71009,Maju terus, semakin cepat...
1002,71015,Saya ingin melihat segala macam pemandangan.
1002,2030,Kami tidak akan kalah!
1002,2031,Semuanya, ayo lakukan yang terbaik.
1002,2032,Terima kasih banyak, Pelatih.
1002,2033,Aku ingin tahu pemandangan seperti apa yang bisa kulihat hari ini?
1002,2034,Pemandangan dari depan... Aku akan melihatnya dengan mataku sendiri!
1002,2035,Terima kasih banyak, Pelatih.
1002,81000,Oh, um... Aku menantikan balapan kita.
1002,81001,Saya tidak akan menyerah memimpin!
1002,70018,Ayo lari bersama.
1002,70019,Saya tidak akan membiarkan orang lain melihat pemandangan dari depan!
1002,71018,Ayo lari bersama.
1002,71019,Saya tidak akan membiarkan orang lain melihat pemandangan dari depan!
1002,90020,Selamat Hari Valentine.
1003,10000,Maksudku, Prez adalah Umamusume yang super kuat, tapi aku yakin kita berdua bisa mengalahkannya! Ayo tunjukkan padanya apa yang kita punya!
1003,10001,Ingat deklarasi yang kita buat? Kami akan mewujudkannya! Itu adalah janji yang <i>mutlak dan pasti</i>!
1003,10002,Baik saat saya sedang bermain game atau sedang berlari, saat saya mendengar Anda bersorak untuk saya, motivasi muncul begitu saja. Ini seperti semacam sihir.
1003,10003,Hei, ayo main hanetsuki! Aku akan menggambar seluruh wajahmu jika kamu kalah, jadi bersiaplah untuk mendapatkan tinta total!
1003,10004,Yap, Hari Valentine sungguh menyenangkan! Sepertinya aku punya cukup permen untuk bertahan lama! ♪
1003,10005,Hei, hei, Pelatih? Apakah kamu ingin aku memberimu coklat? Saya yakin Anda melakukannya! <i>kurasa</i> aku bisa memberimu beberapa. Ini dia!
1003,10006,Hikoboshi seharusnya melompati Bima Sakti, lho? Bertanya-tanya mengapa dia tidak melakukannya.
1003,10007,Menipu atau mengobati! Semuanya, segera serahkan permenmu kepada raja perkasamu!
1003,10008,Saya <i>harus</i> menjadi orang yang menaruh bintang di atas pohon karena sayalah bintang pertunjukannya!
1003,10009,Ini hari libur, jadi ayo jalan-jalan! Kita akan makan kue dan bermain game... Ini akan menjadi malam yang sibuk!
1003,10010,Mereka mengatakan jika Anda melompat pada tengah malam pada Hari Tahun Baru, Anda akan menghilang dari Bumi pada saat itu juga! Aku akan melakukannya dengan Mayano! ♪
1003,10011,Pelatih, ini hari ulang tahunmu? Pasti menyenangkan, bisa menjadi bintang hari ini. Saya ingin dirayakan juga!
1003,10012,Aku akan membelikan kue BESAR untukmu, Pelatih! Pastikan kamu memberiku setengahnya, oke? ♪
1003,10013,Hehehe, sebenarnya... hari ini adalah hari ulang tahunku! Ayo, beri aku keributan besar! ♪
1003,10014,Aku sudah menantikan hadiahmu sejak kemarin! Anda tahu <i>persis</i> apa yang saya inginkan, bukan?
1003,10015,Sepertinya ada pemberitahuan baru! Aku ingin tahu apa itu? Saya ingin tahu! ♪
1003,10016,Ada hadiah yang menunggumu! Hei, tunjukkan padaku apa itu nanti, oke?
1003,10017,Misi selesai! hehe! Kami menyimpannya di dalam tas! ♪
1003,10018,Sebuah acara akan segera dimulai! Saya ingin tahu apakah Prez akan bergabung juga?
1003,10019,Hei, ayolah! Ada acara! Ayo berangkat! Saya sudah menantikan ini!
1003,20000,Aku harus lari hari ini juga? Tapi aku sangat lelah...
1003,20001,Entah kenapa, tapi tubuhku tidak bergerak sesuai keinginanku. Uh, sungguh membuat frustrasi!
1003,20002,Heh, Teio Tak Terkalahkan juga tidak bisa <i>dijinakkan</i> hari ini! Cobalah untuk tidak terpesona oleh lariku, oke?
1003,20003,Hei, aku tahu aku akan menjadi jauh lebih baik dari biasanya hari ini! Cepat dan biarkan aku lari! Pindahkan, pindahkan, pindahkan!
1003,20004,Saya akan bekerja sangat keras hari ini dan kemudian memenangkan semua balapan, sama seperti Prez!
1003,20005,Bagi saya, semua pelatihan sangatlah mudah! Ayo, pukul aku dengan itu!
1003,20006,Saya siap beraksi! Ayo, Pelatih! Apakah kamu belum siap?
1003,20007,Oke, ayo lakukan ini! Pastikan kamu terus mengawasiku!
1003,20008,Hei, apakah kita akan berlatih hari ini juga? Aku benar-benar sedang tidak mood.
1003,20009,Hrrm, badanku terasa berat. Saya tidak tahu kenapa.
1003,20010,Aku akan lari, jika kamu bersikeras... <i>Siiiigh...</i> Aku tahu aku bisa menang tanpa harus melakukan ini.
1003,20011,Saya tidak dapat menemukan motivasi karena beberapa alasan. Argh! Dan aku benar-benar ingin lari juga!
1003,20021,Balapan lain? Saya akan menjalankannya, jika Anda mau... tetapi bukankah saya sering melakukannya akhir-akhir ini?
1003,20022,Apa? Lagi?! Saya suka balapan, tapi balapan sepanjang waktu melelahkan!
1003,20023,Wah, saya merasa luar biasa! Heh, sepertinya legenda Teio yang perkasa akan terus bertahan dalam ujian waktu!
1003,20024,Awasi saya baik-baik, Pelatih! Saya akan mengalahkan kemenangan itu seolah-olah bukan apa-apa, jadi Anda mungkin melewatkannya jika Anda berkedip!
1003,20025,Saya pasti akan menang, jadi mungkin saya harus mulai memikirkan apa yang harus saya katakan ketika saya berada di podium! ♪
1003,20026,Persiapannya terlihat bagus! Oke, aku akan menyelesaikan kemenangan ini dalam sekejap!
1003,20027,Hehe! Betapa bodohnya seseorang menantang Teio yang tak terkalahkan! ♪ Aku akan meninggalkan semuanya dalam debu!
1003,20028,Aww, aku ingin keluar sana dan berlari seperti angin sekarang! Saya tidak sabar untuk memulainya!
1003,20029,Tidak apa-apa! Tidak berkeringat! Saya yakin saya akan menang jika saya berlari dengan cara biasa!
1003,20030,Hei, menurutmu Prez ada di sini mengawasiku?
1003,20031,Oke, aku berangkat! Aku akan bekerja keras hari ini juga!
1003,20032,Oh, ini sudah waktunya balapan? Maaf, kepalaku berada di awan sebentar.
1003,20033,Aku hanya tidak merasakannya karena suatu alasan... Tapi aku harus mulai menikmatinya begitu balapan dimulai...
1003,20034,Aku mungkin merasa sedikit tidak enak, tapi aku punya ini di dalam tas! Percayalah padaku!
1003,20035,Aku adalah Umamusume yang tak terkalahkan, jadi ini bukan apa-apa, sungguh!
1003,20036,Aku benar-benar tidak ingin kalah! Anda mungkin khawatir, tapi saya akan menang! Anda akan lihat!
1003,20037,Aku mungkin sedang tidak dalam kondisi terbaik, tapi itu bukan alasan karena aku akan menjadi Umamusume yang tak terkalahkan!
1003,20038,Ah ya!
1003,20039,Saatnya memulai!
1003,20040,Ini dia!
1003,20041,hehe! ♪
1003,20042,Hah?
1003,20043,Ugh, ayolah!
1003,20046,Ayo berangkat!
1003,20047,Itu laut!
1003,20049,Saya cukup kuat, ya?
1003,20050,Terima kasih, Pelatih!
1003,30000,Aku tidak akan kalah lain kali!
1003,30001,Saya sangat dekat!
1003,30002,Hmph, itu tidak cocok bagiku!
1003,30003,Ini pasti suatu kesalahan!
1003,60000,Saatnya konser! Ehehe, aku tidak sabar! ♪
1003,60001,Pastikan Anda tidak melewatkannya!
1003,70001,Mari kita teruskan hal baik ini, Pelatih! Anda sangat penting bagi legenda Teio yang tak terkalahkan!
1003,90000,Pagi! Saya akan melakukan upaya yang solid lagi hari ini dalam perjalanan saya untuk menjadi juara Triple Crown yang tak terkalahkan!
1003,90001,ehem. Pengumuman untuk semua! Teio yang perkasa telah tiba di akademi! Beri jalan! ...Kedengarannya cukup sah, ya? ♪
1003,90002,Kami baru saja mengadakan kuis mendadak, dan saya adalah satu-satunya di kelas yang mendapat nilai sempurna! Bukan berarti Anda mengharapkan sesuatu yang kurang, bukan?
1003,90003,Hei, apakah kamu melihat Prez? Ugh, aku <i>sangat</i> ingin makan siang bersamanya hari ini!
1003,90004,Kerja bagus, Pelatih! Mmhmm, kamu sudah bekerja keras untukku lagi hari ini! ♪
1003,90005,Anda akan keluar saat ini juga? Aku telah berkeliaran di sekitar tempat itu karena aku belum bisa menghilangkan semua kegelisahan dari tubuhku.
1003,90006,Booooo! Prez memberikan seluruh perhatiannya kepada siswa baru. Boooriiiiing! Aku berharap dia juga menunjukkan cinta padaku!
1003,90007,Hei, ayo kita tangkap kumbang badak yang sangat kuat! Bahkan Golshi pun punya satu!
1003,90008,Mau mencoba menari di atas dedaunan yang berguguran bersamaku? Suaranya yang renyah menggelitik di tempat yang tepat!
1003,90009,Akhir-akhir ini cuaca menjadi dingin. Ah, kalau cuacanya dingin sekali, kuharap hanya turun salju jadi kita bisa bermain di dalamnya.
1003,91000,Dari semua orang yang satu angkatan denganku, McQueen adalah salah satu orang yang aku tidak ingin kalah. Aku akan mengalahkannya di balap dan akademis!
1003,91001,Ayo pergi ke arcade kapan-kapan! Saya cukup yakin bisa mengalahkan Anda di pertandingan apa pun, Pelatih! ♪
1003,91002,Balapan itu bagus, tapi menari juga keren! Maksudku, orang-orang terkesan padaku!
1003,91003,Ayah dan ibuku sering menelponku. Mereka sebenarnya tidak perlu terlalu khawatir.
1003,91004,Hei, adakah yang ingin kamu ketahui? Hehehe, aku tahu sedikit tentang rumor yang beredar di sekolah.
1003,91005,Apa pendapatmu tentang pakaian ini?! Tampak hebat, ya? Aku akan pergi menunjukkan Prez nanti!
1003,91006,Tarianku juga sempurna! Saya akan mencuri perhatian dengan Teio Step saya dan menarik perhatian semua orang!
1003,91007,Tujuan saya adalah menjadi juara Triple Crown terkuat dan tak terkalahkan! Aku akan mewujudkannya dengan pakaian ini!
1003,91008,Lihat jubah merahku dan pola di lengan bajuku! Ehehe, saya membuatnya agar sesuai dengan Prez! ♪
1003,91009,<i>Yaaawn...</i> Aku bermain game sepanjang malam dengan Mayano kemarin. Tapi jangan beri tahu Prez, oke?
1003,91010,Sofa di kantor OSIS bagus dan empuk. Ini tempat terbaik untuk tidur siang, tapi Air Groove jadi sangat marah.
1003,91011,Saya sering mendengarkan musik klasik ketika saya tidak bisa tidur. Ini sangat membosankan sehingga membuat saya langsung pingsan, jadi saya sangat merekomendasikannya kepada Anda juga!
1003,91012,Kafetaria mempunyai sesuatu yang disebut "Bubur Tujuh Ramuan untuk Kemenangan Tujuh Mahkota!" sebagai bagian dari menu musim semi mereka... Blech, rasa pahitnya masih menempel di mulutku.
1003,91013,Rasanya <i>menakjubkan</i> menyelam ke dalam kolam dari papan loncat! Saya akan mencoba melompat dari yang tertinggi lain kali! ♪
1003,91014,Pohon kesemek penuh dengan buah, jadi saya melompat untuk mengambilnya, dan semua orang bersorak dan bertepuk tangan untuk saya!
1003,91015,Sebuah tembakan?! <i>Huh...</i> Tapi aku tak terkalahkan! Tidak mungkin saya sakit...
1003,92000,Hei, apa yang kita lakukan hari ini? Mari kita mulai!
1003,92001,Pelatih, apa selanjutnya? Serahkan semuanya padaku!
1003,92002,Peregangan selesai! Tubuhku sangat fleksibel! Aku seperti spageti!
1003,92003,Oh ya, waktunya latihan! Perhatikan baik-baik, karena Anda pasti akan terkesan!
1003,92011,Beri aku latihan yang <i>suuuuuper</i> keras! Tolong? Seperti yang dilakukan Prez!
1003,92005,Saya tidak akan berhenti sampai saya menjadi pembalap terkuat! Dan kamu selalu bersamaku, kan?
1003,92006,Aku akan bekerja keras untuk mendapatkan tempat pertama dan <i>benar-benar</i> dibanjiri sorakan!
1003,92007,Saya tidak ingin kalah dari diri saya sendiri atau orang lain, tidak sekali pun! Oke, ayo mulai latihan!
1003,93000,Saya telah membuktikan legenda Teio yang tak terkalahkan!
1003,93001,Kita yang terkuat selama kita bersama!
1003,95000,Aku akan menjadi Teio yang tak terkalahkan!
1003,95001,Saya tidak punya batasan, hanya kemungkinan!
1003,95003,Ini dia Tokai Teio!
1003,95004,Saya harap Anda siap, karena Anda akan menyaksikan legenda Teio yang tak terkalahkan!
1003,1008,Semuanya, ayo bersemangat!
1003,1013,Saya bisa bersama Prez!
1003,1014,Mayano, ayo pergi!
1003,1043,Siapa Takut! ♪
1003,1137,Saya suka energi Anda! ♪
1003,1000,Kita akan menang!
1003,1001,Ehehe! Hasilnya tidak mengejutkan!
1003,1003,Ehehe, itu intens sekali!
1003,1002,Bagaimana saya bisa kalah?!
1003,1004,Inilah kekuatan kami yang sebenarnya!
1003,1007,Hore! Skor tinggi baru!
1003,1006,Ehehe, itu intens sekali!
1003,1005,Bagaimana saya bisa kalah?!
1003,120000,Aku penuh dengan kekuatan!
1003,140000,Kamu bisa!
1003,140001,Hore! Anda mengerti, Anda mengerti!
1003,140002,Apa?! Itu jatuh...
1003,140003,Lihat lihat! Hasil tangkapan yang sangat besar!
1003,140004,Cukup mengesankan.
1003,140005,Awww, ya, itu mengecewakan!
1003,140006,Lihat lihat! Hasil tangkapan yang sangat besar!
1003,140007,Cukup mengesankan.
1003,140008,Eheheh...
1003,140009,hehe.
1003,140010,Hmm-hm-hmmm! ♪
1003,140011,Whooooo!
1003,140014,Grr!
1003,140015,Hehehehehe!
1003,140016,Hei, hei!
1003,140012,Wahoooo!
1003,140013,Yaaay!
1003,140017,Apa-apaan ini?! Ugh.
1003,140018,Urgh!
1003,40000,Teio yang hebat dan perkasa akan menang!
1003,40001,Yang Terakhir! Tak terkalahkan! Langkah Teio!
1003,30004,hehe! Apakah kamu melihat? Kekuatan sebenarnya dari Teio yang perkasa!
1003,30005,Tidak ada keringat sama sekali! Saya akan mendapatkan tempat pertama lain kali juga!
1003,31000,Ini dia!
1003,13,Inilah bonus login hari ini!
1003,15,Anda akan mendapatkan ini besok!
1003,110000,Ingin langsung mengikuti pelatihan?
1003,110001,Mhm, mhm. Banyak hal menarik untuk didengar.
1003,110002,Ooh, mau ikut lomba?
1003,10021,Hei, sepertinya level Arsip Umamusume sudah naik.
1003,20051,Oke, waktunya bersemangat!
1003,70000,Aku akan melakukan yang terbaik untuk menjadi Raja!
1003,95005,Silakan dan andalkan saya sebanyak yang Anda mau!
1003,95006,Tidakkah menurutmu aku masih punya ruang untuk berkembang?
1003,70004,hehe. Aku terlihat seperti siswa teladan, kan?
1003,70010,Tentu saja aku punya pakaian yang cocok dengan milik Prez.
1003,70008,Tadaaa! Ramping dan imut, ya!
1003,70014,Aku akan berdiri tegak di tengah panggung, jadi nantikan aku!
1003,70009,Teio yang tak terkalahkan ada di sini!
1003,70015,Saya akan memastikan Anda melihat saya menang dengan mengenakan ini!
1003,71004,hehe. Aku terlihat seperti siswa teladan, kan?
1003,71010,Tentu saja aku punya pakaian yang cocok dengan milik Prez.
1003,71008,Tadaaa! Ramping dan imut, ya!
1003,71014,Aku akan berdiri tegak di tengah panggung, jadi nantikan aku!
1003,71009,Teio yang tak terkalahkan ada di sini!
1003,71015,Saya akan memastikan Anda melihat saya menang dengan mengenakan ini!
1003,2030,Kita akan menang!
1003,2031,Semuanya, ayo bersemangat!
1003,2032,Terima kasih, Pelatih!
1003,2033,Aww, aku ingin keluar sana dan berlari seperti angin sekarang! Saya tidak sabar untuk memulainya!
1003,2034,Saya pasti akan menang, jadi mungkin saya harus mulai memikirkan apa yang harus saya katakan ketika saya berada di podium! ♪
1003,2035,Terima kasih, Pelatih!
1003,90010,Fiuh... Aku dipasangkan dengan McQueen untuk jogging, jadi aku sudah keluar semua sejak pagi ini.
1003,90011,Sayang! Sayang! Sayang! Tidak ada yang mengalahkan madu di pagi hari!
1003,90012,Hei, dengarkan! Saya mengunjungi ruang kelas siswa yang lebih muda saat makan siang, dan mereka meminta tanda tangan saya! ♪
1003,90013,<i>Yaaaaawn...</i> Aku sangat mengantuk setelah makan siang... Sepertinya aku akan tidur siang sebentar di kantor OSIS...
1003,90014,Terima kasih telah menemaniku sampai larut malam! Tinggikan harapanmu karena aku akan memenuhi semuanya!
1003,90015,Apakah siswa yang lebih muda sampai di rumah dengan baik? hehe! ♪ Adalah tugas siswa yang lebih tua untuk menjaga mereka! ♪
1003,90016,Satsuki Sho dan Derby... Musim semi penuh dengan begitu banyak balapan! Tapi aku akan memenangkan semuanya!
1003,90017,Aku merasa semua orang menjaga jarak dariku. Apa karena bajuku terlihat panas? Hehehe, aku akan mengejar mereka!
1003,90018,Tidak ada yang memperhatikanku jika aku bersembunyi di balik dedaunan yang berguguran dengan mengenakan pakaian ini! Mari kita lihat... siapa yang harus aku takuti selanjutnya?
1003,90019,Musim dingin berarti liburan! Anda tahu, Anda melihat banyak warna merah dan hijau sepanjang tahun ini! Itu seperti pakaian yang saya dan Prez kenakan!
1003,91016,Sepertinya murid-murid yang lebih muda sangat mengagumi Alam... Grr, aku ingin mereka mengandalkanku juga!
1003,91017,Pernahkah Anda melihat pakaian balap khas McQueen yang baru? Skema warnanya bagus sekali! Tapi tidak sebaik milikku. ♪
1003,91018,Turbo menantangku, tapi dia tidak mengatakan kapan, di mana, atau untuk apa... Aku benar-benar ingin tahu!
1003,91019,Trik menuju Langkah Teio? Anda cukup memberikannya sedikit "ketuk, ketuk, ketuk ketuk"! Mudah, bukan?
1003,91020,Apakah kamu melihat bagaimana Kita menatapku? Matanya berbinar-binar! Ehehe, aku juga harus melakukan yang terbaik! ♪
1003,91028,Aku tidak akan pernah menyerah pada mimpiku! Saya membuat pakaian balap ini dengan tekad seperti itu sebagai intinya!
1003,91029,Yeowch! Semangatku untuk bertarung membara! ...Cuma bercanda! Tapi hatiku benar-benar panas membara! ♪
1003,91021,Hei, bangun! Aku bisa memberimu sedikit maduku jika kamu merasa tidak enak badan.
1003,91022,McQueen mengundangku makan siang, tapi dia jadi kesal saat aku menyantap makanan penutup. Apa yang harus saya lakukan?
1003,91023,Palmer dan Helios mengundangku pergi ke karaoke setelah ini! Mereka berdua sangat menyukainya, jadi saya sangat bersemangat! ♪
1003,91024,Musim ini terasa luar biasa. Saya merasa bisa berlari selamanya! Saya benar-benar bisa menjalankan balapan jarak jauh dalam cuaca seperti ini, tanpa keringat!
1003,91025,Tidak ada yang menandingi es serut di hari yang panas. Saya menyukai rasa madu-lemon! Ini juga cocok untuk berolahraga! ♪
1003,91026,Aduh! Ugh... Apa aku masuk angin karena perubahan suhu yang tiba-tiba? Aku benci rumah sakit... Aku akan tidur lebih awal.
1003,91027,Tidak. Hari ini dingin sekali... Hah, apa yang kamu lakukan? Mengulurkan tanganmu padaku tidak akan menghangatkanmu, tahu?
1003,92015,Semuanya siap berangkat! Saya sangat bersemangat!
1003,92016,Pukul saya dengan latihan tersulit yang Anda punya!
1003,92017,Ya, aku ikut!
1003,92018,Aku akan menjadi yang terbaik! Ayo pergi!
1003,92020,Suatu hari nanti aku akan berlari secepat Prez! Jadi aku harus cepat!
1003,92021,Baiklah, aku ada di tanganmu. Kami memiliki apa yang mereka sebut ikatan tak terucapkan. ♪
1003,92022,Kita akan menjadi legenda! Kami sedang dalam perjalanan untuk menjadi tak terkalahkan! Yang terkuat dari semuanya!
1003,93004,hehe! Ini adalah awal dari kisah legendaris kami! ♪
1003,93005,Terima kasih telah menjadikanku yang terkuat!
1003,95007,Lihat aku! Saya menjadi lebih kuat lagi!
1003,95008,Kekuatanku tidak mengenal batas, hanya kemungkinan!
1003,95010,Saya Tokai Teio! Yang perkasa dan berkuasa!
1003,70016,Lihat ini! Sekarang inilah pakaian balap yang cocok untuk seorang raja!
1003,70017,Wah hati-hati! Tidak ingin membakar diri sendiri.
1003,71016,Lihat ini! Sekarang inilah pakaian balap yang cocok untuk seorang raja!
1003,71017,Wah hati-hati! Tidak ingin membakar diri sendiri.
1003,95009,Saya tidak akan pernah menyerah! Karena aku akan menjadi pembalap terhebat dalam sejarah!
1003,40003,Aku akan menang suuuuure!
1003,40004,Saya bisa merasakannya! <i>Ohhh!</i> Ini adalah awal dari legendaku!
1003,30006,Melompat! Melangkah! Kemenangan besar! Ayolah aku!
1003,30007,Tidak ada keringat sama sekali! Saya akan mendapatkan tempat pertama lain kali juga!
1003,400000,Berlari terasa sangat menyenangkan! Saya akan menunjukkan kepada semua orang betapa kerennya saya! ♪
1003,400002,What's the key to my success? Hehe... Itu rahasia! ♪
1003,81000,Hmph! Teio yang hebat dan perkasa menerima tantangan ini!
1003,81001,Semakin kuat lawannya, semakin bersemangat aku. Tapi pemenangnya tentu saja aku!
1003,70018,Keren abis!
1003,70019,Saya adalah Raja yang Tak Terkalahkan!
1003,71018,Keren abis!
1003,71019,Saya adalah Raja yang Tak Terkalahkan!
1003,90020,Selamat Hari Valentine!
1003,90021,Selamat Hari Valentine!
1004,10000,Jika saya ingin menjadi panutan bagi anak-anak ini, maka saya harus melakukan yang terbaik dalam balapan saya!
1004,10001,Anda membuat wajah paling lucu setiap kali Anda berada di kursi penumpang. Itu membuatku ingin melaju lebih cepat! ♪
1004,10101,Anda membuat wajah paling lucu setiap kali Anda berada di kursi penumpang. Itu membuatku ingin melaju lebih cepat! ♪
1004,10002,Baik itu mengemudi atau balapan, saya akan membawa kita dengan kecepatan penuh sampai kita mencapai tujuan. Jadi bertahanlah erat-erat! ♪
1004,10003,Selamat tahun baru. Saya berharap dapat menghabiskan satu tahun lagi bersama Anda! hehe!
1004,10103,Selamat tahun baru. Saya berharap dapat menghabiskan satu tahun lagi bersama Anda! hehe!
1004,10004,Beberapa siswa yang lebih muda memberi saya coklat karena selalu membantu mereka! Oh, bukankah itu yang paling manis! ♪
1004,10005,Ini—cokelat buatan tangan dari Anda sungguh! Mereka penuh dengan cinta. Satu gigitan dan Anda akan jungkir balik! ♪
1004,10006,I know a great place for stargazing. Agak jauh, tapi bagaimana kalau kita berkendara ke sana untuk Tanabata?
1004,10007,Selamat Halloween! Sejujurnya, siapa yang butuh suguhan jika Anda bisa melakukan trik yang menyenangkan! hehe! ♪
1004,10008,Selamat berlibur! Musim ini memenuhi saya dengan semangat pesta! ♪
1004,10009,Saya suka berkendara, tapi alangkah baiknya jika sesekali berjalan-jalan dan mengagumi lampu-lampu liburan. ...Apakah kamu ada waktu luang malam ini?
1004,10010,Ini hampir akhir tahun... Sejak aku bertemu denganmu, waktu berjalan cepat.
1004,10110,Ini hampir akhir tahun... Sejak aku bertemu denganmu, waktu berjalan cepat.
1004,10011,Hei, apa yang ingin kamu lakukan? Ini hari ulang tahunmu. Anda bisa meminta apa saja kepada saya. ♪
1004,10111,Hei, apa yang ingin kamu lakukan? Ini hari ulang tahunmu. Anda bisa meminta apa saja kepada saya. ♪
1004,10012,Selamat ulang tahun! Hehe... Aku atau kamu makin percaya diri?
1004,10013,Siswa yang lebih muda benar-benar tahu cara membuat seorang gadis merasa istimewa! Hehe, bukankah ulang tahun adalah hari yang terbaik? ♪
1004,10014,Aku memastikan jadwalku kosong hari ini. Maukah kamu mengajakku keluar untuk merayakannya? Kita punya banyak waktu di dunia.
1004,10015,Ada pemberitahuan baru. Maukah Anda memeriksanya dan memberi saya penjelasannya nanti? ♪
1004,10016,Sebuah hadiah telah dikirimkan. Aku ingin tahu apa itu? Ooh, aku sangat bersemangat!
1004,10017,Kami menyelesaikan misinya! ♪ Aku tahu kamu bisa melakukannya! Aku akan mengajakmu jalan-jalan untuk merayakannya!
1004,10117,Kami menyelesaikan misinya! ♪ Aku tahu kamu bisa melakukannya! Aku akan mengajakmu jalan-jalan untuk merayakannya!
1004,10018,Sepertinya ada acara yang akan datang. Pastikan untuk mengosongkan jadwal kami! ♪
1004,10118,Sepertinya ada acara yang akan datang. Pastikan untuk mengosongkan jadwal kami! ♪
1004,10019,Ada peristiwa yang sedang terjadi saat ini. Yuk, kita periksa!
1004,20000,Hmm... Aku benar-benar kelelahan. Aku tidak bisa membiarkan gadis kecilku melihatku seperti ini.
1004,20001,Error 504 (Server Error)!!1504.That’s an error.There was an error. Please try again later.That’s all we know.
1004,20002,Aku merasa asyik, sayang! Saya menempelkan pedal ke logam, jadi cobalah untuk tidak ketinggalan!
1004,20102,Aku merasa asyik, sayang! Saya merekatkan pedal ke logam! Cobalah untuk tidak ketinggalan!
1004,20003,Saya bisa terus berjalan selama diperlukan! Pindah ke gigi paling atas, karena kita akan melaju dengan kecepatan penuh!
1004,20004,Saya yakin anak-anak kecil akan melihat saya berlatih, jadi saatnya untuk bekerja sekuat tenaga!
1004,20005,Saya siap lari jarak jauh! Saya tidak sabar untuk merasakan angin menerpa wajah saya! ♪
1004,20006,Saya siap berangkat! Beri aku lampu hijau saja! ♪
1004,20007,Kamar, kamar! Ayo lakukan ini!
1004,20008,Aku harus tetap memperhatikan jalan... Ah, jangan pedulikan aku! Saya 100% baik-baik saja! ♪
1004,20108,Aku harus tetap memperhatikan jalan... Ah, jangan pedulikan aku! Saya 100% baik-baik saja! ♪
1004,20009,Kakiku terasa sangat lelah... tapi aku tidak bisa membiarkan siapa pun melihatku keluar dari alurku.
1004,20010,Maaf, sepertinya aku kehabisan tenaga... Tapi kamu tidak melakukan apa pun.
1004,20110,Maaf, sepertinya aku kehabisan tenaga... Tapi kamu tidak melakukan apa pun.
1004,20011,Biasanya angin mencerahkan suasana hatiku, tapi tidak hari ini, kurasa. Kenapa ya...
1004,20021,Saya selalu bersemangat untuk balapan lagi... Tapi pit stop juga penting.
1004,20022,Saya senang Anda memercayai kemampuan saya, tetapi balapan sebanyak ini mungkin agak berlebihan...
1004,20023,Saya bersemangat dan siap untuk berguling! Tidak ada yang lebih baik daripada angin di wajah Anda saat Anda dalam kondisi prima!
1004,20024,Tangki saya penuh dan kepanasan! Saatnya untuk mencapai kecepatan maksimal dan meninggalkan semuanya dalam debu saya!
1004,20025,Bagaimana perasaanku? Benar-benar di-wax dan digosok! Saya bisa berlari sejauh\nmil! ♪
1004,20026,Saya punya beberapa penggemar di tribun. Hehe, kepercayaan diri yang luar biasa\nmeningkatkan! ♪
1004,20027,Saya dalam kondisi prima. Saya tidak bisa melakukannya tanpa Anda, jadi kemenangan berikutnya adalah untuk kita berdua! ♪
1004,20127,Saya dalam kondisi prima. Saya tidak bisa melakukannya tanpa Anda, jadi kemenangan berikutnya adalah untuk kita berdua! ♪
1004,20028,Ini adalah balapan besar bagi saya. Menurutmu aku akan kalah? Seolah olah! Mesin saya berputar untuk berangkat!
1004,20029,Perlombaan akan segera dimulai. Anda sebaiknya mendukung saya!
1004,20129,Perlombaan akan segera dimulai. Anda sebaiknya mendukung saya!
1004,20030,Tidak peduli siapa yang aku lawan, aku akan berlomba sekuat tenaga!
1004,20031,Baiklah, aku berangkat! Jangan berani-berani mengalihkan pandanganmu dariku, dengar?
1004,20032,Saya mungkin belum sepenuhnya siap, tetapi saya bisa melakukannya! Percaya saja padaku—segalanya mungkin!
1004,20033,Ini mungkin tidak sempurna, tapi... selama kamu memperhatikanku, aku akan baik-baik saja!
1004,20133,Ini mungkin tidak sempurna, tapi... selama kamu memperhatikanku, aku akan baik-baik saja!
1004,20034,Saya tidak terlalu percaya diri, tapi... kami telah melakukan yang terbaik yang kami bisa. Serahkan sisanya padaku!
1004,20035,Bukan berarti saya selalu bisa balapan dalam kondisi sempurna, lho? Memiliki sikap positif adalah kuncinya.
1004,20036,Betapapun buruknya perasaanku, aku tidak berniat kalah. Tidak saat kamu dan orang lain memperhatikanku.
1004,20136,Betapapun buruknya perasaanku, aku tidak berniat kalah. Tidak saat kamu dan orang lain memperhatikanku.
1004,20037,Bisakah aku melakukannya dengan baik seperti ini? Oh, tidak, tidak apa-apa!
1004,20038,Oke!
1004,20039,Aku punya ini!
1004,20040,Aku akan mengambil kemudi! ♪
1004,20041,Ayo lakukan!
1004,20042,<i>Huh...</i>
1004,20043,Oh tidak...
1004,20046,Ini dia! ♪
1004,20047,Ayo pergi!
1004,20049,Lari itu terasa luar biasa!
1004,20050,Terima kasih, Pelatih! ♪
1004,20150,Terima kasih, Pelatih! ♪
1004,30000,Hehe, lain kali aku tidak akan membiarkan siapa pun melewatiku.
1004,30001,Aku melakukannya dengan cukup baik, bukan?
1004,30002,Saya rasa saya meninggalkan terlalu banyak bahan bakar di dalam tangki.
1004,30003,Yah, ini secara resmi memalukan...
1004,60000,Woo, mesinku menyala-nyala! ♪
1004,60001,Saya akan membuat penonton menjadi heboh! ♪
1004,70001,Saya ingin tahu apakah saya akhirnya sudah cukup dewasa untuk menjadi teladan yang baik bagi semua orang.
1004,90000,Selamat pagi, Pelatih! Saya harap Anda siap, karena hari ini kita akan melaju dengan kecepatan penuh! ♪
1004,90100,Selamat pagi, Pelatih! Saya harap Anda siap, karena hari ini kita akan melaju dengan kecepatan penuh! ♪
1004,90001,Mari kita mulai hari ini dengan penuh semangat! Hidup adalah jalan raya—jadi mari kita berangkat!
1004,90002,Hai, yang di sana! Siap untuk membakar karet dalam beberapa latihan sore? ♪
1004,90003,Hai, Pelatih! Siap berangkat? Saya selalu siap untuk memulai pesta ini!
1004,90103,Hai, Pelatih! Siap berangkat? Saya selalu siap untuk memulai pesta ini!
1004,90004,Anda benar-benar bekerja keras hari ini. Saya harus bekerja dua kali lebih keras untuk mengikutinya! ♪
1004,90005,Saya tahu tempat dengan pemandangan indah di malam hari. Setelah semuanya selesai, kenapa kita tidak pergi ke sana untuk jalan-jalan?
1004,90006,Inilah saatnya kita mendapatkan kumpulan gadis-gadis manis yang benar-benar baru! Tazuna juga senang! Hehe, aku tidak sabar! ♪
1004,90007,Musim panas adalah waktunya mengemudi dengan angin menerpa rambut Anda, bukan menyalakan AC di dalam ruangan! Saya merasa seperti berkendara yang menyenangkan dan sangat lama di pantai!
1004,90008,Sangat menyenangkan berlari dengan kecepatan sangat tinggi di trek yang ditutupi dedaunan musim gugur! Cara mereka berputar sangat cantik!
1004,90009,Aki mobil akan lebih cepat mati saat cuaca menjadi dingin! Saya harus terus melakukan pemeliharaan!
1004,91000,Spe tampil luar biasa pada balapan hari ini. Saya akan selalu mendukungnya. Dia salah satu gadis manisku! ♪
1004,91001,Ibuku bilang dia menemukan toko yang sangat jelek beberapa hari yang lalu. Aku harus melakukannya juga!
1004,91002,Rudolf sangat bersemangat ketika dia bertanya kepada saya bagaimana cara berhubungan dengan anak-anak. Hehe, ternyata dia punya sisi manis dalam dirinya. ♪
1004,91003,Saya suka berlari, tetapi perasaan lepas landas dalam perjalanan panas saya berada pada level yang berbeda!
1004,91004,Sulit untuk terlihat manis di foto SIM... Maya pandai mengambil foto selfie. Saya harus meminta nasihatnya.
1004,91005,Aku tidak tampil hanya untuk penggemarku. Saya ingin semua orang bersenang-senang di konser saya—termasuk Anda dan saya!
1004,91105,Aku tidak tampil hanya untuk penggemarku. Saya ingin semua orang bersenang-senang di konser saya—termasuk Anda dan saya!
1004,91006,Konser bukan hanya tentang menyanyi. Menari sama pentingnya. Saat sorotan menyorotku, inilah waktunya demam menari!
1004,91007,Ketika saya tiba di lapangan, saya perlu menunjukkan kepada semua orang apa sebenarnya "Hot Rod" ini!
1004,91008,Pakaian balap khas yang disempurnakan ini selalu membuatku merasa terpukul! ♪ Saya siap untuk memperkecil!
1004,91009,Mandi di pagi hari adalah tempatnya. Lihat, ekorku sangat halus. Ingin merasakannya? ...Haha, psikis! ♪
1004,91010,Saya makan banyak makanan penutup saat makan siang. Tiramisu, nata de coco... Sedang populer saat ini! ♪
1004,91011,Angin terdengar begitu jernih saat aku berlari dalam kesunyian malam. Itu membuatku merasa lebih cepat dari biasanya!
1004,91012,Bunga sakura di malam hari sungguh indah. Jika saya tinggal di asrama dan mempunyai jam malam, saya tidak akan pernah bisa bertemu mereka. Saya sangat beruntung! ♪
1004,91013,Hujan turun deras selama musim panas, jadi saya tidak bisa berkendara dengan jendela yang terlalu terbuka. Itu sebabnya saya harus memanfaatkan hari-hari cerah sebaik-baiknya!
1004,91014,Saya merasa ingin membajak dedaunan musim gugur dengan mobil saya! Aku menjadi pusing hanya dengan memikirkannya!
1004,91015,Ayah saya mengajari saya balet. Kami berlatih Nutcracker bersama setiap musim dingin...
1004,92000,Aku siap berangkat! ♪ Jadi, kita mulai dengan apa?
1004,92001,Woo-hoo! Saya benar-benar membakar karet di sana!
1004,92002,Kamar, kamar! Saatnya melepaskan\nmelepaskan diri! ♪
1004,92003,Hanya karena aku berlatih bukan berarti aku tidak bisa bersenang-senang juga! Hehe, ayo pergi! ♪
1004,92011,Saatnya memacu kecepatan penuh dan membakar karet! Aku akan menjalani apa pun yang kamu lemparkan padaku seolah itu bukan apa-apa!
1004,92005,Apapun program pelatihan yang Anda buat, saya akan mengikuti petunjuk Anda. Anda selalu merencanakan sesuatu yang menyenangkan! ♪
1004,92006,Apapun program pelatihan yang Anda buat, saya akan mengikuti petunjuk Anda. Anda selalu merencanakan sesuatu yang menyenangkan! ♪
1004,92007,Balapan dan latihan adalah satu hal yang sama. Yang harus saya lakukan hanyalah menikmati diri saya sendiri. Anda akan lihat! ♪
1004,92008,Balapan dan latihan adalah satu hal yang sama. Yang harus saya lakukan hanyalah menikmati diri saya sendiri. Anda akan lihat! ♪
1004,92009,Jika saya Supercar, itu menjadikan Anda pengemudinya. Latih aku dengan baik agar aku bisa berlari dengan kecepatan tinggi!
1004,92010,Jika saya Supercar, itu menjadikan Anda pengemudinya. Latih aku dengan baik agar aku bisa berlari dengan kecepatan tinggi!
1004,93000,Saya merasa luar biasa! Dan itu semua berkat kamu! ♪
1004,93001,Saya merasa luar biasa! Dan itu semua berkat kamu! ♪
1004,93002,Saya ingin tahu apakah Anda sudah terkesan.
1004,93003,Saya ingin tahu apakah Anda sudah terkesan.
1004,95000,Ya, sekarang kita sedang bicara!
1004,95001,Kami semakin maju dalam persaingan! ♪
1004,95003,Hai! Saya Maruzinsky!
1004,95004,Aku akan meningkatkan segalanya. Cobalah untuk mengikuti!
1004,1008,Mari kita berlomba hebat hari ini, semuanya!
1004,1015,Anda siap untuk ini?
1004,1016,Kamu punya ini, Rice!
1004,1010,Mari kita berdua melakukan yang terbaik!
1004,1131,Saleh yang saleh! ♪
1004,1000,Saatnya membakar karet!
1004,1001,Ternyata ini luar biasa!
1004,1003,Itu dasi?! Benar-benar luar biasa!
1004,1002,Oh tidak, kami kalah...
1004,1004,Kami berhasil! Kami menang!
1004,1007,Lihat! Saya mendapat skor tinggi baru!
1004,1006,Itu dasi?! Benar-benar luar biasa!
1004,1005,Oh tidak, kami kalah...
1004,120000,Ooh, aku terbakar!
1004,140000,Kamar, kamar! Ayo lakukan ini!
1004,140001,Hore!
1004,140002,Apa?!
1004,140003,Lihat! Kami mendapatkan jackpot!
1004,140004,Ini bomnya!
1004,140005,Awww, ini lubangnya.
1004,140006,Lihat! Kami mendapatkan jackpot!
1004,140007,Ini bomnya!
1004,140008,Ha ha!
1004,140009,Heehee!
1004,140010,Heehee. ♪
1004,140011,Tidak buruk sama sekali!
1004,140014,Apa?! Aduh...
1004,140015,hehe!
1004,140016,Tangkap mereka!
1004,140012,Sungguh luar biasa! ♪
1004,140013,Ohhhh!
1004,140017,Aduh...
1004,140018,Ugh...
1004,40000,Baiklah, saya mendapat lampu hijau!
1004,40001,Saya akan menunjukkan kepada Anda siapa yang memiliki mesin terbaik! Lihat aku melaju dengan kecepatan penuh!
1004,30004,Itu luar biasa! Saya tidak sabar menunggu yang berikutnya!
1004,30005,Hehe, lain kali aku akan berada di depan!
1004,31000,Ini dia!
1004,13,Ini adalah bonus masuk hari ini!
1004,15,Anda akan mendapatkan ini besok!
1004,110000,Oh? Anda ingin berlatih?
1004,110001,Saya jadi asyik membaca ini!
1004,110002,Haruskah kita mengikuti perlombaan?
1004,10021,Sepertinya level Arsip Umamusume naik!
1004,20051,Mari kita bakar karet selagi kita masih muda!
1004,70000,Beri aku semua balapan menyenangkan yang kamu punya! ♪
1004,95005,Bukankah aku tampak seperti kakak perempuan yang bisa diandalkan?
1004,95006,Manisku akan selalu didahulukan!
1004,70004,Seragam sekolah kami adalah segalanya!
1004,70010,Menikmati kehidupan sekolah bersama teman-teman dan siswa lainnya... Senang rasanya menjadi muda!
1004,70008,Mengenakan pakaian konser saja sudah membuatku pusing!
1004,70014,Lihat aku bersinar di podium!
1004,70009,Pakaian balap khas saya yang berwarna merah menyala benar-benar membuat saya bersemangat!
1004,70015,Saya akan melewati garis finis dengan kecepatan tinggi! Lihat saja!
1004,71004,Seragam sekolah kami adalah segalanya!
1004,71010,Menikmati kehidupan sekolah bersama teman-teman dan siswa lainnya... Senang rasanya menjadi muda!
1004,71008,Mengenakan pakaian konser saja sudah membuatku pusing!
1004,71014,Lihat aku bersinar di podium!
1004,71009,Pakaian balap khas saya yang berwarna merah menyala benar-benar membuat saya bersemangat!
1004,71015,Saya akan melewati garis finis dengan kecepatan tinggi! Lihat saja!
1004,2030,Saatnya membakar karet!
1004,2031,Mari kita berlomba hebat hari ini, semuanya!
1004,2032,Terima kasih, Pelatih! ♪
1004,2036,Terima kasih, Pelatih! ♪
1004,2033,Ini adalah balapan besar bagi saya. Menurutmu aku akan kalah? Seolah olah! Mesin saya berputar untuk berangkat!
1004,2034,Bagaimana perasaanku? Benar-benar di-wax dan digosok! Saya bisa berlari bermil-mil! ♪
1004,2035,Terima kasih, Pelatih! ♪
1004,2037,Terima kasih, Pelatih! ♪
1004,90010,Pagi! Ooh, kamu terlihat lelah. Bagaimana kalau kita minum secangkir kopi?
1004,90011,Kolam renang di pagi hari begitu damai... Bagaimana kalau kita berenang pribadi?
1004,90012,Saya harap segera... Saya tidak sabar untuk pergi ke Bubblyland!
1004,90013,Kerja bagus hari ini! Kamu sudah makan siang belum? Bagaimana kalau kita makan makanan Italia? ♪
1004,90014,Ibuku mengirimiku sebuah paket yang penuh dengan segala macam barang. Hehe, dia benar-benar berlebihan kali ini.
1004,90015,Anak-anak kecilku adalah yang terbaik. Saya berharap mereka selalu memiliki senyum di wajah mereka.
1004,90016,Bunga sakura indah di siang hari, tapi juga bagus untuk dilihat di malam hari... Mungkin aku akan pergi jalan-jalan.
1004,90017,Langit biru, awan putih! Pemberhentian berikutnya—kita berangkat ke Bubblyland!
1004,90018,Bulan begitu indah di musim gugur. Anda akan bergabung dengan saya untuk minum setelah saya cukup umur, bukan?
1004,90019,Saya tidak takut dingin! Woo woo! ...Ooh, dingin sekali!
1004,91016,Sepertinya cuacanya akan bagus pada hari liburku berikutnya. Mungkin aku akan mencuci Tata.
1004,91017,Aku bisa ngobrol dengan ibuku tentang apa saja. ♪ Kami seperti teman baik.
1004,91018,Spe selalu terlihat sangat bahagia saat makan. Dia sangat berharga.
1004,91019,Terbang dengan kecepatan tinggi membuat Anda merasa segar! Bagaimana dengan itu? Kamu ada waktu luang malam ini?
1004,91020,Scarlet benar-benar murid yang bertanggung jawab... Tapi semakin banyak alasan untuk menjaganya.
1004,91028,Hehe, lihatlah kacamata hitam berbentuk hati ini. Kombo oranye-kuning yang paling lucu bukan?
1004,91029,Aku sudah menyelesaikan kukuku! Menurutku, itu disebut kuku gel... Salah satu gadis manisku bercerita tentang salon. ♪
1004,91021,Pagi! Mimpiku adalah tentang demam disko! ♪ Aku merasa keluar dari dunia ini!
1004,91022,Ciao, Pelatih. Sudahkah Anda mengunjungi kafe baru di depan stasiun?
1004,91030,Ciao, Pelatih. Sudahkah Anda mengunjungi kafe baru di depan stasiun?
1004,91023,Ingin pergi melihat laut di malam hari? Saya yakin angin akan terasa sejuk malam ini.
1004,91024,Bunga sakura berputar-putar ditiup angin... Kedengarannya sangat indah! Itu mungkin akan membuatku demam menari! ♪
1004,91025,Haruskah saya pergi ke kolam renang atau ke laut? Ah, mungkin aku akan pergi ke keduanya saja?
1004,91026,Salah satu anggota staf mengatakan kepada saya bahwa saat ini sedang musim ubur-ubur, jadi laut tidak boleh dikunjungi.
1004,91027,Apakah Anda tertarik berenang di musim dingin? Hei, aku hanya menarik rantaimu!
1004,92015,Aku benar-benar kehabisan gas! Saya akan mengambil kemudi dari sini!
1004,92016,Aku akan memanfaatkan hari ini semaksimal mungkin! ♪
1004,92017,Saya siap berkeringat—dan membakar karet!
1004,92018,Aku siap berangkat! Beri saya lampu hijau saja, Pelatih! ♪
1004,92023,Aku siap berangkat! Beri saya lampu hijau saja, Pelatih! ♪
1004,92020,Saya harus menjadi cita-cita yang dicita-citakan semua orang. ♪
1004,92021,Bagaimana kalau kita mengincar ketinggian yang hanya bisa kita capai?
1004,92022,Saya mengenal Anda, Pelatih. Anda akan membawa saya ke tempat yang benar-benar menakjubkan.
1004,92024,Saya mengenal Anda, Pelatih. Anda akan membawa saya ke tempat yang benar-benar menakjubkan.
1004,93004,hehe. Aku tidak akan pernah sampai di sini tanpamu... Terima kasih! ♪
1004,93006,hehe. Aku tidak akan pernah sampai di sini tanpamu... Terima kasih! ♪
1004,93005,Terima kasih telah membawaku ke titik ini. Anda memiliki rasa terima kasih saya yang terdalam dan terdalam! Di sana, aku mengatakannya! ♪
1004,95007,Bagus sekali, sayang! ♪
1004,95008,Segalanya mulai menjadi lebih panas! Woo hoo! ♪
1004,95010,ciao! Akulah yang selalu menjaga semua orang, Maruzensky!
1004,70016,Bagaimana menurutmu? Desainnya agak <I>dan</I> lucu—bagus untuk tubuh keren seperti saya, bukan?
1004,70017,Memakai ini saja sudah membuatku ingin berdansa! Ooh, la, la!
1004,71016,Bagaimana menurutmu? Desainnya agak <I>dan</I> lucu—bagus untuk tubuh keren seperti saya, bukan?
1004,71017,Memakai ini saja sudah membuatku ingin berdansa! Ooh, la, la!
1004,95009,Ini gadis musim panas yang panas! Sekarang mari kita panaskan! ♪
1004,40003,Ini demam musim panas sepanjang malam!
1004,40004,Merayu! Terima kasih, Nona Dolphin! ♪ ...Wah! Ahahaha! Ini sangat buruk!
1004,30006,Ah! Angin terasa luar biasa. Lain kali, aku akan melewatinya!
1004,30007,Hehe, lain kali aku akan berada di depan!
1004,400001,Aku ingin pergi ke disko dan kafe bersama semua gadis rumahanku yang cantik! ♪
1004,400008,Ya, kalian berdua mengerti! Semuanya akan 100% baik-baik saja!
1004,400009,Saya khawatir tentang apa yang akan terjadi... tapi perjalanannya mulus!
1004,400012,Ini adalah misi acara! Kita harus melakukannya!
1004,400013,Kerja bagus dengan misi acara! Hadiahnya ada di tangan Anda, wajan rumahan! ♪
1004,70018,asyik!
1004,70019,Mesin sudah siap. Saatnya mengemudi!
1004,71018,asyik!
1004,71019,Mesin sudah siap. Saatnya mengemudi!
1004,81000,Baiklah, jangan menahan diri. Saya meluncur cepat ke jalur cepat!
1004,81001,Sekarang mesinku menyala! Teruskan, jika Anda bisa.
1004,90020,Selamat Hari Valentine!
1004,90021,Selamat Hari Valentine!
1005,10000,Anda mungkin belum melihatnya, tapi saya akan menunjukkan pancaran... keajaiban yang luar biasa!
1005,10001,Anda dan saya berbagi sesuatu yang istimewa. Kami memiliki ikatan yang menyaingi semua yang lain. ...Dukungan Anda selalu kami hargai.
1005,10002,Di balik setiap keajaibanku ada orang yang menginspirasinya. Itu kamu, Pelatih.
1005,10003,Memanggil! Tahun Baru yang paling membahagiakan bagi Anda! Untuk trik berikutnya, saya akan menembakkan kembang api dari topi... Ah, tunggu, itu sebenarnya agak sulit.
1005,10004,Hai Trainer, apakah kamu penggemar coklat? Lalu, lihat ke dalam tas Anda. Haha, menurutku kamu akan menemukan kejutan yang <I>manis</I>! ♪
1005,10005,Ini... Aku sudah mengatur ini hanya untukmu. Haha, itu seharusnya hanya bercanda, tapi sekarang aku sudah melakukannya... Aku tersipu.
1005,10006,Jika itu aku, aku akan melintasi seluruh langit malam untuk bertemu Orihime. Sebuah keajaiban yang melebihi bintang-bintang!
1005,10007,Menipu atau mengobati! Hehehe. Sekarang, kejutan apa yang aku siapkan untukmu? ♪
1005,10008,Apakah Anda percaya pada Santa ketika Anda masih kecil? Saya masih percaya padanya. Karena itu membuat cerita menjadi lebih baik!
1005,10009,Selamat berlibur! Jika mungkin Anda tidak memiliki pengaturan sebelumnya, saya dengan senang hati akan mengantar Anda malam ini.
1005,10010,Kami sedang membersihkan asrama, tapi beberapa anak kecil memutuskan untuk berhenti dan lari. Ha ha! Sepertinya permainan sedang berlangsung!
1005,10011,Selamat ulang tahun! Saya ingin sekali mendapat kehormatan menjadikan hari ini salah satu hari terbaik dalam hidup Anda.
1005,10012,Aku hanya bisa tersenyum saat menyadari inilah hari kelahiranmu... Selamat Ulang Tahun, Pelatih.
1005,10013,Saya dianugerahi banyak hadiah. Saya harus berusaha membalas semua orang dengan lebih dari sekedar rasa terima kasih!
1005,10014,Saya sangat yakin bahwa Anda menganggap pantas untuk merayakan ulang tahun saya. Terima kasih banyak, Pelatih!
1005,10015,Sepertinya ada pemberitahuan baru. Anda harus melihat semuanya sebelum Anda lupa.
1005,10016,Ada hadiah di sini untukmu. Hehe, penasaran seberapa lebar senyummu saat membukanya.
1005,10017,Selamat menyelesaikan misi! Itu hanyalah hasil kerja kerasmu. Pekerjaan Anda akhirnya membuahkan hasil!
1005,10018,Tampaknya suatu peristiwa akan segera terjadi. Sebagai seniman, adalah tugas saya untuk ikut serta dalam perayaan ini!
1005,10019,Sebuah acara telah dimulai. Mari kita maju dan bersenang-senang!
1005,20000,Fiuh... Aku tidak bisa membiarkan kuda poni kesayanganku melihat wajah kuyu seperti itu.
1005,20001,Ngh... Sepertinya kesehatanku agak buruk.
1005,20002,Angkat tirainya! Saya siap untuk naik panggung. Ini akan menjadi penampilan saya yang paling spektakuler!
1005,20003,Apapun bebannya, aku akan memikulnya. Dalam pencobaan hari ini, waspadalah, karena secercah keajaiban akan muncul!
1005,20004,Ah, aku merasa sempurna! Tapi, apakah Anda siap untuk monolog Anda? Aku bercanda, aku bercanda!
1005,20005,Saya mendengar seruan pemujaan dari kuda poni kesayangan saya di antara penonton. Hehe, itu memberi semangat pada langkahku!
1005,20006,Semuanya beres di sisiku. Bagaimana kalau kita mulai?
1005,20007,Bagus, tidak ada hal buruk untuk dibicarakan! Saya akan memberi mereka penampilan yang sama seperti biasanya.
1005,20008,Ya ampun... Badanku terasa agak lesu. Namun, saya akan melakukan yang terbaik dari kemampuan saya.
1005,20009,Oh maaf. Aku melamun sejenak di sana. Ahem... Oke, mari kita kembali ke jalur yang benar.
1005,20010,Aku pasti lelah... Kemana perginya seluruh energiku?
1005,20011,Saya minta maaf. Aku merasa agak tidak enak badan. Dan setelah kamu meluangkan waktu untukku...
1005,20021,Balapan lain? ...Tidak, hanya saja aku khawatir dengan kondisi kakiku yang terus-menerus digunakan.
1005,20022,Bolehkah saya meminta istirahat dari balapan? Penting untuk terus menantang diri sendiri, namun istirahat juga diperlukan.
1005,20023,Mari wujudkan keajaiban dengan proporsi yang luar biasa hari ini!
1005,20024,Penampilan saya berikutnya akan memecahkan box office! Saatnya memberikan kejutan dalam hidup kepada pemirsa saya!
1005,20025,Sekarang, keajaiban apa yang harus saya lakukan pada balapan hari ini? Hehe... Aku tidak boleh merusaknya!
1005,20026,Di sana, saya bisa mencapai semua isyarat saya. Ini pasti akan sukses. Ke panggung!
1005,20027,Semua latihanku sudah selesai. Yang tersisa hanyalah menunggu tirai dibuka.
1005,20028,Perlombaan akan segera dimulai. Anda pasti ingin menjadi barisan depan untuk ini. Kerumunan akan menjadi liar.
1005,20029,Selama saya tetap berpegang pada dialog saya, pertunjukan ini akan sukses besar.
1005,20030,Kondisiku agak baik-baik saja. Yang tersisa hanyalah berhasil atau hancur.
1005,20031,Apa pun tahapannya, saya tetap mempertahankan kehadiran pikiran saya. Aku akan selalu mengikuti iramaku sendiri.
1005,20032,Saya akui pikiran saya berat, tetapi alasan tidak pantas. Saya akan mencurahkan jiwa saya pada balapan hari ini.
1005,20033,Saya berani bilang hati saya tidak tenang menghadapi balapan... Tapi pertunjukan harus tetap berjalan! Unggul!
1005,20034,Saya tidak bisa mengatakan ini akan menjadi pertunjukan blockbuster, tapi itu bukan alasan untuk menyerah. Saya akan mengambil jalan yang jarang dilalui!
1005,20035,Apapun resepsinya, saya akan bertindak sebaik mungkin.
1005,20036,Ini akan sulit, tapi aku akan melakukan apa yang aku bisa.
1005,20037,Aku tidak bisa membiarkan mereka melihatku dalam keadaan seperti itu.
1005,20038,Mari kita mulai!
1005,20039,Waktuku telah tiba!
1005,20040,Teruskan!
1005,20041,Ah, begitu.
1005,20042,Ughhh...
1005,20043,Aduh Buyung...
1005,20046,Ayo pergi!
1005,20047,Sungguh menyenangkan!
1005,20049,Saya telah menyadari potensi yang lebih besar karena Anda.
1005,20050,Sungguh menyenangkan, Pelatih!
1005,30000,Kurasa aku kekurangan sedikit saja.
1005,30001,Saya harus membuat penonton semakin kagum!
1005,30002,Waktu untuk keajaiban masih di depan mata...
1005,30003,Benar-benar... tampilan yang mengerikan.
1005,60000,Penonton <I>sepenuhnya</I> terpesona!
1005,60001,Saya adalah pembuat keajaiban—baik di dalam maupun di luar lintasan!
1005,70001,Menemukan lencana pelatih Anda adalah awal dari perjalanan kita bersama. Hehe, kenangan yang luar biasa.
1005,90000,Saya harus memikirkan sesuatu untuk membuat semua orang tersenyum pada hari pertama.
1005,90001,Jika Anda belum berbuka puasa, mau bergabung dengan saya? Para tukang tidur akan segera bangun. Saya harus menyiapkan pertunjukan yang luar biasa untuk mereka!
1005,90002,Bagaimana kalau kita minum teh sebelum latihan sore ini? Penampilan terbaik datang ketika kehidupan di luar panggung dinikmati sepenuhnya.
1005,90003,Bagaimana kalau kamu bergabung denganku di kafetaria untuk makan siang? Saya berjanji ini akan menjadi kebalikan dari membosankan.
1005,90004,Saatnya melakukan beberapa putaran. Saya berharap kuda poni kesayangan saya berperilaku terbaik.
1005,90005,Beri tahu saya jika Anda akan keluar terlambat. Jalanan bisa berbahaya di malam hari, jadi aku akan mengantarmu kembali ke kamarmu.
1005,90006,Musim semi adalah musim untuk awal yang baru. Aku ingin tahu kejutan macam apa yang harus aku persiapkan untuk rombongan kuda poni kesayangan terbaru?
1005,90007,Hati-hati terhadap serangan panas. Jika kamu merasa pingsan, pegang lenganku, dan... Oh, aku seharusnya tidak mengatakan itu! Ha ha!
1005,90008,Ada sebagian pelajar yang suka melompat langsung ke tumpukan dedaunan... Hehehe, hatinya polos sekali sampai susah marah.
1005,90009,Tanahnya licin karena es. Jadi pastikan Anda berjalan dengan kedua tangan terentang untuk menjaga keseimbangan.
1005,91000,Saya melihat ibu saya naik panggung sejak lama. Dia brilian. Saya yakin bahkan sekarang dia sudah mencapai puncaknya.
1005,91001,Aku sedang berlatih trik jari merokok ketika Hishiama berlari melewatiku dan bertanya padaku kapan aku berubah menjadi berandalan! Ha ha ha!
1005,91002,Brian selalu menggigit batangnya... Aku akan benar-benar menjatuhkan kaus kakinya jika aku membuatnya mekar. Ooh, aku harus mencobanya!
1005,91003,Saya suka ketika saya mengejutkan seseorang dan keterkejutannya berubah menjadi kegembiraan. Hehe, itu pemandangan yang tidak akan pernah membuatku bosan.
1005,91004,Biasanya aku yang melakukan kejutan, tapi Tachyon cenderung mendapatkan yang terbaik dariku... Hmm, aku tidak bisa membiarkan dia menang!
1005,91005,Entah itu di trek atau di panggung, ekspresi seseorang adalah kuncinya... Bagaimana aku terlihat di matamu?
1005,91006,Saya tidak menentang seragam yang lucu. Ini akan berbeda dari biasanya. Terlebih lagi untuk mengejutkan semua orang!
1005,91007,Beberapa orang memanggil saya Meteor Hitam. Saya kira pakaian ini adalah perwujudan yang cocok untuk itu.
1005,91008,Aku merasa aku bisa melakukan perjalanan ke ujung dunia bersamamu. Nah, itu adalah perasaan yang ajaib.
1005,91009,Seorang pemain harus selalu sadar akan penampilannya. Jadi, saya harus segera memperbaiki helaian rambut yang paling tersesat!
1005,91010,Kantin selalu ramai dengan kuda poni manis saat ini. Itu membuat makan siang menjadi paling riuh.
1005,91011,Saya memergoki seorang siswa melanggar jam malam, jadi saya membuatnya tersenyum dengan Fuji Jack-in-the-box saya yang telah dipatenkan. ...Tidak banyak hukumannya, ya?
1005,91012,Hishiama kembali memikirkan bunga sakura. Jadilah itu! Saya harus menyiapkan monolog agar sesuai dengan kesempatan ini!
1005,91013,Lautan memang indah, tapi penuh bahaya. Aku harus memastikan kuda poni kesayanganku tidak terlalu terburu-buru.
1005,91014,Ini adalah musim di mana para siswa mendatangi saya dan mengatakan bahwa mereka makan berlebihan. Hehe, betapa berharganya mereka.
1005,91015,Saya dapat menangkap kepingan salju di sarung tangan saya dan melihat detail indahnya dengan mata kepala sendiri. Rasanya seperti hadiah dari langit.
1005,92000,Saya siap berlatih kapan pun Anda berada! Mari bersenang-senang!
1005,92001,Pemujaan terhadap kuda poni kesayangankulah yang mendorong penampilanku. Aku tidak bisa membiarkan mereka melihatku dalam keadaan yang menyedihkan.
1005,92002,Baik di trek atau tidak, saya tidak akan melakukan pukulan apa pun. Keajaibanku akan abadi.
1005,92003,Di setiap sesi latihan, saya merasa jauh lebih kuat. Saya tidak sabar untuk melihat ke mana masa depan membawa saya.
1005,92011,Kaki-kaki ini menanggung beban semua keterampilan yang saya peroleh dengan susah payah. Saya akan menunjukkan kepada dunia kekuatan saya!
1005,92005,Terima kasih telah menyusun program latihan yang luar biasa. Aku tidak akan membiarkannya sia-sia!
1005,92006,Setiap hari adalah kejutan memikirkan apa yang akan Anda ajarkan kepada saya selanjutnya. Hehe, saya rasa <i>Saya</i> adalah penonton Anda!
1005,92007,Sejak Anda mulai melatih saya, hidup saya menjadi semakin kaya. Apa yang Anda miliki hari ini?
1005,93000,Tidakkah Anda menyebutnya sebuah keajaiban?
1005,93001,Kisah Fuji Kiseki masih tersisa halamannya.
1005,95000,Saya akan menjadi penghibur terhebat di dunia!
1005,95001,Jangan berkedip—saya akan bersinar lebih terang dari sebelumnya!
1005,95003,Memang. Ini aku, Fuji Kiseki.
1005,95004,Aku akan menjadi keajaiban yang menerangi duniamu!
1005,1008,Semuanya, ayo pergi!
1005,1017,Mari nikmati ini sepenuhnya!
1005,1018,Biarkan pertunjukan dimulai!
1005,1031,Ini adalah pertarungan tim tag.
1005,1000,Bagaimana kalau kita pergi?
1005,1001,Kemenangan adalah milik kita!
1005,1003,Itu adalah pertandingan yang sangat dekat.
1005,1002,Betapa memalukan...
1005,1004,Bagus sekali, semuanya!
1005,1007,Baiklah, skor tinggi baru!
1005,1006,Itu adalah pertandingan yang sangat dekat.
1005,1005,Betapa memalukan...
1005,40000,Tanpa basa-basi lagi, mari pertunjukan dimulai!
1005,40001,Di sana, kilatan cahaya tiba-tiba! Saatnya keajaiban sudah dekat! ...Tirai terbuka di panggung impianku!
1005,30004,Panggung telah disiapkan untuk sebuah keajaiban, hadirin sekalian. ♪
1005,30005,Terima kasih! Terima kasih! Seorang pemain tidak ada artinya tanpa penontonnya!
1005,31000,Aku akan mengadakan pertunjukan khusus untukmu.
1005,13,Ini adalah bonus masuk hari ini.
1005,15,Dan ini besok. Sungguh menyenangkan.
1005,110000,Jenis pelatihan apa yang Anda sukai?
1005,110001,Apakah kamu ingin bernostalgia denganku?
1005,110002,Akankah kita mengikuti perlombaan?
1005,10021,Level Arsip tampaknya telah meningkat.
1005,20051,Baiklah, mari kita mulai latihan!
1005,70000,Berdirilah di sisiku, dan biarkan kami membuat keajaiban!
1005,95005,Saya berharap menjadi anugerah bagi Anda.
1005,95006,Jangan khawatir, karena aku ada di sisimu!
1005,120000,Saya merasakannya—betapa hangatnya luar biasa!
1005,140000,Saya memiliki harapan yang tinggi untuk Anda, Pelatih.
1005,140001,Anda berhasil!
1005,140002,Sangat dekat.
1005,140003,Bagus sekali, itu hasil yang lumayan besar.
1005,140004,Bukan performa yang buruk.
1005,140005,Selalu ada waktu berikutnya. Jagalah akalmu tentang dirimu.
1005,140006,Bagus sekali, itu hasil yang lumayan besar.
1005,140007,Bukan performa yang buruk.
1005,140008,Hehehe.
1005,140009,Hmm-hm-hmm! ♪
1005,140010,Fiuh...
1005,140011,Megah!
1005,140014,...
1005,140015,Oh.
1005,140016,Bolehkah saya mengajukan permintaan?
1005,140012,Benar-benar luar biasa!
1005,140013,Baiklah!
1005,140017,Ah!
1005,140018,Tidaaaak...
1005,70004,Saya suka warna-warna cerah.
1005,70010,Saya sendiri lebih suka celana, tapi ini bisa diterima.
1005,70008,Bagaimana aku terlihat berpakaian seperti ini?
1005,70014,Saya akan bernyanyi dan menari dengan penuh semangat!
1005,70009,Dengan baik? Apa pendapat Anda tentang pakaian panggung saya?
1005,70015,Saya hanya menyediakan bentuk hiburan tertinggi.
1005,71004,Saya suka warna-warna cerah.
1005,71010,Saya sendiri lebih suka celana, tapi ini bisa diterima.
1005,71008,Bagaimana aku terlihat berpakaian seperti ini?
1005,71014,Saya akan bernyanyi dan menari dengan penuh semangat!
1005,71009,Dengan baik? Apa pendapat Anda tentang pakaian panggung saya?
1005,71015,Saya hanya menyediakan bentuk hiburan tertinggi.
1005,2030,Bagaimana kalau kita pergi?
1005,2031,Semuanya, ayo pergi!
1005,2032,Sungguh menyenangkan, Pelatih!
1005,2033,Perlombaan akan segera dimulai. Anda pasti ingin menjadi barisan depan untuk ini. Kerumunan akan menjadi liar.
1005,2034,Sekarang, keajaiban apa yang harus saya lakukan pada balapan hari ini? Hehe... Aku tidak boleh merusaknya!
1005,2035,Sungguh menyenangkan, Pelatih!
1005,90010,Hari seperti apa yang akan kita jalani hari ini? Saya ingin membuatnya mekar dengan gembira, seperti bunga yang bermekaran di gaun ini!
1005,90011,Mungkinkah kamu masih sedikit mengantuk? Izinkan saya menunjukkan kepada Anda tarian mempesona yang pasti akan membuka mata Anda.
1005,90012,Saya senang dengan bagian-bagian yang berkilau. Mereka membiarkan saya mewarnai kehidupan sehari-hari Anda dengan keindahan nyata yang mengejutkan.
1005,90013,Jika Anda ada waktu luang sore ini, bisakah Anda meluangkan waktu untuk saya? Saya ingin menunjukkan kepada Anda langkah menari baru yang saya pelajari!
1005,90014,Aku ingin tahu apakah waltz santai cocok untuk malam seperti ini. Atau mungkin... Anda lebih suka tango yang penuh gairah?
1005,90015,Malam masih muda... Sempurna untuk menari di bawah tatapan bulan. Sedikit saja, sampai lampu padam. Bagaimana dengan itu?
1005,90016,Musim semi juga merupakan musim perpisahan... Saya ingin mengadakan upacara yang megah—untuk menciptakan kenangan indah bagi sebanyak mungkin orang.
1005,90017,Saya berharap pakaian pendingin akan mengurangi rasa panas yang mungkin Anda rasakan... Apakah berhasil?
1005,90018,Ini musim seni... Sempurna untuk menari! Mungkinkah saya mendapat kehormatan ini? Mari kita berputar-putar, seperti dedaunan musim gugur!
1005,90019,Apakah kamu kedinginan? Oh, aku baik-baik saja. Antusiasme Anda membakar hati saya, seperti irama tarian Latin!
1005,91016,Hishiama tertegun melihat aku tidak mengenakan tuksedo. Hehe, menurutku kejutanku berhasil.
1005,91017,Semua orang selalu memintaku untuk mengajari mereka cara menari, tapi wajah mereka memerah begitu kami berpelukan... Sungguh menggemaskan.
1005,91018,Hei, pernahkah kamu melihat Sky di sekitar? Aku sangat ingin berdansa dengannya lagi. Beri tahu dia jika Anda kebetulan menemukannya.
1005,91019,Aku mendapati <i>diriku sendiri</i> cukup sering dikejutkan oleh Sirius... Akan menjadi sesuatu jika aku bisa meniru kekuatannya yang terasah itu.
1005,91020,Tarian standar atau Latin, saya bisa menangani semuanya. Aku yang mana yang ingin kamu temui hari ini?
1005,91028,Baik itu di panggung atau di perlombaan, saya ingin menjadi seorang entertainer. Saya ingin menunjukkan kepada semua orang mimpi yang indah dan berkilauan.
1005,91029,Menakjubkan, ya? Maksudku, gaunku, tentu saja. Atau mungkin Anda menganggap <i>saya</i> cantik? Manis sekali.
1005,91021,Aku mencoba membuatnya sempurna, tapi dekorasinya sangat banyak... Hmm, mungkin aku harus mengulanginya lagi.
1005,91022,Anda harus makan hal-hal yang sederhana dan mudah saat mengenakan pakaian seperti ini. Saya biasa makan banyak nasi kepal ketika saya di teater.
1005,91023,Permisi... Bolehkah saya menikmati tarian ini? Hehe, hanya menggoda! Apakah kamu terkejut? Saya menemukan hal yang sangat berbeda, bukan?
1005,91024,Saatnya untuk Ligne Droite! Di tengah keriuhan musim semi di ruang dansa, siapa pun bisa menjadi bintang pertunjukan.
1005,91025,Tarian yang populer di musim panas adalah tarian yang meriah seperti samba dan jive. Meskipun mungkin saat ini terlalu panas untuk mereka.
1005,91026,Anda harus mendengarkan musik pada malam musim gugur yang panjang. Terkadang, klasik bisa membuat suasana menjadi pas.
1005,91027,Jika saya menari di salju, gaun saya akan berkilau begitu terang di bawah warna putih. Ya, aku harus mencobanya sekarang... Achoo!
1005,92015,Saya siap berangkat. Jadi, pelatihan apa yang akan Anda antar saya ikuti?
1005,92016,Aku akan membuat latihan kita anggun... dan setiap langkah akan menyenangkan, jika kita menari bersama!
1005,92017,Saya ingin selalu berada di depan penonton. Jadi, awasi aku, oke? ♪
1005,92018,Saya ingin tahu apakah gerakan kaki dari quickstep dapat diterapkan untuk berlari... Hmm, tapi mungkin tidak cukup cepat.
1005,92020,Saya tidak khawatir sama sekali. Denganmu di sisiku, aku bisa pergi kemana saja.
1005,92021,Baiklah, mari buat hari ini menyenangkan! Saat kita bersama, latihan intensif kita bahkan bisa menyaingi paso doble!
1005,92022,Mitra dansa berfungsi untuk membuat satu sama lain bersinar... Itu seperti hubungan yang Anda dan saya bagi.
1005,93004,Tepuk tangan saya yang tulus untuk mitra terhebat yang pernah ada!
1005,93005,Anda memimpin dengan sangat baik!
1005,95007,Saya pikir saya telah menyempurnakan langkah tarian saya.
1005,95008,Sekarang, mari kita menari!
1005,95010,Biarkan Fuji Kiseki membawa Anda ke lantai dansa terhebat!
1005,70016,Menakjubkan sekaligus anggun.
1005,70017,Semua mata tertuju pada kita!
1005,71016,Menakjubkan sekaligus anggun.
1005,71017,Semua mata tertuju pada kita!
1005,95009,Ini adalah tahap keajaiban. Bagaimana kalau kita berdansa?
1005,40003,Bersiaplah untuk terpesona.
1005,40004,Sekarang... ke lantai dansa, lebih manis dari mimpi... Ayo!
1005,30006,Hehe, apakah kamu melihatnya dengan baik? Ayo, ambil tanganku.
1005,30007,Kepada semua orang di tribun, terima kasih sebesar-besarnya!
1005,70018,Biarkan pertunjukan dimulai!
1005,70019,Saya akan menunjukkan kepada Anda keajaiban itu terbuat dari apa!
1005,71018,Biarkan pertunjukan dimulai!
1005,71019,Saya akan menunjukkan kepada Anda keajaiban itu terbuat dari apa!
1005,400004,Kepercayaan membutuhkan waktu untuk dibangun. Tapi Langit sangat cerah. Aku yakin dia akan mengerti perasaanku.
1005,400007,Sky tertidur segera setelah pelajaran selesai. Dia melompat bangun ketika aku menggendongnya.
1005,400009,Ugh... Aku perlu menari lebih banyak. Oke! Saatnya mengadakan pertunjukan di asrama! Senyuman hari ini menuntun pada mimpi esok hari.
1005,81000,Akulah yang akan menjadi musuhmu. Ayo sekarang.
1005,81001,Kita belum selesai. Saya tahu Anda punya lebih banyak potensi.
1005,90020,Selamat Hari Valentine! ♪
1005,90021,Selamat Hari Valentine. ♪
1006,10000,Mengetahui masih ada Umamusume yang lebih cepat dariku membuat jantungku berdebar kencang... Aku tidak sabar untuk menghadapinya!
1006,10001,Saat saya balapan, saya merasa seperti Anda berada di sana bersama saya... Sensasi yang sangat menenteramkan.
1006,10002,Aku ingin pergi ke kafe lagi. Pancake empuk itu... Enak sekali!
1006,10003,Selamat tahun baru. Mari kita rayakan tahun yang menyenangkan bersama-sama... Ngomong-ngomong, berapa banyak mochi yang kamu mau?
1006,10004,Hari ini Hari Valentine, ya? Saya ingin tahu jenis coklat apa yang akan saya dapatkan... Saya tidak sabar menunggu!
1006,10005,Saya mencoba membuat coklat. Mereka telah melalui beberapa pengujian rasa yang cermat, jadi ukurannya agak kecil, tapi ini dia, Pelatih.
1006,10006,Ini Tanabata... Aku tahu bagaimana rasanya memiliki orang yang dicintai di tempat yang jauh...
1006,10007,Aku harus memikirkan trik jika ingin hadiah... Hm, bagaimana jika aku mengejutkanmu dengan menarik lengan bajumu?
1006,10008,Dulu aku mengira ada banyak Santa yang berbeda... Di rumah, semua orang akan berdandan dan memberiku hadiah, tahukah kamu.
1006,10009,Apakah Anda suka tendon sapi rebus? Menurutku ini makanan pesta yang enak. Kita harus memilikinya suatu saat nanti. Saya tahu resepnya.
1006,10010,Sulit dipercaya tahun ini sudah hampir berakhir... Tetap saja, aku merasa sudah dewasa. Saya harap saya terus berkembang tahun depan juga.
1006,10011,Selamat ulang tahun. Ada toko kue yang bagus di distrik perbelanjaan. Apakah Anda ingin pergi?
1006,10012,Selamat ulang tahun, Pelatih. Hehe... Aneh sekali. Ini hari ulang tahunmu, tapi akulah yang tersenyum.
1006,10013,Aku sangat senang semua temanku datang untuk merayakan ulang tahunku, tapi... ini agak memalukan. hehe.
1006,10014,Ini untukku? Saya sangat senang... Aneh. Tubuhku terasa hangat sekali. Seperti kue kukus yang empuk...
1006,10015,Ada pemberitahuan baru. Anda mungkin harus memeriksanya.
1006,10016,Ada hadiah di sini. Mungkinkah itu makanan? Cepat dan buka. Kita tidak bisa membiarkannya menjadi buruk, Pelatih.
1006,10017,Sepertinya Anda menyelesaikan misi. Luar biasa. Lebih baik aku tetap pada tujuanku juga.
1006,10018,Sepertinya ada acara yang akan segera hadir. Aku sedikit gugup, tapi dalam arti yang baik... Ya.
1006,10019,Ada acara yang sedang berlangsung... Apakah menurut Anda saya boleh bergabung? Saya ingin melakukannya jika saya bisa.
1006,20000,Ngh... aku merasa sedikit lelah.
1006,20001,Maaf, bolehkah saya istirahat sebentar?
1006,20002,Ho, ho, hee, hoo! Oh ini? Seperti itulah saya ketika saya merasa berada di puncak permainan saya. Anda akan mengerti maksud saya!
1006,20003,Perasaan ini... Yup. Saya siap untuk beberapa pelatihan!
1006,20004,Saya sudah makan sampai kenyang, jadi saya siap untuk latihan!
1006,20005,Mmm... Aku merasa baik-baik saja hari ini. Pukul aku dengan apa pun yang kamu punya!
1006,20006,Baiklah, apa agenda pertama hari ini?
1006,20007,Oke, saya siap untuk apa pun.
1006,20008,Saya merasa tidak enak. Mungkin aku kurang tidur...
1006,20009,Ugh... aku merasa lemah sekali. Aku seharusnya makan lebih banyak...
1006,20010,Ngh... Ah, maaf. Hatiku tidak ada di dalamnya hari ini.
1006,20011,Tubuhku terasa sangat lesu akhir-akhir ini... Ini sama sekali tidak... seperti diriku...
1006,20021,Balapan lain? Oke. Saya hanya harus berlari dengan semua yang saya punya.
1006,20022,Saya tidak bisa terus balapan seperti ini... Saya ingin melewatkan balapan ini jika memungkinkan.
1006,20023,Saya dalam kondisi puncak. Terima kasih, Pelatih!
1006,20024,Saya harap orang-orang di rumah menonton!
1006,20025,Ho, ho, hee, hoo! Saya merasa luar biasa! Apa pesananmu?
1006,20026,Saya merasa baik. Sekarang yang tersisa hanyalah menang.
1006,20027,Oke, aku merasa baik. Sekarang saya bisa fokus pada balapan.
1006,20028,Rasanya saya bisa mendapatkan hasil yang luar biasa hari ini. Awasi aku, Pelatih!
1006,20029,Sudah hampir waktunya. Perhatikan aku, Pelatih. Aku akan memberikan segalanya.
1006,20030,Saya sedikit gugup... Saya harus memperhatikan langkah saya.
1006,20031,Selama saya melakukan apa yang saya pelajari dalam latihan, tidak mungkin saya kalah.
1006,20032,Segalanya tidak sempurna, tapi... Aku akan tetap memberikan segalanya.
1006,20033,Saya merasa sedikit tidak enak... Saya memerlukan dukungan penuh Anda kali ini, Pelatih.
1006,20034,Meski aku sedikit keluar dari kemampuanku, aku masih akan berlari dengan semua yang kumiliki!
1006,20035,Pada levelku saat ini, aku—tidak! Apa pun masalahnya, yang bisa saya lakukan hanyalah memberikan yang terbaik.
1006,20036,Bisakah saya benar-benar memenuhi harapan semua orang? Tidak, itu sikap yang salah. Saya hanya harus memberikan semua yang saya punya.
1006,20037,Ini adalah lawan yang tangguh... Mereka semua lebih cepat dari saya. Namun, pertandingan belum diputuskan sampai akhir!
1006,20038,Baiklah, ayo kita lakukan.
1006,20039,Awasi aku.
1006,20040,Serahkan padaku.
1006,20041,Waktunya belajar, ya?
1006,20042,Aku merasa tidak enak badan...
1006,20043,Ini sulit...
1006,20046,Kemana kita akan pergi?
1006,20047,I-itu laut...
1006,20049,Terima kasih, saya merasa lebih kuat.
1006,20050,Terima kasih atas semua yang telah kamu lakukan untukku.
1006,30000,Tempat kedua? Itu tidak terlalu buruk.
1006,30001,Hmm... Setidaknya aku ditempatkan.
1006,30002,aku terjatuh satu langkah...
1006,30003,Aku benci kalau aku sangat lemah...
1006,60000,Akhirnya tiba waktunya. Aku akan memberikan segalanya!
1006,60001,Jantungku berdebar kencang... Tapi aku baik-baik saja!
1006,70001,Saya ingat merasa benar-benar tersesat ketika pertama kali tiba di akademi. Saya berterima kasih atas semua bantuan yang Anda berikan kepada saya.
1006,90000,Selamat pagi. Apakah kamu sudah sarapan? Jika tidak, ayo pergi bersama. Aku sendiri masih sedikit lapar.
1006,90001,Saya harus bergerak lebih cepat... Mari kita wujudkan, Pelatih.
1006,90002,Ayo lakukan latihan sore. Saya kenyang dengan makanan <i>dan</i> energi.
1006,90003,Istirahat makan siang terlalu singkat. Pernahkah Anda melihat ukuran menu kafetaria?
1006,90004,<i>Huh...</i> Aku siap untuk berangkat. Lagipula, aku harus berada dalam kondisi sempurna untuk latihan.
1006,90005,Kamu bangun terlambat. Anda selalu pekerja keras, Pelatih.
1006,90006,Musim semi membuatku merasa sangat hangat dan tidak jelas. Saya selalu tidur siang dan berjalan-jalan. Kadang aku bahkan lupa masuk kelas...
1006,90007,Aku selalu merasakan angin sepoi-sepoi saat berlari, tapi begitu aku berhenti, aku jadi kepanasan... Sepertinya itu artinya aku harus lari selamanya.
1006,90008,Cuacanya sangat bagus sepanjang tahun ini, tapi perutku terasa seperti jurang maut... Aku penasaran apa yang harus kumakan hari ini.
1006,90009,Tampaknya sedang terjadi flu. Sekali bersin dan kita akan dikutuk. Aku tidak ingin sakit, jadi sebaiknya kita berdua tetap waspada.
1006,91000,Saya bertengkar dengan Tama... Bagaimana menurut anda? Apakah nanas termasuk dalam pizza atau tidak?
1006,91001,Hm... Creek baru saja menepuk kepalaku di lorong... Apa aku punya bedhead atau semacamnya?
1006,91002,Saya mendapat surat dari kampung halaman. Saya ingin tahu apa yang harus saya tulis kembali... Banyak yang ingin saya katakan.
1006,91003,Aku sangat suka kafetaria, tapi semua orang selalu melihatku saat aku memesan... Apa aku melakukan sesuatu yang salah?
1006,91004,Semua orang sepertinya tahu cara menggunakan ponsel dengan baik. Tidakkah mereka kaget ketika tiba-tiba bergetar?
1006,91005,Pelatih, tolong ambil foto saya. Saya ingin menunjukkan pakaian saya kepada keluarga saya, tetapi saya tidak tahu cara menggunakan kamera...
1006,91006,Saya ingin menunjukkan kepada orang-orang di kampung halaman betapa saya telah berkembang. Saya yakin mereka akan bangga.
1006,91007,Pakaian ini adalah merek saya. Orang-orang bisa mengenaliku bahkan dari jauh. Sekarang yang harus saya lakukan adalah memberi mereka sesuatu untuk ditonton.
1006,91008,Sangat mudah untuk bergerak dengan pakaian ini. Ini hampir seperti menyuruhku keluar dan lari!
1006,91009,Ya, ini terasa luar biasa. Saya benar-benar orang yang suka bangun pagi. Udara pagi terasa begitu menyenangkan.
1006,91010,Saya makan siang dengan Inari, tapi dia menghabiskan makanannya dalam hitungan detik. Itu tidak sehat...
1006,91011,Banyak berlari, makan banyak, dan yang tersisa hanyalah... banyak tidur.
1006,91012,Saya ingin melihat bunga sakura bersama semua orang. Makanan akan terasa lebih enak jika ada orang yang bisa diajak berbagi... Bagaimana dengan bunganya? Bagaimana dengan mereka?
1006,91013,Tama mengajariku cara membuat es krim dengan membekukan jus. Bukankah itu luar biasa?!
1006,91014,Ketika saya memikirkan musim gugur, saya memikirkan saury, ubi panggang, dan kesemek... Musim yang luar biasa! Saya menyukainya!
1006,91015,Belakangan ini mulai terasa dingin. Artinya sudah waktunya untuk hot pot. Panci panas di bawah kotatsu yang hangat... Ya, kedengarannya sempurna!
1006,92000,Waktunya untuk pelatihan, bukan? Apa yang harus kita lakukan hari ini?
1006,92001,Saya akan menguasai tugas apa pun yang Anda berikan kepada saya.
1006,92002,Saya melakukan peregangan, jadi saya siap untuk latihan. Beri tahu saya kapan saja.
1006,92003,Kunci untuk menjadi lebih cepat adalah tentang ketekunan hari demi hari.
1006,92011,Kamu tidak perlu bersikap lunak padaku. Aku cukup tangguh, kamu tahu.
1006,92005,Saya ingin memberikan penampilan yang sesuai dengan pakaian ini. Jadi buatlah rutinitas yang sempurna untuk saya, Pelatih.
1006,92006,Saya harus berlatih keras dan membuat orang-orang di kampung halaman bangga. Ini tidak ada apa-apanya.
1006,92007,Jangan bersikap mudah padaku. Beri saya cara yang akan membantu saya menang, dan saya akan melakukannya.
1006,93000,Kau tahu... Aku sangat senang aku datang ke sini.
1006,93001,Apakah saya memenuhi harapan Anda?
1006,95000,Mm... Ini terasa menyenangkan.
1006,95001,Mm... Aku merasa lebih cepat.
1006,95003,Saya Oguri Cap. Senang berkenalan dengan Anda.
1006,95004,Saya datang ke sini untuk menjadi pelari terbaik.
1006,1008,Ayo teman-teman, tunjukkan pada mereka kita terbuat dari apa!
1006,1019,Aku senang kamu ada di sini, Creek.
1006,1020,Ayo lakukan ini, Tama.
1006,1049,Ya, ayolah.
1006,1000,Ayo raih kemenangan!
1006,1001,Baiklah.
1006,1003,Saya kira hal-hal ini terjadi...
1006,1002,Sialan semuanya...
1006,1004,Kami menang!
1006,1007,Sepertinya ini adalah skor tinggi baru.
1006,1006,Saya kira hal-hal ini terjadi...
1006,1005,Sialan semuanya...
1006,120000,Aku penuh dengan kekuatan!
1006,140000,Aku mengandalkanmu!
1006,140001,Ya! Anda mengerti!
1006,140002,...
1006,140003,Ya, ini menyenangkan!
1006,140004,Anda punya cukup banyak.
1006,140005,Ini sangat sulit, ya?
1006,140006,Ya, ini menyenangkan!
1006,140007,Anda punya cukup banyak.
1006,140008,hehe.
1006,140009,Hah?
1006,140010,Hmm...
1006,140011,Menakjubkan!
1006,140014,Ughhh...
1006,140015,Oh...
1006,140016,Ayo!
1006,140012,Baiklah!
1006,140013,None
1006,140017,TIDAK...
1006,140018,Sialan!
1006,40000,Ini... kekuatan penuhku!
1006,40001,Awasi aku... Ini... milikku... Kekuatan penuhku!
1006,30004,Baiklah! Ngh... aku lapar sekali.
1006,30005,Itu... luar biasa! Ya!
1006,31000,Ini dia!
1006,13,Inilah bonus login hari ini.
1006,15,Dan inilah yang diharapkan besok.
1006,110000,Pelatihan? Saya bisa memulai kapan pun Anda siap.
1006,110001,Begitu banyak yang telah terjadi...
1006,110002,Apakah kita akan mengikuti perlombaan?
1006,10021,Sepertinya level Arsip Umamusume Anda sudah naik.
1006,20051,Oke, mari kita lakukan bersama-sama.
1006,70000,Pelatih... Saya percaya padamu.
1006,95005,Jika saya ingin membantu, lebih baik saya bekerja keras.
1006,95006,Sekarang saya bisa membantu lebih banyak lagi.
1006,70004,Oke, semuanya sudah beres.
1006,70010,Apakah aku melepas pakaian ini?
1006,70008,Bukankah ini agak terlalu... mencolok?
1006,70014,Aku harap itu terlihat bagus untukku...
1006,70009,Oke, sekarang tubuh dan pikiranku sudah siap.
1006,70015,Dadaku terasa seperti terbakar ketika aku memakai ini!
1006,71004,Oke, semuanya sudah beres.
1006,71010,Apakah aku melepas pakaian ini?
1006,71008,Bukankah ini agak terlalu... mencolok?
1006,71014,Aku harap itu terlihat bagus untukku...
1006,71009,Oke, sekarang tubuh dan pikiranku sudah siap.
1006,71015,Dadaku terasa seperti terbakar ketika aku memakai ini!
1006,2030,Ayo raih kemenangan!
1006,2031,Ayo teman-teman, tunjukkan pada mereka kita terbuat dari apa!
1006,2032,Terima kasih atas semua yang telah kamu lakukan untukku.
1006,2033,Rasanya saya bisa mendapatkan hasil yang luar biasa hari ini. Awasi aku, Pelatih!
1006,2034,Ho, ho, hee, hoo! Saya merasa luar biasa! Apa pesananmu?
1006,2035,Terima kasih atas semua yang telah kamu lakukan untukku.
1006,90010,Saya suka pakaian ini. Ada kata-kata penyemangat yang tertulis di dalamnya yang memberi saya kekuatan setiap pagi.
1006,90011,Pagi. Sudahkah Anda memeriksa sisi tempat tidur Anda? Sinterklas mungkin telah mengunjungimu.
1006,90012,Ada sesuatu yang ada dalam pikiranku. Aku sedang di kantin, dan saat aku bilang ingin makan ayam besar, El lari. Apa aku mengatakan sesuatu yang salah?
1006,90013,Senang sekali rasanya berjemur di bawah sinar matahari, sampai-sampai aku bisa meleleh... Aku bertanya-tanya apakah ini rasanya menjadi manusia salju.
1006,90014,Jangan berlebihan, oke? Kalau kamu begadang, dia akan mengira kamu anak nakal dan tidak mendapat hadiah apa pun.
1006,90015,Kuharap aku bisa berlari melintasi langit malam... Maka tidak ada batasan seberapa jauh aku bisa berlari...
1006,90016,Ugh, kupikir aku memanjat pohon cemara, tapi sebenarnya itu adalah pohon cedar. Anda mungkin ingin menjauh dari saya jika Anda menderita demam.
1006,90017,Anda tahu, saya mendengar Santa berselancar selama musim panas. Mungkin saya harus mulai belajar dengan Hayahide.
1006,90018,Tahukah kamu? Anda bisa makan buah pinus. Artinya... karangan bunga bisa berfungsi ganda sebagai makanan darurat.
1006,90019,Pelatih, apakah Anda pernah mencoba seluncur es? Jika tidak, aku bisa mengajarimu. Saya cukup baik.
1006,91016,Tama bilang mereka membuat takoyaki di rumahnya untuk liburan musim dingin... Tahun depan, kita akan ke kamar Tama, oke?
1006,91017,Hayahide terlihat seperti Santa dengan kostum merahnya... Terutama dari belakang.
1006,91018,Saya ingin balapan melawan rusa Sinterklas suatu saat... Saya yakin mereka cepat!
1006,91019,Creek tidak yakin bagaimana cara mencuci kostum ini. Saya berharap saya bisa membantu entah bagaimana...
1006,91020,Mereka mengatakan lilin membantu Anda mendapatkan tidur malam yang nyenyak. Namun hati-hati. Jika Anda meletakkannya terlalu dekat dengan Anda, Anda akan terlihat seperti rusa berhidung merah.
1006,91028,Dekorasi bintang ini... bagus sekali. Melihatnya membuatku berani. Saya merasa terdorong untuk bersinar lebih terang!
1006,91029,Tama sangat menyukai bel di kepalaku. Katanya, gemerincing memudahkan untuk menemukanku.
1006,91021,Kalau saja aku bisa terbang seperti Sinterklas, aku bisa terbang ke sekolah setiap pagi—ah! Tapi tanpa cerobong asap, bagaimana saya bisa masuk?
1006,91022,Sabuk ini bagus sekali. Saya bisa makan sebanyak yang saya mau dan itu hanya meregang. Aku akan berpesta pada jam makan siang ini.
1006,91023,Setiap malam sebelum tidur, kostum ini aku lipat rapi dan letakkan di samping tempat tidurku. Saya berharap suatu hari Santa akan melihatnya.
1006,91024,Aku berharap Santa bisa melihat bunga sakura bermekaran penuh... Aku yakin itu akan menghilangkan semua kepenatan liburannya dalam sekejap.
1006,91025,Tunggu! Jika Anda membuat manusia salju raksasa yang sangat besar di musim dingin, Anda masih memiliki sisa salju di musim panas!
1006,91026,Sudah waktunya aku menulis suratku kepada Santa. Apakah Anda ingin bergabung dengan saya? Di rumah, aku biasa menulisnya bersama ibuku.
1006,91027,Ini musim yang bagus untuk melihat bintang... Mereka sangat terang, sepertinya Anda masih bisa melihatnya bahkan setelah Anda memalingkan muka... Itulah sebabnya saya ingin bersinar juga.
1006,92015,Sekarang atau tidak sama sekali untuk Oguri Cap! ...Kupikir itu akan terdengar keren.
1006,92016,Aku tidak akan kalah dari rusa kutub!
1006,92017,Begitu banyak orang yang mendukung saya... Saya tidak bisa mengecewakan mereka!
1006,92018,Aku bisa lebih cepat... secepat Sinterklas yang berlari melintasi langit malam!
1006,92020,Seorang penggemar memberi saya kostum ini, jadi sangat cocok. Sekarang untuk membayar mereka kembali... dengan hasil yang layak!
1006,92021,Saya telah memutuskan hadiah saya untuk Anda, Pelatih. Hanya ada satu hal... kemenangan. Belum lagi, dilengkapi dengan pijatan bahu juga!
1006,92022,Pelatih, saya berpikir untuk kembali ke kampung halaman saya untuk balapan menjelang liburan. Apa rencanamu?
1006,93004,Merupakan keajaiban kami bertemu... dan saya senang kami melakukannya.
1006,93005,Ini adalah hadiah yang bagus. Terima kasih.
1006,95007,Impian semua orang adalah apa yang membuat saya terus maju!
1006,95008,Aku akan bersinar terang bagaikan bintang—sebuah keajaiban di malam hari!
1006,95010,Saya Oguri Cap. Mari kita berikan hadiah terbaik yang kita bisa kepada penggemar kita!
1006,70016,Seperti bintang di pohon, aku akan bersinar terang.
1006,70017,Anda menyukai hiasan ini? Seorang penggemar memberi saya instruksi tentang cara membuatnya. Saya bisa memberikannya kepada Anda jika Anda mau.
1006,71016,Seperti bintang di pohon, aku akan bersinar terang.
1006,71017,Anda menyukai hiasan ini? Seorang penggemar memberi saya instruksi tentang cara membuatnya. Saya bisa memberikannya kepada Anda jika Anda mau.
1006,95009,Ini adalah musimnya... untuk mewujudkan impian!
1006,40003,Bintang yang bersinar... untuk semua!
1006,40004,Ya... Tonton saja, aku akan wujudkan impian mereka! Hehe... <i>Hancur!</i>
1006,30006,Maaf sudah menunggu. Ini, ini hadiahku untukmu.
1006,30007,Itu tadi... luar biasa! Baiklah!
1006,70018,Luar biasa.
1006,70019,Aku akan menang demi orang-orang di kampung halaman!
1006,71018,Luar biasa.
1006,71019,Aku akan menang demi orang-orang di kampung halaman!
1006,400000,Karena kita semua bisa menghabiskan liburan bersama, aku akan memastikan kita bersenang-senang, bahagia, dan... um, menyenangkan!
1006,400006,Salju tidaklah buruk jika Anda tahu cara menanganinya. Saya tidak akan membiarkan apa pun menghentikan saya untuk memenuhi keinginan semua orang.
1006,400009,Perutku kenyang dan aku bertenaga. Saya harus tetap kuat untuk semua orang yang mendukung saya!
1006,400014,Terima kasih telah berlari bersamaku. Sekarang aku harus makan apa, kue atau ramen? Aku akan makan keduanya saja!
1006,410000,Ini dia!
1006,410001,Baiklah!
1006,410002,Baiklah.
1006,410003,Baiklah.
1006,410004,hehe.
1006,410005,hehe.
1006,410006,Sialan!
1006,410007,Sialan!
1006,410008,Sialan!
1006,81000,Aku tidak akan menahan diri, kamu tahu.
1006,81001,Saya penuh dengan energi... Saya tidak sabar menunggu balapan berikutnya!
1006,90020,Selamat Hari Valentine.
1006,90021,Selamat Hari Valentine.
1007,10000,Yo, kamu bebas dalam seratus tahun? Ayo pergi ke luar angkasa jika kamu mau!
1007,10001,Kamu cukup pandai mengikuti arus! Seperti keran air panas yang rusak di toilet lapangan sepak bola.
1007,10002,Sebaiknya kau tidak mengalihkan pandanganmu dariku! Saya tidak tahu apa yang mungkin terjadi setelah sedetik!
1007,10003,Selamat tahun baru! Selamat Annee! Xin Nian Kuai Le! Aku akan mewujudkan impian Tahun Barumu dengan terong, elang, dan Gunung Fuji di tangan!
1007,10004,Hei, kamu lebih suka yang mana? Arang rasa coklat, atau coklat rasa arang?
1007,10005,Selamat Hari Valentine! ☆ Pastikan Anda menikmati cita rasa indah buatan tangan saya... tu-na sa-shi-mi! ★
1007,10006,Mereka hanya bisa bertemu setahun sekali? Kalau aku jadi mereka, aku akan menyiapkan kejutan besar... seperti, kejutan tingkat ledakan Bima Sakti, tahu?
1007,10007,Trik atau... TRIK TOPI! C'MON, SAATNYA SEPAKBOLA!
1007,10008,Siswa yang lebih muda di asrama bersemangat menerima surat dari Santa setiap tahun. Hanya saya yang menulis hal-hal acak.
1007,10009,Anda tidak memiliki cerobong asap, bukan? Oke! Aku akan membuat lubang terlebih dahulu sebelum menyusup ke tempatmu! ☆
1007,10010,Saya memberikan tantangan untuk semua lonceng Tahun Baru! Jika Anda berpikir Anda dapat menyucikan pikiran saya yang dipenuhi keinginan duniawi, maka lakukanlah!
1007,10011,Talkshow selamat ulang tahun-hari-siang hari. Ini satu pensil mekanik untuk setiap ulang tahun yang Anda rayakan. Gunakan semuanya tahun depan, mengerti?
1007,10012,Selamat ulang tahun. Saya bosan, jadi saya mengirim ke tempat Anda sebuah kotak berisi bekatul asin untuk diasinkan. Sebaiknya kau buatkan aku acar yang enak.
1007,10013,Ini hari ulang tahunku, ya? Berapa umurku lagi? Oh sial! Kita tidak seharusnya membicarakan hal itu.
1007,10014,Ini hari ulang tahunku, jadi aku ingin meminta bantuan seumur hidup darimu! Biarkan aku mencukur bagian samping kepalamu! Silakan!
1007,10015,Bing, bong, bing! ♪ Ada pemberitahuan baru! ♪
1007,10016,Sebuah hadiah, kamu punya. Ambil apa yang kamu bisa, kamu harus!
1007,10017,Yo, kamu sudah menyelesaikannya! Tapi aku tidak tahu apa masalahnya.
1007,10018,WHOOOOOA! Saya tidak sabar menunggu acaranya!
1007,10019,Yo, ada acara! Ayo kita berangkat bersama-sama!
1007,20000,Tidak ada tenaga... Aku merasa lesu seperti siput yang tersapu lumpur setelah berlumuran garam...
1007,20001,Aku tidak sanggup lagi... Hei, ayo kita libur hari ini saja.
1007,20002,Cepat dan beri aku beberapa instruksi! Aku tidak punya waktu untuk melihat rumput tumbuh—ayolah!
1007,20003,Lil' Golshi adalah gunung berapi yang sedang meletus! Termotivasi secara maksimal! Rapt hingga maksimal MAX!
1007,20004,Jika kamu tidak bergegas, maka aku akan pergi ke suatu tempat!
1007,20005,Yo, bolehkah aku berlari? Saya dipenuhi dengan lebih banyak energi daripada yang saya perlukan!
1007,20006,Anda ingin summa dis? Kalau begitu datang dan geddit!
1007,20007,Apa yang akan kamu lakukan? Anda punya rencana? Biarkan aku mendengarkannya.
1007,20008,Hm? Oh, itu hanya kamu. Sayang sekali, aku baru saja memikirkan tentang Bounty Hunter Sogabe.
1007,20009,Mempercepatkan! Mempercepatkan! Tidak, itu tidak bagus. Saya tidak bisa membahasnya.
1007,20010,Sial, indraku meleleh...
1007,20011,<i>Yaaawn.</i> Aku sangat mengantuk. Bangunkan aku kalau semuanya sudah selesai.
1007,20021,Wah, hei, balapan lagi? Coba tempatkan dirimu pada posisiku!
1007,20022,PERMISI? Kamu akan membuatku lari LAGI?! Saya akan menuntut Anda karena melanggar Undang-Undang Perlindungan Golshi!
1007,20023,AWWW YEEEEE! Hiu, lumba-lumba, paus, apa saja! Bawa apa saja!
1007,20024,Arrr, aku siap menggali harta karun untukku!
1007,20025,Pesta?! Perlombaan?! Keduanya?! Lemparkan semuanya padaku!
1007,20026,Saya benar-benar siap pada tingkat getaran. Anda merasakan saya? Maksudku, kamu bersaing denganku?
1007,20027,Apakah aku merasa lebih seperti kura-kura atau kelinci? Sepertinya aku semuanya <i>kelinci</i>-y!
1007,20028,Jika saya akan balapan, Anda bisa bertaruh saya akan menang, dengan heboh!
1007,20029,Ya! Saya sudah menunggu waktu balapan!
1007,20030,Meh, aku yakin aku akan melakukannya dengan baik jika aku tetap berlari!
1007,20031,Memiliki pikiran yang jernih adalah cara terbaik untuk melakukannya. Mungkin aku akan melihat ke langit sambil berlari.
1007,20032,Ahhh... langitnya indah sekali.
1007,20033,Maaf, sepertinya saya mendapat telepon dari Planet 9. Bolehkah menunggu sebentar?
1007,20034,Aku sangat ingin makan sandwich makarel. Bisakah saya membelinya?
1007,20035,Kamu ingin aku lari <i>sekarang?</i> Ugh, aku hampir tidak bisa berdiri tegak.
1007,20036,Jika saya berhenti di tengah lomba, sebaiknya Anda mendukung saya dan melewati garis finis menggantikan saya.
1007,20037,Aku ingin tahu apakah aku akan menjadi siput atau semacamnya jika aku bereinkarnasi...
1007,20038,Ayo pergi!
1007,20039,Ah ya!
1007,20040,Bersemangatlah!
1007,20041,Tidak berkeringat!
1007,20042,...eh?
1007,20043,Saya tidak mengerti...
1007,20046,Dan kita berangkat!
1007,20047,Hidup, hidup!
1007,20049,Terima kasih banyak, gracias!
1007,20050,Terima kasih, Pelatih!
1007,30000,Tidak buruk sama sekali!
1007,30001,Ya ampun! Sedikit lagi!
1007,30002,Inilah yang saya sebut "meh."
1007,30003,Ini sebenarnya mengesankan.
1007,60000,Aku akan membuat semua orang jatuh cinta padaku!
1007,60001,Cinta kekuatan, kecepatan penuh! ☆
1007,70001,Anda tampak seperti Anda punya banyak waktu di dunia. Aku yakin bertemu denganku benar-benar membawa bumbu dalam hidupmu, ya?
1007,90000,BAM! Saatnya memulai pengantaran pagi ini dengan KERBLAM!
1007,90001,Suatu hari nanti kita harus bertahan hidup di medan luas yang kita sebut... BUMI!
1007,90002,Damai, damai! ☆ Jika kamu tidak bermain denganku, aku akan membongkar semua penamu! ☆
1007,90003,Kondisi perut dan "pembelahan ramekin" terdengar sangat mirip, bukan?
1007,90004,Jika Anda mengantuk, bagaimana dengan kopi? Saya akan memasukkan minyak cabai sebagai pengganti susu ke dalamnya... Hanya. Untuk. Anda. ♪
1007,90005,GAHHH! Aku tidak bisa tidur karena terlalu bersemangat bermain kursi musik di kepalaku!
1007,90006,Musim semi benar-benar menyenangkan. Bersenang-senanglah agar kita bisa mengagumi bunga sakura, maaan. Psikedelik!
1007,90007,Ayo menangkap serangga dengan perjalanan singkat ke Filipina!
1007,90008,Seekor jangkrik masuk ke kamar saya, jadi saya beri nama "Fido". Saya harap Fido baik-baik saja hari ini...
1007,90009,Fiuh, mengenakan rompi antipeluru di bawah pakaianmu membuatmu cukup hangat. Aku akan baik-baik saja, seperti harpun atau makarel.
1007,91000,Saya menjadi sangat tegang di gerbang awal! Tidak bisakah mereka menerapkan sistem di mana kita sendiri yang membukanya?!
1007,91001,Saya meminta McQueen untuk bergabung dengan band saya, tapi dia menolak saya. Mungkin dia lebih seperti pemain mandolin daripada pemain balalaika?
1007,91002,Saya diam-diam menambahkan lima yen ke celengan Flash. Saya yakin dia akan segera menyadarinya!
1007,91003,Saat aku menatap jauh ke langit melalui bungkus plastik, aku bisa melihat rumahku, Planet Golgol... Ho ho ho.
1007,91004,Tahukah Anda ada pekerjaan paruh waktu yang mengharuskan Anda membuat lubang pada bola untuk membuat donat? Bicara tentang yang tidak-<i>tidak bisa</i>-bisa...
1007,91005,Astaga, rok berenda ini sungguh memalukan! Hei, lihat baik-baik, bodoh.
1007,91006,Panggung adalah bumi, dan saya adalah angin... Saya akan memberkati Anda dengan tarian kontemporer saya yang mulia!
1007,91007,Golshi panas membara, ini dia dan siap! Aku akan mengecat seluruh duniamu dengan warna merah!
1007,91008,Oh? Untuk apa kamu mencariku, mon ami? Jika Anda bermaksud mengundang saya ke Paris Fashion Week di la France, maka saya sudah menolaknya, escargot.
1007,91009,Ahhh, pagi yang menyegarkan. Di pagi hari seperti inilah aku sangat ingin menyapa Jordan dengan menjemurnya...
1007,91010,Aku melihat Rice sedang makan roti... Apa yang ingin dia katakan?! Semacam antitesis terhadap dirinya sendiri?!
1007,91011,Oh, sepertinya sudah waktunya Makan Creamy Rakshasa. Akankah saya akhirnya menyempurnakan oden krim terbaik hari ini?
1007,91012,Sekarang di luar semakin hangat, saya sangat ingin bermain dengan anak-anak kecil. Saya suka betapa menyenangkannya anak-anak! ♪
1007,91013,Selamat datang! Saat ini, saya merekomendasikan kotak bento belut tanpa belut!
1007,91014,Kebaikan! Kulitku terasa sedikit kering! ☆ Kulit cantikku ini akan membuat kesal! ★ Saya harus melembabkan, tentu saja! ☆★
1007,91015,Saat cuaca dingin, Anda harus berdebar kencang agar tetap hangat dan menegaskan dominasi! Ooh-ho-ho! Ooh-ho-ho-ho!
1007,92000,Apa yang ada di kartu hari ini? Latihan dorong dan dorong? Baiklah, biarkan aku mengambilnya!
1007,92001,<i>Yaaawn...</i> Golshi mulai bosan.
1007,92002,Apa?! Saya sedang menghitung semut dan benar-benar pingsan...
1007,92003,Mataku menjadi sangat kering ketika aku berlari dan hanya bagian putihnya saja yang terlihat.
1007,92011,Bisakah kamu menjaga semangat juangku?!
1007,92005,Saya akan membuat badai di atas panggung dengan kaki Muay Thai saya yang kuat!
1007,92006,Saya akan menyerahkan hal-hal kecil kepada Anda. Yang saya pedulikan hanyalah menjalankan balapan yang panas!
1007,92007,Saya akan sampai ke Planet 9 hari ini, tunggu saja! Ayo pergi, Pelatih!
1007,93000,Aku sangat senang menghabiskan waktu bersamamu!
1007,93001,Betcha tidak pernah puas menjalani hari-harimu bersamaku.
1007,95000,WHOOOOOOO!
1007,95001,LEDAKAN!
1007,95003,Oh? Apakah Anda memanggil saya, Kapal Emas yang perkasa?
1007,1008,Kami masih muda! Ayo berlomba menuju laut!
1007,1021,Sebaiknya kau dukung aku!
1007,1022,Ayo pergi!
1007,1000,Ikuti Golshi yang perkasa!
1007,1001,Begitulah cara melakukannya!
1007,1003,Sungguh balapan yang intens...
1007,1002,<i>Batuk, mengi!</i>
1007,1004,Seperti yang diharapkan!
1007,1007,Apa pendapatmu tentang rekor baru ini?!
1007,1006,Sungguh balapan yang intens...
1007,1005,<i>Batuk, mengi!</i>
1007,120000,Wahoooo! Api!
1007,140000,Ini sangat menarik!
1007,140001,Awww ya! Mengerti!
1007,140002,Apa?! Itu... Itu jatuh?!
1007,140003,Hehehe! Bicara tentang hasil tangkapan yang besar!
1007,140004,Mari kita berhenti di sini saja untuk hari ini!
1007,140005,Tidak woooooogh!
1007,140006,Hehehe! Bicara tentang hasil tangkapan yang besar!
1007,140007,Mari kita berhenti di sini saja untuk hari ini!
1007,140008,hehe.
1007,140009,Ya!
1007,140010,None
1007,140011,Dengan serius?!
1007,140014,Tidaaaak...
1007,140015,Oh.
1007,140016,Damai, damai! ☆
1007,140012,Fiuh! Tidak buruk!
1007,140013,Wah!
1007,140017,Oh ayolah!
1007,140018,Nghhhh...
1007,40000,Ini semakin menarik!
1007,40001,Ini semakin menarik!
1007,40002,Hah! Ambil ini!
1007,30004,Yaaay! Yaaay! AMBIL ITU! Hehe, bagaimana? ★
1007,30005,Putar-putar dan wow! Pose tempat pertamaku!
1007,31000,Berlarilah!
1007,13,Oh, kamu dengar itu? Ini bonus login hari ini.
1007,15,Anda akan mendapatkan ini besok!
1007,110000,Oh, waktunya latihan? Kurasa aku akan mengarahkan pandanganku untuk menjadi... Ratu Shogi!
1007,110001,Kenangan, ya? Saat-saat kami menghabiskan seminggu di laut dalam sungguh membawa saya kembali.
1007,110002,Sebaiknya Anda menjadikannya balapan yang menarik.
1007,10021,Hah, sepertinya level arsip shmarchive atau apalah itu sudah naik!
1007,20051,Oooh, mari kita bersenang-senang!
1007,70000,Mari kita ikuti arus saja.
1007,95005,Serahkan pada Golshi yang perkasa!
1007,95006,Sekarang aku bisa mengejarmu kemana-mana!
1007,70004,Bertransformasi menjadi siswa teladan Golshi! ♪
1007,70010,Aku punya alat mata-mata yang disembunyikan di seragam ini... Sebenarnya, aku tidak punya.
1007,70008,Astaga... Aku takut betapa menakjubkannya penampilanku dalam pakaian semanis ini.
1007,70014,Anda tahu embel-embel ini terbuat dari apa? Sebenarnya, tidak... Demi keselamatan Anda, sebaiknya saya tidak mengatakannya.
1007,70009,Kemungkinannya tidak terbatas bagi saya saat ini! Aku akan membuat rumah kartu setinggi 100 meter!
1007,70015,Kamu akan terbakar jika menyentuh Golshi perkasa yang berjubah merah sekarang...
1007,71004,Bertransformasi menjadi siswa teladan Golshi! ♪
1007,71010,Aku punya alat mata-mata yang disembunyikan di seragam ini... Sebenarnya, aku tidak punya.
1007,71008,Astaga... Aku takut betapa menakjubkannya penampilanku dalam pakaian semanis ini.
1007,71014,Anda tahu embel-embel ini terbuat dari apa? Sebenarnya, tidak... Demi keselamatan Anda, sebaiknya saya tidak mengatakannya.
1007,71009,Kemungkinannya tidak terbatas bagi saya saat ini! Aku akan membuat rumah kartu setinggi 100 meter!
1007,71015,Kamu akan terbakar jika menyentuh Golshi perkasa yang berjubah merah sekarang...
1007,2030,Ikuti Golshi yang perkasa!
1007,2031,Kami masih muda! Ayo berlomba menuju laut!
1007,2032,Terima kasih, Pelatih!
1007,2033,Jika saya akan balapan, Anda bisa bertaruh saya akan menang, dengan heboh!
1007,2034,Pesta?! Perlombaan?! Keduanya?! Lemparkan semuanya padaku!
1007,2035,Terima kasih, Pelatih!
1007,400012,Jika kamu menyelesaikan semuanya, aku akan meminjamkanmu separuh dunia!
1007,400013,Maaf, acaranya sudah selesai. Sampai jumpa di festival berikutnya!
1007,410000,Ayo berangkat!
1007,410001,AWWW YEEEEE!
1007,410002,Ya!
1007,410003,Ya!
1007,410004,Ya.
1007,410005,Ya.
1007,410006,Ahahaha...
1007,410007,Ahahaha...
1007,410008,Ahahaha...
1007,81000,Jika kamu ingin menjadi penjual yakisoba terkuat yang pernah ada, datanglah padaku!
1007,81001,Di episode berikutnya—Golshi mulai berbisnis! Jangan lewatkan!
1007,70018,Kemenangan yang luar biasa!
1007,70019,Mari kita jadikan pertarungan yang menyenangkan dan sengit!
1007,71018,Kemenangan yang luar biasa!
1007,71019,Mari kita jadikan pertarungan yang menyenangkan dan sengit!
1007,90020,Selamat Hari Valentine, lho!
1008,10000,Aku berkata pada diriku sendiri bahwa aku tidak akan pernah menyerah! Jadi itu sebabnya... itu sebabnya aku juga tidak akan menyerah dalam ujianku!
1008,10001,Aku akan menjadi sangat keren dengan caraku sendiri. Pastikan Anda mengikutinya, rekan!
1008,10002,Jadi, hei... bagaimana kalau... bagaimana kalau suatu hari, setelah aku mendapatkan sepeda motorku, kita pergi ke pantai itu dan jalan-jalan? ...Aku akan membiarkanmu naik di belakang.
1008,10003,Yo, Selamat Tahun Baru! Ini adalah satu tahun lagi untuk menginjak gas dan meninggalkan semua orang dalam debu!
1008,10004,Agh, aku dikasih coklat lagi. Aku tahu mereka tidak bermaksud apa-apa, tapi... kau tahu... itu tetap saja memalukan.
1008,10005,Apakah kamu... melihat apa yang ada di mejamu? Hari ini... kau tahu... VV-Hari Valentine. Sekadar tanda penghargaan saya. Jangan terlalu banyak membacanya!
1008,10006,Anda harus membeli kertas berlapis emas untuk slip permintaan! Itu yang paling keren dan paling menonjol! Harapan <I>harus</I> itu menjadi kenyataan, bukan begitu?
1008,10007,Aku bukan anak kecil yang senang dengan permen... Tapi, maksudku, jika kamu sudah memilikinya, maka aku akan mengambilnya.
1008,10008,Di tempat saya, kami mengatakan Santa mengendarai sepeda motor berwarna merah cerah. Wah, dulu aku bermimpi punya sepeda terbang!
1008,10009,Selamat berlibur! Hei, ayo pergi ke suatu tempat. Hari ini adalah hari yang seharusnya Anda habiskan bersama orang yang Anda sukai—maksud saya, pasangan Anda dalam kejahatan, bukan?
1008,10010,Kami akan berangkat besok pagi! Tidak ada pengendara motor yang melewatkan matahari terbit pertama tahun ini.
1008,10011,Oh, ini hari ulang tahunmu? Selamat. Ayo ambil sesuatu yang enak untuk dimakan. Minuman air mancurmu ada padaku!
1008,10012,H-hei, hari ini hari ulang tahunmu, kan? Um... aku membelikanmu kue! Anda sebaiknya punya ruang untuk itu!
1008,10013,Hari ini ulang tahunku! Saya telah memperoleh tingkat ramah tamah dan keren lainnya! ♪
1008,10014,Hah? Kamu ingin keluar untuk merayakan ulang tahunku? Anda benar-benar tidak perlu melakukannya! Hal itu terlalu memalukan! Tapi aku akan pesan kue bersamamu.
1008,10015,Ada semacam pemberitahuan. Pastikan Anda memeriksanya!
1008,10016,Ooh, hadiah! Apa itu? Biarkan aku membukanya bersamamu!
1008,10017,Bagus, Anda menyelesaikan misi! Itu pasanganku untukmu.
1008,10018,Sepertinya mereka sedang mempersiapkan sebuah acara. Saya harap mereka membuatnya keren.
1008,10019,Ada acara! Kita akan menjadi orang yang mengalahkan yang lain, kan?! hehe!
1008,20000,Sial, aku merasa lemas... Sepertinya akhir-akhir ini aku menginjak pedal gas terlalu keras.
1008,20001,Aku menjadi sangat linglung akhir-akhir ini. Sepertinya aku tidak bisa menghilangkan rasa lelahku.
1008,20002,Wah! Aku! Merasa! Besar! Saya yakin saya bisa melakukan apa saja sekarang!
1008,20003,<i>Vroom, vroooom!</i> Mesin hatiku memanas hingga maksimal!
1008,20004,Ayo berangkat! Aku sudah gatal ingin menggerakkan tubuhku!
1008,20005,Saya benar-benar bersemangat! Saya tidak peduli apa itu—saya akan menyelesaikan pekerjaannya!
1008,20006,Saya akan berlatih semaksimal mungkin seperti biasanya!
1008,20007,Hai! Apa acara hari ini?
1008,20008,Tidak bisakah kamu membuat latihan menjadi lebih keren? Akan terasa lebih berharga jika seperti itu, kau tahu?
1008,20009,Argh, aku tidak punya kekuatan! Tapi di saat-saat seperti inilah Anda harus melewatinya, bukan?!
1008,20010,Uggghhh, badanku terasa berat sekali. Saya ingin naik sepeda motor dan menyegarkan diri.
1008,20011,Aku sedang tidak ingin melakukan apa pun... Sobat, tidak ada yang lebih menyedihkan dari ini.
1008,20021,Wah, hei, balapan lagi? Anda harus memberi saya istirahat segera atau saya tidak akan dapat tampil ketika saya benar-benar membutuhkannya.
1008,20022,Ugh, kamu membuatku lari <i>lagi?!</i> Itu sama sekali tidak keren. Anda perlu memikirkan kembali hal itu. aku serius.
1008,20023,Wujudku adalah api! Saya akan berkendara bersama dewi kemenangan, Anda lihat saja!
1008,20024,Wah! Aku penuh dengan kekuatan! Aku akan membakar lintasan dengan serangan tercepatku sampai ke garis finis!
1008,20025,Ya! Darahku mendidih karena energi!
1008,20026,Saya siap semampu saya! Tidak mungkin aku kalah!
1008,20027,Saya dalam kondisi bagus! Saya rasa saya akan mampu menangkap hembusan angin yang kencang.
1008,20028,Kakiku terasa ringan... Heh! Anda sebaiknya menantikan hasil balapan.
1008,20029,Dengan kakiku ini, aku akan menerobos seperti biasanya!
1008,20030,Saya merasa cukup baik, jadi seharusnya tidak ada masalah jika saya berlari seperti biasanya.
1008,20031,Saya akan berlari dan menang seperti yang selalu saya lakukan!
1008,20032,Aku tidak bisa mengumpulkan kekuatan apa pun, tapi aku akan menjadi yang paling keren jika menang dalam kondisi ini!
1008,20033,Saya tidak bisa mengatakan saya sudah siap, tapi siapa yang tahu apa yang akan terjadi? Itulah yang membuat balapan menjadi menyenangkan!
1008,20034,Meski perasaanku sedang tidak enak, aku akan menang. Jika aku berpikir aku akan kalah, maka aku tidak akan bisa menang meskipun aku mampu melakukannya.
1008,20035,Sial! Tubuhku terasa sangat berat. Tapi aku tidak akan menyerah. Jika aku tidak melakukan perlawanan di sini, aku akan mengkhianati siapa diriku!
1008,20036,Meski aku punya kekhawatiran, yang bisa kulakukan hanyalah terus berlari ke depan... karena aku mewarisi semangat pengendara motor!
1008,20037,Ya, aku tidak merasa lebih buruk lagi, tapi semakin menegangkan kondisinya, semakin bersemangat aku!
1008,20038,Biarkan aku melakukannya!
1008,20039,Sudah waktunya!
1008,20040,Saya mengerti!
1008,20041,Eh, belajar?
1008,20042,Sial.
1008,20043,Saya tidak mengerti!
1008,20046,Ya, ayo pergi!
1008,20047,Ayo nikmati angin laut!
1008,20049,Saya harus berterima kasih kepada Anda, Pelatih!
1008,20050,Saya harus menunjukkan rasa terima kasih saya! Terima kasih!
1008,30000,Posisi pertama berikutnya adalah milikku!
1008,30001,Semakin tinggi temboknya, semakin aku bersemangat!
1008,30002,Saya ingin mendorong lebih keras.
1008,30003,Astaga, aku sangat timpang...
1008,60000,Aku akan membuatmu merinding!
1008,60001,Mendorong dengan kecepatan penuh!
1008,70001,Harus kuakui, kamu punya mata yang bagus. Lagi pula, Anda memperhatikan betapa kerennya saya di hadapan orang lain.
1008,90000,Hai! Pagi! Mari kita balapan hari ini dengan kecepatan penuh!
1008,90001,Oh, kamu di sini! Kabar baik untuk saya! Bisakah saya memberi tahu saya jawabannya—maksud saya, petunjuk! Beri saya beberapa petunjuk untuk pekerjaan rumah saya! Silakan?!
1008,90002,<I>Menguap...</I> Aku mengantuk. Sepertinya aku terlalu berlebihan kemarin. Mungkin aku akan tidur siang di rooftop atau apalah.
1008,90003,Ugh, kamu menemukanku. Ti-tidak, bukannya aku berpikir untuk bolos kelas demi lari! Ahahaha!
1008,90004,Aku bertanya-tanya sampai kapan aku harus begadang? Hehe, tak ada gunanya menceramahiku, tahu? Karena aku baaad sampai ke tulang!
1008,90005,Wah, kamu masih bekerja? Apakah kamu tidak lelah? Saya akan mengebor siku saya ke bahu Anda untuk membantu. Itu adalah teknik pijat yang diajarkan ayahku!
1008,90006,Sawi ladang kurang enak dimakan karena pahit, tapi pemandangannya menakjubkan dari atas sadel sepeda motor!
1008,90007,Sinar matahari sangat terik selama musim panas, jadi bagaimana kalau berlari dengan tirai? Terlihat keren dan praktis! Jenius, kan?!
1008,90008,Dedaunan musim gugur di celah gunung mungkin sedang indah saat ini. Ayo lari cepat ke sana lain kali! Saya tahu tempat dengan pemandangan indah!
1008,90009,Jangan berjalan-jalan dengan tangan di saku hanya karena terlihat keren! Itu berbahaya, kau tahu? Tentu saja, hal itu tidak menghentikan saya untuk melakukannya!
1008,91000,Ugh, aku kalah dari Opera O lagi. Bagaimana dia bisa tampil dengan pose keren seperti itu?
1008,91001,Awww, aku ingin ngobrol penuh semangat tentang hal-hal seperti suara gemuruh knalpot sepeda motor, seperti yang aku lakukan dengan ayahku!
1008,91002,<I>Vrrrr... Vroom, vroom!</I> Maaaaan, aku sangat ingin motorku sendiri!
1008,91003,Ack... Mengingat kembali percakapan yang baru saja kulakukan membuat wajahku panas... Sialan Mayano itu! Dia dan kata-kata kasar cintanya yang ekstrem!
1008,91004,Brian keren sekali! Dia agung dan kuat... Yah, dia akan mengejarku suatu hari nanti!
1008,91005,Ugh... Urrrggghhh... GRAHHH! Embel-embel ini sangat mengganggu! Wajahku panas sekali! Ini sama sekali bukan aku!
1008,91006,Qu-berhenti menatapku! A-dan! Jangan berani-berani bilang kalau aku c-c-c-imut! Mengerti?!
1008,91007,Jaket ini ringan dan mudah untuk dibawa-bawa. Rebusnya luar biasa! Hoo, aku tidak sabar untuk berlari!
1008,91008,Pose seperti apa yang harus saya lakukan? Mungkin sebaiknya aku berdiri tegak dengan tangan di rahang... Tapi aku juga ingin memamerkan jam di leherku... Hmm.
1008,91009,Bahaha, aku baru ingat bagaimana rupa bedhead Scarlet pagi ini. Tidak ada yang benar-benar mengalahkan gaya rambut saya yang keren dan keren!
1008,91010,Oh ya, Americano tidak ada yang bisa membangunkan Anda setelah makan siang! Kepahitannya baru saja menampar wajah Anda!
1008,91011,Saya akan bangun sebelum semua orang besok dan kemudian melakukan latihan individu! Aku ingin tahu bagaimana reaksi Scarlet?
1008,91012,Mari kita mulai tahun ajaran baru dengan penuh semangat! Saya akan memecahkan semua rekor!
1008,91013,Teh jelai di bebatuan terasa berbeda di hari musim panas!
1008,91014,Aku tidak tahu apa itu, tapi melihat ke bulan membuatku bersemangat! Mungkin itu karena aku serigala yang sendirian?!
1008,91015,Dingin sekali! Aku berjuang keras untuk bangun dari tempat tidur di pagi hari... Ibuku biasa menarik selimutku... Brr!
1008,92000,Latih aku dengan sangat baik!
1008,92001,Jangan beri saya instruksi setengah matang! Saya serius ingin mencapai puncak!
1008,92002,Aku sudah menunggu begitu lama, gigiku berkarat semua. Ayo, kita mulai!
1008,92003,Saya sudah makan, dan saya tidur siang selama kelas, jadi saya siap untuk merobek lintasan!
1008,92011,Bawakan itu padaku! Ada seseorang yang harus kukalahkan, apa pun yang terjadi.
1008,92005,Beri aku semua yang kamu punya! Tidak ada yang tidak bisa saya lakukan!
1008,92006,Aku punya aura yang lebih kuat dalam diriku sekarang, bukan? Hehe, kamu juga cukup bagus dalam apa yang kamu lakukan.
1008,92007,Aku akan menjadi lebih kuat. Pegang erat-erat agar Anda tidak terjatuh dari perjalanan liar ini!
1008,93000,hehe! Dan itulah mengapa kamu adalah temanku!
1008,93001,Aku cukup keren, ya?
1008,95000,Rah! Saya bersemangat!
1008,95001,Saya akan memacunya hingga kecepatan penuh—sekarang ayo beraksi!
1008,95003,Hai! Saya Vodka!
1008,1008,Oke, ayo bersiap dan bersiap berangkat!
1008,1023,Aku bersamamu sepanjang waktu!
1008,1024,Mari kita lakukan ini sesuai dengan maksud kita!
1008,1000,Ayo pergi!
1008,1001,Ah ya!
1008,1003,Itu adalah balapan yang hebat.
1008,1002,Kami kalah!
1008,1004,Kemenangan yang luar biasa!
1008,1007,Wah, itu skor tinggi baru!
1008,1006,Itu adalah balapan yang hebat.
1008,1005,Kami kalah!
1008,120000,Saya semakin bersemangat!
1008,140000,Oke, ayo bersiap dan bersiap berangkat!
1008,140001,Mengerti!
1008,140002,Mustahil!
1008,140003,Ya!
1008,140004,Terima kasih!
1008,140005,Sungguh? Itu menyebalkan.
1008,140006,Ya!
1008,140007,Terima kasih!
1008,140008,Hm-hmm.
1008,140009,Ahahaha!
1008,140010,Hehehe.
1008,140011,Manis!
1008,140014,Gahhh!
1008,140015,None
1008,140016,Hei, Pelatih!
1008,140012,Bagus!
1008,140013,None
1008,140017,Urghhh!
1008,140018,TIDAK...
1008,40000,Menabrak dengan kecepatan penuh!
1008,40001,Menabrak dengan kecepatan penuh!
1008,40002,Akan kutunjukkan padamu!
1008,30004,Ngh... Hahhh! Rahhh!
1008,30005,Heh... aku menang!
1008,31000,Ini dia!
1008,13,Ooh, bonus masuk.
1008,15,Ini akan terjadi besok.
1008,110000,Oh, waktunya latihan?
1008,110001,Ughhh, banyak sekali kata-katanya.
1008,110002,Apakah kita akan mengikuti perlombaan?
1008,10021,Sepertinya Arsip Umamusume Anda telah naik level.
1008,20051,Baiklah, mari kita mulai!
1008,70000,Mari kita terus menghancurkannya!
1008,95005,Saya mengerti!
1008,95006,Kamu bisa lebih mengandalkanku, tahu?
1008,70004,Kalau saja aku bisa bergerak sedikit lebih mudah...
1008,70010,Aku tidak bisa melepaskan lengan bajuku, kan...
1008,70008,Ini agak memalukan.
1008,70014,Ugh... Apa tidak ada yang lebih keren lagi?
1008,70009,Merayu! Manis! Ini keren!
1008,70015,Angin terasa begitu dekat dengan kulitku ketika aku memakai ini!
1008,71004,Kalau saja aku bisa bergerak sedikit lebih mudah...
1008,71010,Aku tidak bisa melepaskan lengan bajuku, kan...
1008,71008,Ini agak memalukan.
1008,71014,Ugh... Apa tidak ada yang lebih keren lagi?
1008,71009,Merayu! Manis! Ini keren!
1008,71015,Angin terasa begitu dekat dengan kulitku ketika aku memakai ini!
1008,2030,Ayo pergi!
1008,2031,Oke, ayo bersiap dan bersiap berangkat!
1008,2032,Saya harus menunjukkan rasa terima kasih saya! Terima kasih!
1008,2033,Kakiku terasa ringan... Heh! Anda sebaiknya menantikan hasil balapan.
1008,2034,Ya! Darahku mendidih karena energi!
1008,2035,Saya harus menunjukkan rasa terima kasih saya! Terima kasih!
1008,81000,Anda ingin berperang melawan saya? Tentu, ayo!
1008,81001,Oke, saatnya aku serius!
1008,70018,Keren sekali!
1008,70019,Aku akan menghancurkannya dan menang!
1008,71018,Keren sekali!
1008,71019,Aku akan menghancurkannya dan menang!
1008,90020,Selamat Hari Valentine.
1009,10000,Kamu benar-benar aneh karena ingin mendukungku, sejujurnya... Tapi kurasa aku tidak keberatan.
1009,10001,Aku akan menjadi Umamusume nomor satu. Kamu sebaiknya tetap di sisiku dan menjadi pelatih nomor satu juga!
1009,10002,Mungkin tidak terlihat seperti itu, tapi aku mengandalkanmu, setidaknya sedikit...
1009,10003,Selamat tahun baru. Saya akan terus berusaha menjadi nomor satu tahun ini, jadi tidak ada waktu untuk bermalas-malasan sekarang!
1009,10004,Cokelat? Saya kira saya akan memberikannya nanti, jika Anda mau. Hehe, tapi aku mengharapkan hadiah paling mewah nomor satu sebagai balasannya!
1009,10005,Ini—cokelat Hari Valentine. A-Aku hanya melakukan ini untuk sopan santun, oke?! Yah, menurutku kamu adalah <I>sedikit</I> yang spesial.
1009,10006,Apakah Anda menulis permohonan di slip permohonan Anda? Saya sudah menulis milik saya, dan itu jelas menjadi nomor satu.
1009,10007,Permen apa yang harus saya buat untuk diberikan pada Halloween tahun ini? ...Oh, kamu mau juga? Baiklah, menurutku.
1009,10008,Mama memberiku seikat bunga sepanjang tahun ini. Dia tahu segalanya tentang bahasa bunga. Aku ingin tahu apa yang akan dia berikan padaku tahun ini?
1009,10009,Jadi kamu juga akan senang mendapat hadiah dariku? A-aku tidak bilang aku akan memberimu satu!
1009,10010,Menghabiskan waktu setahun untuk menjadi nomor satu telah membuatnya berlalu begitu cepat. Saya akan menargetkan lebih tinggi lagi tahun depan!
1009,10011,Hari ini hari ulang tahunmu, kan? Kamu melakukan banyak hal untukku setiap hari, jadi kurasa aku bisa membuatkanmu kue... tapi hanya itu yang kamu dapatkan.
1009,10012,Jadi, um... Selamat ulang tahun! A-Aku merayakannya bersamamu, jadi sebaiknya kamu bahagia! Hmph!
1009,10013,Oh? Anda benar-benar ingat hari ulang tahun saya? Ya, kamu <I>adalah</I> pelatihku, jadi tidak sopan jika kamu tidak melakukannya.
1009,10014,Mengapa kamu begitu bersemangat menyambut ulang tahun kecil ini? Kamu sangat dramatis... Tapi aku tidak keberatan.
1009,10015,Ada pemberitahuan baru. Anda sebaiknya ingat untuk memeriksanya!
1009,10016,Oh lihat, hadiah! Hei, aku juga ingin melihat apa itu!
1009,10017,Sepertinya Anda telah menyelesaikan misi. Namun, jangan berpuas diri. Berikan semuanya lain kali juga!
1009,10018,Sudah hampir waktunya untuk sebuah acara. Saya berasumsi Anda sudah siap?
1009,10019,Ada acara! Kami harus bertujuan untuk menjadi nomor satu dan melewati semua orang!
1009,20000,Argh, aku benci ini! Tubuhku tidak bergerak sesuai keinginanku! Menyebalkan sekali!
1009,20001,Permisi? Siapa bilang aku terlalu memaksakan diri?! Aku hanya... sedikit lelah.
1009,20002,Tubuhku terasa sangat ringan! Saya merasa bisa melakukan apa saja sekarang! ♪
1009,20003,Apakah kita akan segera berlari atau bagaimana? Cepat dan mulai latihan!
1009,20004,Kakiku bergerak dengan baik, jadi ini tidak terlalu buruk.
1009,20005,Saya masih punya ruang untuk berkembang! Biarkan aku berlari lebih banyak!
1009,20006,Saya harus memberikan segalanya untuk menjadi nomor satu.
1009,20007,Aku akan mengerahkan seluruh kemampuanku hari ini.
1009,20008,Ugh, kakiku terasa berat sekali... Aku harus melakukan sesuatu untuk mengatasi ini.
1009,20009,Tidak ada waktu untuk mengeluh! Semakin buruk perasaan Anda, semakin keras Anda harus mencoba!
1009,20010,Bisakah saya... benar-benar menjadi nomor satu?
1009,20011,Tubuhku terasa berat sekali... Mungkinkah ini... terlalu banyak bekerja?
1009,20021,Balapan lain? Saya tidak akan puas sampai Anda menjelaskan alasan Anda melakukan hal ini kepada saya!
1009,20022,Jangan bilang kamu ingin aku balapan <i>lagi?</i> Apakah kamu memikirkan jadwalku? Apa yang kamu? Tape recorder rusak?
1009,20023,Hehe, aku dalam kondisi sempurna! Saya merasa tidak dapat dihentikan saat ini!
1009,20024,Saya merasa sangat baik! Perhatikan bentuk lariku yang terakhir!
1009,20025,Itu nomor satu atau tidak sama sekali bagi saya! Saya <I>akan</I> menang!
1009,20026,Ya, saya merasa luar biasa! Yang tersisa hanyalah saya memberikan semua yang saya punya!
1009,20027,Ini adalah balapan yang penting! Saya dalam kondisi bagus, jadi tidak mungkin saya kalah!
1009,20028,Kondisiku terlihat bagus! Anda dapat mengharapkan kabar baik!
1009,20029,Saya telah bekerja keras untuk balapan ini, jadi saya akan kembali dengan kemenangan.
1009,20030,Aku tidak merasa terlalu buruk, jadi aku harus bisa mengeluarkan seluruh kekuatanku.
1009,20031,Saya merasa tegang ketika datang ke panggung dan acara besar. Tidak mungkin aku merasa gugup!
1009,20032,Apa? Apakah Anda khawatir tentang sesuatu? Tidak apa-apa, aku akan mengurusnya. Aku... aku yakin semuanya akan baik-baik saja!
1009,20033,Perlombaan tujuan saya? Apapun keadaannya, tujuanku adalah selalu menjadi nomor satu!
1009,20034,Saya tidak bisa duduk-duduk mengeluh. Saya akan menjalankan balapan saya sendiri sampai akhir. Tidak lebih, tidak kurang.
1009,20035,Inilah yang saya hadapi dalam kondisi saya? Ugh, bicara soal sulit... Tapi aku hanya harus menyelesaikan pekerjaannya!
1009,20036,Saya tidak ingin menggunakan kondisi saya sebagai alasan! Jika saya ingin mencapai puncak, maka saya harus berlari sebaik mungkin, apa pun yang terjadi!
1009,20037,Aku tidak akan menyerah tanpa perlawanan! Aku harus bangkrut! Dan sebaiknya aku menghancurkan lawanku selagi aku melakukannya!
1009,20038,Ini dia!
1009,20039,Saya akan menyelesaikan ini!
1009,20040,Lihat saja!
1009,20041,Saya harus fokus!
1009,20042,Itu aneh...
1009,20043,...Bagaimana aku bisa gagal?
1009,20046,Waktunya berangkat!
1009,20047,Kita akan pergi ke pantai!
1009,20049,Itu tidak terlalu buruk. Terima kasih atas usaha Anda.
1009,20050,Saya kira saya akan menunjukkan rasa terima kasih saya... Terima kasih.
1009,30000,Sungguh menyebalkan... Saya <I>akan</I> finis di posisi pertama lain kali!
1009,30001,Tempat ketiga?! Saya pasti akan menang lain kali!
1009,30002,Apa?! Aku baru saja berhasil menempatkannya?!
1009,30003,Tidak, aku harus menjadi lebih kuat!
1009,60000,Nantikan konserku!
1009,60001,Saya akan memberikannya energi nomor satu saya hari ini!
1009,70001,Kalau dipikir-pikir, kamu selalu menjadi orang yang aneh sejak awal. Aku tidak akan pernah bisa melupakan hal itu.
1009,90000,Pagi! Mari kita mulai latihan pagi kita! Cepat dan bersiaplah!
1009,90001,Kenapa kamu masih setengah tertidur? Terlihat tajam! Bagaimanapun juga, kamu adalah pelatihku!
1009,90002,Halo, Pelatih! ♪ Ugh, kamu seharusnya cocok dengan auraku! Yang lain sedang menonton!
1009,90003,Karena saya ingin menjadi nomor satu, saya ingin Anda menyusun program pelatihan untuk mewujudkannya!
1009,90004,<I>Menguap...</I> Aku sedikit mengantuk, tapi aku juga harus menyelesaikan pekerjaan rumahku. Saya tidak ingin berkompromi dengan studi saya!
1009,90005,Saya tidur paling lambat dan bangun paling awal. Itulah artinya mencapai puncak! ...Aku tidak memaksakan diriku terlalu keras!
1009,90006,Saya yakin akan terasa luar biasa berlari di bawah sinar matahari musim semi! Kapan balapan saya selanjutnya?
1009,90007,Aku punya kecenderungan mudah tersinggung saat cuaca panas seperti ini. Saya harus bertindak lebih seperti siswa teladan!
1009,90008,Akhir-akhir ini cuacanya lebih nyaman. Saya membuat kemajuan yang lebih baik dalam pelatihan dan belajar di suhu yang lebih dingin ini—ini sangat membantu.
1009,90009,Anda tidak masuk angin, bukan? Pastikan Anda mengambil tindakan pencegahan yang tepat!
1009,91000,Air Groove sedikit menakutkan... tapi saya mengagumi kesempurnaannya.
1009,91001,Bukankah aku terlihat luar biasa dengan tiara ini? Mama memberikannya kepadaku untuk merayakan diterimanya Akademi Tracen!
1009,91002,Tachyon sangat baik. Dia berbagi teh lezatnya denganku dan memberiku barang-barang berguna.
1009,91003,Ugh... Horoskop TV pagi ini menempatkan tanda bintangku di nomor dua... Lumayan, tapi sangat membuat frustrasi!
1009,91004,Hei, berhentilah melakukan zonasi! Anda membuang-buang waktu!
1009,91005,Uh... Apakah perasaan ini sedikit lebih tegang? <I>Huh...</I> Aku harus menyesuaikannya nanti. Saya perlu lebih mempertimbangkan potensi percepatan pertumbuhan saya...
1009,91006,Saya ingin menjadi yang tercepat, terkuat—Umamusume sempurna nomor satu. Saya merasa seperti saya secara bertahap semakin mendekati cita-cita saya.
1009,91007,Saya perlu mendapatkan hasil yang layak untuk pakaian ini. Tolong beri saya hari latihan yang berat lagi hari ini!
1009,91008,Tidak peduli kapan, di mana, atau melawan siapa—saya akan melewati garis finis sebagai juara pertama! Itu kebijakan saya!
1009,91009,Tahukah kamu? Menjadi orang pertama yang tiba di sekolah untuk latihan pagi sungguh luar biasa!
1009,91010,Oh tidak, saya perlu membeli pisang sebelum pelatihan dimulai! Menjaga nutrisi yang tepat sangatlah penting.
1009,91011,Aku ingin membakar dupa di malam hari, tapi Vodka melarangku. Dia bilang itu membuatnya gelisah.
1009,91012,Mereka mengatakan bahwa mudah untuk tidur berlebihan di musim semi, tetapi jika saya ingin menjadi nomor satu, maka saya tidak punya waktu untuk keluar dari zona!
1009,91013,Musim panas sangat menyenangkan! Hari-harinya panjang, jadi saya bisa banyak berlatih!
1009,91014,Hei, kamu tidak makan berlebihan karena semua makanan enak di musim gugur, kan? Pastikan untuk makan dalam jumlah sedang.
1009,91015,Ini sangat...tidak dingin! Ini bukan apa-apa bagiku! Saya baik-baik saja! Ayo, kita berlatih!
1009,92000,Apa saja program pelatihan hari ini? Saya tidak akan mentolerir rutinitas yang setengah matang.
1009,92001,Saya mengincar posisi teratas, jadi saya harus berlari lebih jauh dari siapa pun!
1009,92002,Saya sudah melakukan peregangan, jadi saya siap sekarang! Tidak peduli betapa sulitnya latihannya, saya akan melakukannya <I>dengan sempurna!</I>
1009,92003,Saya tidak akan menyerahkan posisi nomor satu kepada siapa pun, tidak peduli seberapa kuat lawan saya.
1009,92011,Berhentilah menyeret kakimu! Ayo langsung berlatih!
1009,92005,Saya mengerahkan lebih banyak energi daripada biasanya! Saya ingin menjadi nomor satu dan naik ke panggung secepat mungkin!
1009,92006,Saya sebenarnya merasa menjadi lebih cepat akhir-akhir ini! Tapi saya jelas belum puas! Saya masih bisa melaju lebih cepat!
1009,92007,Saya menantikan untuk melihat program pelatihan terbaik yang pernah Anda buat.
1009,93000,Hehe, aku senang bisa mengincar nomor satu bersamamu!
1009,93001,Tidak buruk! Saya akan memberi Anda sedikit pengakuan.
1009,95000,Saya masih bisa menjadi lebih kuat lagi!
1009,95001,Dengan ini, aku akhirnya bisa menjadi nomor satu!
1009,95003,Aku, Daiwa Scarlet, libur!
1009,1008,Kami akan menjadi nomor satu!
1009,1025,Aku tidak percaya kita bisa balapan bersama!
1009,1026,Bagaimana perasaanmu, Tachyon?
1009,1000,Ini dia!
1009,1001,Jangan pernah ragu!
1009,1003,Hal-hal ini terjadi.
1009,1002,Apa? Bagaimana?!
1009,1004,Ya, kami menang!
1009,1007,Skor tinggi baru!
1009,1006,Hal-hal ini terjadi.
1009,1005,Apa? Bagaimana?!
1009,120000,Wow, aku penuh dengan kekuatan!
1009,140000,Tangkap mereka!
1009,140001,Hore!
1009,140002,Mustahil!
1009,140003,Itu luar biasa!
1009,140004,Bagus sekali!
1009,140005,Hal-hal ini terjadi.
1009,140006,Itu luar biasa!
1009,140007,Bagus sekali!
1009,140008,Hmm-hmm! ♪
1009,140009,hehe!
1009,140010,hehe!
1009,140011,Wow...
1009,140014,Argh!
1009,140015,Hrrmmmm...
1009,140016,Hai!
1009,140012,Ahahaha!
1009,140013,Baiklah!
1009,140017,Hm...
1009,140018,Hah?!
1009,40000,Saya akan menang... dengan anggun!
1009,40001,Saya akan menang... dengan anggun!
1009,40002,Saya nomor satu!
1009,30004,hehe! ♪ Aku tahu aku nomor satu!
1009,30005,Apakah kamu melihat aku berlari kembali ke sana?
1009,31000,Ini dia!
1009,13,Ini adalah bonus masuk hari ini.
1009,15,Anda akan mendapatkan ini besok.
1009,110000,Oh, kita akan berlatih?
1009,110001,Wow, ada sejarah yang luar biasa di sini...
1009,110002,Apakah kita sedang mengikuti perlombaan?
1009,10021,Sepertinya level Arsip Umamusume Anda sudah naik!
1009,20051,Ayo berlatih!
1009,70000,Pastikan untuk mengikuti saya!
1009,95005,Serahkan peran pendukung kepada saya!
1009,95006,Bahkan sebagai support, aku nomor satu!
1009,70004,Bagaimana menurutmu? Saya membuat seragam terlihat luar biasa juga.
1009,70010,Seragam di sini sungguh lucu sekali.
1009,70008,Saya akan menjadi bintang nomor satu di konser!
1009,70014,Saya bisa menari apa pun dengan sempurna!
1009,70009,Tidak mungkin aku akan kalah dari siapa pun!
1009,70015,Saya <I>akan</I> menjadi nomor satu, lihat saja!
1009,71004,Bagaimana menurutmu? Saya membuat seragam terlihat luar biasa juga.
1009,71010,Seragam di sini sungguh lucu sekali.
1009,71008,Saya akan menjadi bintang nomor satu di konser!
1009,71014,Saya bisa menari apa pun dengan sempurna!
1009,71009,Tidak mungkin aku akan kalah dari siapa pun!
1009,71015,Saya <I>akan</I> menjadi nomor satu, lihat saja!
1009,2030,Ini dia!
1009,2031,Kami akan menjadi nomor satu!
1009,2032,Saya kira saya akan menunjukkan rasa terima kasih saya... Terima kasih.
1009,2033,Kondisiku terlihat bagus! Anda dapat mengharapkan kabar baik!
1009,2034,Itu nomor satu atau tidak sama sekali bagi saya! Saya <I>akan</I> menang!
1009,2035,Saya kira saya akan menunjukkan rasa terima kasih saya... Terima kasih.
1009,400002,Apa Mama menganggap aku anak yang sulit?!
1009,400003,Argh, ini sama sekali tidak direncanakan!
1009,400006,Mungkin yang kubutuhkan saat ini sebenarnya ada di sini.
1009,400010,Aku senang Mama bahagia. Seharusnya aku mengambil fotonya.
1009,410000,Ini dia!
1009,410001,Hore!
1009,410002,hehe!
1009,410003,hehe!
1009,410004,hehe!
1009,410005,hehe!
1009,410006,Hehehe...
1009,410007,Hehehe...
1009,410008,Hehehe...
1009,70018,Wow...
1009,70019,Tidak ada yang akan menjadi nomor satu kecuali saya!
1009,71018,Wow...
1009,71019,Tidak ada yang akan menjadi nomor satu kecuali saya!
1009,90020,Selamat Hari Valentine.
1010,10000,Aku punya pesan untukmu dari ayahku! Dia berkata, "Terima kasih telah menjaga gadis kecilku!"
1010,10001,Bang! Saya terkunci dan dimuat tepat di hati Anda, Pelatih!
1010,10002,Saya sedikit khawatir saat pertama kali datang ke Jepang, namun sekarang saya bahagia setiap hari—karena saya memiliki Anda, Pelatih!
1010,10003,Selamat Tahun Baru untukmu! Ini satu lagi permainan kejar-kejaran! Ayo masuk untuk pelukan pertamamu, partner!
1010,10004,Selamat Hari Valentine! Aku akan memberimu banyak ucapan terima kasih hari ini, Pelatih!
1010,10005,Cokelatmu istimewa! Mereka seratus kali lebih besar, dengan cinta yang seratus kali lebih banyak!
1010,10006,Saya melanjutkan dan mencatat keinginan Anda juga, Pelatih! Kita akan menjadi juara bersama-sama—bukankah itu?
1010,10007,Wow, lihat semua hantu lucu yang keluar hari ini! Aku akan memberi mereka banyak permen!
1010,10008,Selamat berlibur! Saatnya berpesta dengan banyak kalkun untuk dibagikan! Anda bertanggung jawab atas pemanggangan, Pelatih!
1010,10009,Jalanan sangat gemerlap di sekitar liburan! Hehe... Kenapa kita menyelinap ke luar kampus untuk mengintip?
1010,10010,Ciuman Tahun Baru mungkin tidak mungkin dilakukan, tetapi pelukan Tahun Baru baik-baik saja dan keren, bukan?
1010,10011,Selamat ulang tahun! Mari kita terus membuat kenangan berharga bersama mulai saat ini!
1010,10012,Kami akan berpesta ekstra keras malam ini! Karena ini hari ulang tahun pelatih terbaik di dunia—kamu!
1010,10013,Ha ha ha! Saya satu tahun lebih tua! Mari kita bersulang dengan segelas susu yang tinggi dan bertumpuk di atas susu!
1010,10014,Malam ini pesta ulang tahunku! Saya telah menyediakan tempat yang bagus untuk Anda tepat di sebelah saya, Pelatih!
1010,10015,Hah? Oh, sepertinya kamu mendapat kabar! Lebih baik periksa!
1010,10016,Wah, hadiah! Biar saya lihat sekilas juga!
1010,10017,Kamu sudah menyelesaikan misinya?! Itu adalah pelatih saya—selalu giat!
1010,10018,Lihat, Pelatih! Sebuah acara akan segera hadir! Warnai aku dengan semangat!
1010,10019,Saatnya berpesta, Pelatih! Ada acara yang sedang berjalan lancar!
1010,20000,Oh tidak... Kakiku ini tidak sesuai dengan hatiku.
1010,20001,Oof... aku kehabisan tenaga...
1010,20002,Saya tidak punya waktu untuk duduk-duduk! Saya bersedia mencoba apa pun yang Anda inginkan!
1010,20003,Serahkan padaku, rekan!
1010,20004,Mm, itu angin sepoi-sepoi! Aku ingin segera bergerak!
1010,20005,Saya mempunyai harapan besar untuk pelatihan yang luar biasa bagus!
1010,20006,Hari lain untuk memberikan semua ketabahan yang bisa saya kumpulkan!
1010,20007,Apa agenda hari ini?
1010,20008,Boo... Aku ingin melakukan sesuatu yang menyenangkan.
1010,20009,Lihat, seekor kupu-kupu! Ups, aku seharusnya berlatih...
1010,20010,<i>Huh...</i> Aku gugup karena harus keluar. Hanya berhasil makan lima steak hamburger pagi ini...
1010,20011,Boohoo... Ayah... Ibu...
1010,20021,Balapan lain? Kamu... menarik kakiku, kan?
1010,20022,Saya tersingkir dari semua balapan itu. Aku perlu istirahat sejenak...
1010,20023,Jangan khawatir—saya tidak akan mengecewakan Anda! Mataku tertuju pada tempat nomor satu itu!
1010,20024,Saya bisa menangani apa pun, tidak masalah! Hanya harus tetap fokus sampai akhir!
1010,20025,Saya sangat siap, kawan! Datanglah padaku kapan saja!
1010,20026,Kondisiku sangat bagus! Jangan khawatirkan kepalamu tentang aku!
1010,20027,Kakiku dalam kondisi yang sangat bagus! Jadi bersiaplah untuk satu balapan hebat!
1010,20028,Saya sangat bersemangat! Saya tidak sabar untuk berdiri di gerbang itu!
1010,20029,Ayo berangkat!
1010,20030,Inilah balapan yang sangat menarik!
1010,20031,Aku akan bersenang-senang—seperti biasanya!
1010,20032,Aku merasa lebih gugup dari biasanya, tapi aku juga sangat bersemangat!
1010,20033,Apa?! Sudah waktunya balapan? Saya akan segera mengganti persneling!
1010,20034,Tersenyumlah, tersenyumlah! Itu yang kamu lakukan saat kamu merasa bingung—ya!
1010,20035,Kondisi buruk atau tidak, saya tidak mau kalah!
1010,20036,Aku mungkin berada di posisi terbawah, tapi aku tetap akan berlari sampai akhir!
1010,20037,Aku sudah sampai sejauh ini, jadi sekarang aku harus bangkrut! Dengan cara apa pun!
1010,20038,Ini dia!
1010,20039,Yippee-ki-yay!
1010,20040,Ayo lakukan!
1010,20041,Saya akan menyelesaikan pekerjaannya!
1010,20042,Ya!
1010,20043,Dengan baik...
1010,20046,Ayo bersenang-senang!
1010,20047,Laut!
1010,20049,Harus kukatakan, aku menjadi lebih kuat!
1010,20050,Kerja bagus, Pelatih!
1010,30000,Oh, sangat dekat!
1010,30001,Aku tidak akan kalah lain kali!
1010,30002,Selalu ada yang berikutnya!
1010,30003,TIDAK...
1010,60000,Aku akan membuat semua orang bahagia!
1010,60001,Ayo menari dan bernyanyi!
1010,70001,hehe! Hatiku terasa hangat dan tidak jelas saat bersamamu, Pelatih!
1010,90000,Selamat pagi! Mari jadikan hari ini hari yang menyenangkan dan menyenangkan!
1010,90001,Oh! Itu kamu, Pelatih! Beruntungnya aku, bertemu denganmu tepat di awal hari!
1010,90002,Halo, Pelatih! Saya siap dan bersiap untuk memulai pelatihan!
1010,90003,Aku punya firasat kamu akan segera berakhir! Dan sepertinya saya tepat sasaran! Ya ampun!
1010,90004,Terima kasih untuk hari baik lainnya! Ini, biar aku selesaikan semua kerumitan itu untukmu!
1010,90005,Ayo berpesta! Waktu bukanlah apa-apa melainkan angka malam ini! Hanya saja, jangan beritahu Hishiama, kau dengar?
1010,90006,Musim semi telah tiba! Ini adalah musim yang tepat untuk berlari. Bagaimana kalau ikut saya satu putaran, Pelatih?
1010,90007,Musim panas di sini berbeda dengan musim panas di kampung halaman! Dan barbekyunya juga!
1010,90008,Memetik jamur dan mengagumi dedaunan musim gugur? Hehehe, sepertinya sudah waktunya memakai sepatu bot mewahku!
1010,90009,Liburan dan Hari Valentine, dengan Tahun Baru di antaranya? Musim dingin di Jepang penuh dengan pesta untuk dinikmati!
1010,91000,Suzuka benar-benar iblis kecepatan yang memimpin! Tapi lain kali aku akan mengejarnya dan memeluknya erat-erat!
1010,91001,Tentu saja, saya adalah pemenang Radio Dance Battle hari ini! Pearl belum mendapatkan yang terbaik dariku!
1010,91002,Aku punya adik perempuan di rumah, jadi itu membuatku menjadi kakak yang bonafid! Dengan kata lain, saya tahu cara beradaptasi!
1010,91003,Aku bisa fokus ketika diperlukan, lho! <i>Sekilas, sekilas...</i>
1010,91004,Oh, pekerjaan rumah itu luput dari ingatanku. Ingin tahu apakah Dober akan membantuku lagi malam ini?
1010,91005,Bang! Menembus hati para penggemarku! Saya ingin menunjukkan kepada mereka balapan yang luar biasa!
1010,91006,Hei, um... Bisakah kamu memberiku sedikit perhatian lagi?
1010,91007,Aku sudah menutupinya di tanah dan rumput! Saya akan berlomba sampai ke puncak dengan sepatu bot spesial ini!
1010,91008,Mari kita menonton film Western bersama-sama, Pelatih! Aku tidak akan memanjakannya untukmu—sedihkan hatiku!
1010,91009,Ayam-a-doodle-doo! Ahaha, itu kesan ayam terbaikku! Apakah aku juga membangunkanmu, Pelatih?
1010,91010,Oh! Aku lupa mengembalikan pena Doto. Aku akan minta maaf nanti.
1010,91011,Masih terlalu dini untuk mengucapkan selamat malam! Benar? ...Benar?!
1010,91012,<i>Mengendus, mengendus...</i> Oh, aku mencium banyak bunga. Itu musim semi Jepang untukmu!
1010,91013,Di manakah liburan musim panasku?! Aku punya terlalu banyak kelas tambahan dan pekerjaan rumah!
1010,91014,Hmm... Dedaunan, balapan jarak jauh, atau manisan... Fitur musim gugur manakah yang harus saya coba terlebih dahulu?
1010,91015,Kucing meringkuk di bawah kotatsu... Dan itu juga berlaku untukku... <i>Yaaawn...</i>
1010,92000,Saatnya latihan! Mari kita berlomba melewatinya seperti Wild West!
1010,92001,Halo, Pelatih! Apa yang harus kita mulai?
1010,92002,Aku banyak tertidur di kelas hari ini. Artinya... Aku sudah istirahat untuk latihan!
1010,92003,Halo, Pelatih! Saya merasa sangat senang menerima mutiara kebijaksanaan Anda hari ini!
1010,92011,Saya siap untuk memoles keterampilan saya!
1010,92005,Saya ingin semua keluarga dan teman saya melihat saya di panggung itu. Jadi mari kita langsung berlatih!
1010,92006,Jika aku ingin mendapatkan sorotan utama itu, kita berdua harus tetap fokus!
1010,92007,Aku akan langsung berlari menuju cakrawala dan menghujani semua orang dengan kebahagiaan!
1010,93000,Ya! Akulah gambaran kesempurnaan!
1010,93001,Global atau lokal, saya tidak terkalahkan!
1010,95000,Menurutmu aku bisa menjadi lebih cepat?
1010,95001,Pegang topimu, dan aku akan menunjukkan trik yang sangat manis!
1010,95003,Hai! Itu temanmu, Taiki Shuttle!
1010,95004,Bang! Ini adalah dunia yang liar, dan kita akan memenangkannya!
1010,1008,Ayo semuanya! Ayo bersorak!
1010,1027,Rumput, apakah kamu siap?
1010,1028,Ayo bersemangat!
1010,1035,Ayo lakukan!
1010,1118,Kemenangan! Ya ampun!
1010,1107,Sudah siap, Nona!
1010,1121,Bagus!
1010,1000,Aku mendambakan rasa kemenangan!
1010,1001,Ya! Kemenangan!
1010,1003,Hasil imbang?! Itu sungguh luar biasa!
1010,1002,Tidaaaak, kami kalah!
1010,1004,Kamilah pemenangnya!
1010,1007,Oh, rekor baru!
1010,1006,Hasil imbang?! Itu sungguh luar biasa!
1010,1005,Tidaaaak, kami kalah!
1010,120000,Ada apa dengan kobaran api? Saya sangat bersemangat!
1010,140000,Ayo tembak ke bulan!
1010,140001,Ya! Anda mengerti!
1010,140002,Mengapa?!
1010,140003,Bagus sekali! Kami membawa hasil tangkapan!
1010,140004,Itu sangat menyenangkan! Saya sangat senang!
1010,140005,Oh tidak! Sungguh memalukan.
1010,140006,Bagus sekali! Kami membawa hasil tangkapan!
1010,140007,Itu sangat menyenangkan! Saya sangat senang!
1010,140008,Ehehe!
1010,140009,Hm-hmm.
1010,140010,Ha ha!
1010,140011,Luar biasa!
1010,140014,Oh tidak!
1010,140015,Wah!
1010,140016,Permisi!
1010,140012,Bagus!
1010,140013,Wow!
1010,140017,Tidaaaak!
1010,140018,...
1010,40000,Aku akan mengincar tempat pertama, dan aku tidak akan meleset dari sasaran!
1010,40001,Apakah kamu siap? Baku tembak sesungguhnya akan segera dimulai!
1010,30004,Bang! Saya juga akan membuat lubang di balapan berikutnya!
1010,30005,Ya! Saya pemenangnya!
1010,31000,Ayo pergi!
1010,13,Inilah bonus login hari ini, partner!
1010,15,Dan ini akan menjadi hadiah besok!
1010,110000,Pelatihan? Kedengarannya bagus menurut saya!
1010,110001,Anda dapat menemukan banyak cerita tentang kami Umas di sini!
1010,110002,Wow! Anda berencana untuk mengikuti kami dalam perlombaan?
1010,10021,Tampaknya Arsip Umamusume naik satu level!
1010,20051,Mari kita nikmati latihan bersama!
1010,70000,Tetaplah bersamaku, dan aku akan menunjukkan padamu beberapa tembakan hebat!
1010,95005,Aku mendukungmu, rekan!
1010,95006,Aku akan memastikan bahwa aku layak untuk kalian semua!
1010,70004,Sekarang aku juga seorang siswi Jepang sejati!
1010,70010,Aku tergelitik karena memakai seragam yang sama dengan kalian semua!
1010,70008,Ahahaha! Apa aku terlihat seperti salah satu idola imut itu?
1010,70014,Aku harus bekerja keras agar lagu dan tarian ini pas.
1010,70009,Saya merasa sangat kuat dalam penampilan ini!
1010,70015,Bang, bang! Saya tidak akan membiarkan siapa pun merebut kemenangan saya!
1010,71004,Sekarang aku juga seorang siswi Jepang sejati!
1010,71010,Aku tergelitik karena memakai seragam yang sama dengan kalian semua!
1010,71008,Ahahaha! Apa aku terlihat seperti salah satu idola imut itu?
1010,71014,Aku harus bekerja keras agar lagu dan tarian ini pas.
1010,71009,Saya merasa sangat kuat dalam penampilan ini!
1010,71015,Bang, bang! Saya tidak akan membiarkan siapa pun merebut kemenangan saya!
1010,2030,Aku mendambakan rasa kemenangan!
1010,2031,Ayo semuanya! Ayo bersorak!
1010,2032,Kerja bagus, Pelatih!
1010,2033,Saya sangat bersemangat! Saya tidak sabar untuk berdiri di gerbang itu!
1010,2034,Saya sangat siap, kawan! Datanglah padaku kapan saja!
1010,2035,Kerja bagus, Pelatih!
1010,81000,Saya siap untuk baku tembak yang sangat panas!
1010,81001,Awasi dasborku yang penuh kekuatan!
1010,70018,Saya sangat bahagia!
1010,70019,Saya nomor satu!
1010,71018,Saya sangat bahagia!
1010,71019,Saya nomor satu!
1010,90020,Selamat Hari Valentine!
1011,10000,Saya tidak akan membengkokkan atau mengkompromikan nilai-nilai saya. Terima kasih telah menegaskan siapa saya... Anda memiliki rasa terima kasih yang terdalam.
1011,10001,Aku sedang dalam perjalanan untuk menjadi Umamusume terhebat... Sampai aku mencapai hari itu, mohon tetaplah di sisiku.
1011,10002,Jalan ini akan berbahaya jika aku pergi sendirian... Maukah kamu menemaniku lagi? Ke arcade, maksudku. ♪
1011,10003,Selamat tahun baru! Bagaimana dengan putaran karuta? Saya akan menunjukkan kepada Anda seperti apa pemain profesional itu. ♪
1011,10004,Saya telah membawakan beberapa manisan Jepang favorit saya untuk Anda coba. Mengapa kita tidak merayakan Hari Valentine dengan suguhan selain coklat?
1011,10005,Pelatih, apakah Anda ingin teh matcha untuk menemani manisan Anda? Aku akan membuatkannya hanya untukmu.
1011,10006,Dalam salah satu tradisi Tanabata kuno, orang biasa menulis puisi di atas daun murbei dan mempersembahkannya kepada bintang. Bagaimana kalau kita menulisnya bersama?
1011,10007,Nerikiri, manju, kintsuba... Labu dapat digunakan untuk membuat berbagai jenis manisan Jepang. ♪
1011,10008,Rumah keluarga saya selalu menarik wisatawan selama musim liburan. Itu menyala setiap tahun dengan banyak lentera kertas. ♪
1011,10009,Saya membuat <i>tatsuta-age</i> kalkun dan kue dengan mochi dan anko—saya bahkan mendekorasi pohon bonsai. Mau menghabiskan malam santai bersamaku?
1011,10010,Saya merasa saya telah berkembang pesat tahun ini. Dan itu semua karena kamu. Saya harap saya bisa lebih berkembang lagi tahun depan!
1011,10011,Selamat ulang tahun! ♪ Kamu selalu bekerja keras, hari demi hari. Saya harus memastikan saya melakukan hal yang sama!
1011,10012,Selamat atas hari istimewamu. Saya harap kita dapat melewati setiap musim yang akan datang bersama-sama untuk menyambut kesempatan ini lagi tahun depan.
1011,10013,Semua harapan baik yang diberikan kepadaku hari ini... semuanya membuatku tersentuh melebihi kata-kata. Saya harus membalas semua orang dengan setimpal atas ulang tahun yang indah ini.
1011,10014,Aku percaya bahwa aku telah menjadi seorang pembicara yang fasih, tapi sayangnya, kata-kataku gagal saat ini... Um, terima kasih... karena telah merayakan hari ini bersamaku.
1011,10015,Sepertinya ada pemberitahuan baru. Bagaimana kalau kita minum teh dan memeriksanya bersama?
1011,10016,Sepertinya hadiah telah tiba. Saya harap ini berisi kejutan yang lebih menyenangkan daripada kotak harta karun Urashima Taro.
1011,10017,Selamat telah menyelesaikan misi. Penting untuk selalu menyelesaikan pekerjaan Anda sampai akhir.
1011,10018,Sepertinya sebuah acara akan segera dimulai. Apakah semua persiapanmu sudah diatur?
1011,10019,Acara telah dimulai. Mari kita lanjutkan dengan santai, namun jangan pernah membiarkan kemenangan lepas dari pandangan kita. ♪
1011,20000,Sedikit kelelahan tidak akan menahanku... Tolong jangan khawatir pada akunku.
1011,20001,Sepertinya aku sudah berlebihan. Ah, tapi aku masih bisa melanjutkan.
1011,20002,Kebutuhanku untuk berlari membuatku merinding... Hehe, itu tidak akan berhasil. Tenanglah, hatiku yang berdebar kencang. ♪
1011,20003,Kakiku terasa seringan bulu! Hehe, menurutku performaku akan terbukti lebih baik dari sebelumnya.
1011,20004,Saya siap untuk mengambil tugas apa pun. ♪ Semua dengan anggun, tenang, dan santai.
1011,20005,Ahhh, sinar matahari terasa menyenangkan sekali! Saya merasa bisa berlari dengan mudah. hehe! ♪
1011,20006,Mereka bilang perenang kuatlah yang tenggelam... Hanya karena saya merasa baik, bukan alasan untuk tidak waspada.
1011,20007,Mari kita tetap tenang dan melanjutkan.
1011,20008,Hidup ada pasang surutnya. Aku mungkin merasa tidak enak, tapi aku belum putus asa.
1011,20009,Badanku terasa lesu... Tapi aku janji, aku baik-baik saja. Saya bisa melanjutkan.
1011,20010,Saya khawatir saya mungkin kurang memiliki kemahiran yang tepat... Saya harus mengatasi ini entah bagaimana caranya...
1011,20011,Saya tidak bisa membiarkan siapa pun mengalahkan saya... Bisakah saya benar-benar sukses seperti ini?
1011,20021,Anda telah memasukkan saya dalam cukup banyak balapan. Apakah Anda yakin tentang hal ini? Tidak perlu terburu-buru...
1011,20022,Ternyata seseorang <i>dapat</i> mempunyai terlalu banyak hal baik. Setiap pembalap mempunyai batasnya masing-masing. Saya harus dengan sopan menolak balapan selanjutnya untuk saat ini.
1011,20023,Meski aku tampak keren dan tenang, di baliknya aku punya sumber semangat. Tapi... Aku akan merahasiakannya sampai waktunya tiba. ♪
1011,20024,Saya cukup siap untuk berangkat. Aku akan mengangkat layarku saat angin sepoi-sepoi, seperti kata mereka, dan langsung berlayar menuju kemenangan. ♪
1011,20025,Tubuhku terasa seperti dipenuhi kekuatan... Sulit untuk mempertahankan ketenanganku. Saya harap perlombaan tidak terlalu jauh lagi?
1011,20026,Perlombaan akan segera dimulai. Saya harus tetap tenang… Hehe. Oh, aku tidak bisa. Aku benar-benar dipenuhi kegembiraan.
1011,20027,Persiapannya sempurna. Saya menunggu balapan dengan penuh antisipasi. ♪
1011,20028,Saya sudah siap. Sekarang lihatlah hasil kerja saya.
1011,20029,Ini adalah perlombaan yang telah kami persiapkan. Lari saya akan menjadi lambang ketenangan dan ketenangan.
1011,20030,Sekarang, lanjutkan ke balapan. Aku akan segera pergi. ♪
1011,20031,Tempat pertama adalah yang biasa saya lakukan. Itu karena aku selalu menjaga akal sehatku.
1011,20032,Saya mungkin belum berada di puncak, tetapi jangan hitung saya dulu. Ini akan menjadi pendirian terakhirku.
1011,20033,Saya merasa ada beberapa hal yang tidak pada tempatnya. Namun, aku tidak akan pernah membiarkan hal seperti itu menghalangi kemenanganku.
1011,20034,Hatiku sudah ditentukan. Apa pun rintangannya, saya bertujuan untuk satu hal—untuk meraih kemenangan.
1011,20035,Ketika keadaan menjadi sulit, hal yang sulit pun akan berjalan. Dan dalam perlombaan ini, saya akan menunjukkan kepada semua orang betapa tangguhnya saya.
1011,20036,Pemburu memang patut ditakuti, namun hewan yang terpojok jauh lebih berbahaya. Keterampilan saya bersinar paling terang dalam situasi paling gelap!
1011,20037,Saya tidak akan pernah putus asa ketika menghadapi kesulitan. Menyerah... Itu bukan sifatku.
1011,20038,Mari kita mulai.
1011,20039,Saya akan melakukan yang terbaik.
1011,20040,Mari kita berangkat.
1011,20041,Saya akan menangani ini.
1011,20042,Ya ampun...
1011,20043,Nghh...
1011,20046,Bagaimana kalau kita berangkat? ♪
1011,20047,Kedengarannya bagus.
1011,20049,Tolong terus beri saya bimbingan dan dorongan Anda. ♪
1011,20050,Pelatih, terima kasih sebesar-besarnya.
1011,30000,Tampaknya saya hanya selangkah lagi dari kemenangan...
1011,30001,Sepertinya saya masih harus banyak belajar.
1011,30002,aku benar-benar kecewa pada diriku sendiri...
1011,30003,Aku tidak bisa membiarkan ini terjadi pada diriku sendiri...
1011,60000,Saya akan berlari dengan sangat anggun dan anggun. ♪
1011,60001,Anda memiliki rasa terima kasih yang tulus.
1011,70001,Kalau dipikir-pikir, sedikit tersesat kamu akan menjadi pelatihku... Bahkan pertemuan kebetulan sudah ditakdirkan, tampaknya. ♪
1011,90000,Selamat pagi. Seperti kata pepatah, satu jam di pagi hari bernilai dua jam di malam hari. Jadi jangan buang waktu untuk memulai hari kita!
1011,90001,Bagaimana kalau teh untuk membangunkanmu? Seperti kata pepatah, makan satu apel sehari menjauhkan Anda dari dokter. Teh apel mungkin juga bisa membantu!
1011,90002,Halo. Mari luruskan kerah kita dan awali sesi latihan sore kita dengan baik.
1011,90003,Saya cukup sibuk membuat bekal makan siang akhir-akhir ini. Jika itu menyenangkanmu, bisakah kita makan bersama kapan-kapan? Saya dapat meyakinkan Anda bahwa itu akan baik. ♪
1011,90004,Oh, El itu selalu membuatku kesal... Ah! Maksudku, tolong jangan pedulikan aku. Hehehe.
1011,90005,Jangan memaksakan diri. Anda akan membakar lilin di kedua ujungnya dan hanya tersisa segumpal lilin.
1011,90006,Bunga-bunga bermekaran di mana-mana. Bagaimana kalau kita berjalan-jalan di musim semi yang menyenangkan? Saya yakin itu akan menyenangkan.
1011,90007,Fiuh. Hari ini cukup panas... Mengapa kita tidak membasahi tanah dengan sedikit air? Tahukah kamu, <i>uchimizu?</i> Katanya, ini membantu mendinginkan lingkungan.
1011,90008,Matahari musim gugur terbenam secepat jangkar. Ini menjadikan perjalanan waktu menjadi fokus, mengingatkan kita akan nilai setiap momen.
1011,90009,Ketika musim dingin tiba, musim semi pun segera berlalu. Apa yang kita tabur sekarang akan menjadi apa yang kita tuai beberapa bulan ke depan. Mari kita pastikan panennya bagus.
1011,91000,Percayakah Anda El mencampurkan saus pedas ke dalam nattonya? Saya tidak bisa memaafkan ejekan terhadap tradisi kuliner seperti itu!
1011,91001,Adik perempuanku di Amerika mengirimiku pesan beberapa hari yang lalu. "Aku akan mengalahkanmu suatu hari nanti!" Bukankah dia sangat berharga? ♪
1011,91002,Semakin dia menantang saya, semakin banyak perlawanan yang saya lakukan. Hehe... Saya tidak pernah puas dengan Spe. ♪
1011,91003,Maruzensky sangat memperhatikan saya, dan saya sangat menghormatinya. Saya harus membalas budi suatu hari nanti.
1011,91004,Jangan terburu-buru. Tetap tenang. Apapun keributannya, kamu harus santaiaax... Tetap tenang itu penting.
1011,91005,Apapun koreografinya, saya akan menari dengan penuh semangat. Tubuh saya telah dipahat oleh tradisi!
1011,91006,Rokku terus berkibar tertiup angin... Heheh, bahagianya bagaikan kerang di air pasang.
1011,91007,Saya harus menjaga penampilan sempurna saat mengenakan seragam ini. Ini adalah tugas saya.
1011,91008,Meskipun biru adalah warna yang menenangkan, biru juga merupakan warna nyala api yang menyala dengan sangat kuat.
1011,91009,Apakah Anda melihatnya, Pelatih? Matahari terbit pagi ini sungguh indah. Lambang cahaya. ♪
1011,91010,Pikiran yang rela membuat langkah menjadi ringan. Kesulitan apa pun yang saya alami hanya akan meningkatkan peningkatan diri saya.
1011,91011,Saya menyukai bayangan yang datang dari cahaya bulan. Bukankah mereka tampak jauh lebih elegan daripada yang dibuat di bawah sinar matahari?
1011,91012,Saya terbangun pagi ini karena nyanyian burung bulbul. Musim semi benar-benar merupakan jenis jam alarm terbaik. ♪
1011,91013,Saya selalu kurang tidur sepanjang tahun ini... Ketika serangga masuk ke dalam kamar Anda, apakah dengungan mereka tidak mengganggu Anda?
1011,91014,Hah? Ada sehelai daun di bahumu, Pelatih. Hehe, sepertinya potret musim gugur.
1011,91015,Aku bisa menahan rasa dingin yang pahit ini—sebenarnya aku cukup menyukainya. Tampaknya membuatku sadar.
1011,92000,Apa kabarmu hari ini? Mari berikan hari ini upaya terbaik kita.
1011,92001,Baiklah, aku serahkan pelatihanku padamu sekali lagi. Mari berlatih keras, seperti biasa.
1011,92002,Saya sudah melakukan semua persiapan—saya hanya menunggu panggilan Anda.
1011,92003,Apa agenda hari ini? Saya akan mempelajari dasar-dasarnya dengan serius. Selalu menjadi pelajar, tidak pernah menjadi master, seperti kata mereka.
1011,92011,Aku merasa usahaku mulai membuahkan hasil. Itu bukanlah sesuatu yang bisa saya lakukan sendirian. hehe.
1011,92005,Saya selalu merasa ingin berlatih lebih banyak. Itu karena bimbinganmu yang luar biasa.
1011,92006,Terima kasih atas ketelitian Anda dalam melatih saya. Aku tahu aku akan membuatmu bangga. ♪
1011,92007,Aku tahu aku tidak akan pernah tersesat dalam perjalanan yang kita lalui bersama ini. Karena aku memilikimu sebagai cahaya penuntunku.
1011,93000,Saya ingin selalu berjalan di samping Anda di jalan menuju kemuliaan.
1011,93001,Sensasi balapan tidak mengenal batas, setujukah Anda?
1011,95000,Saya akan bekerja lebih keras lagi untuk menjadi pemenang.
1011,95001,Saya berjanji—saya akan melampaui semua harapan Anda. ♪
1011,95003,Grass Wonder, siap melayani Anda.
1011,1008,Saya tahu kita bisa menang!
1011,1029,Maju!
1011,1030,Bagaimana kalau kita menuju ke gerbang?
1011,1027,Ya! ♪
1011,1000,Siap semuanya? Ayo pergi!
1011,1001,Saya selalu percaya kami akan melakukannya! ♪
1011,1003,Kata-kataku! Itu seri?
1011,1002,Hampir saja... Lain kali itu milik kita.
1011,1004,Kami telah melakukannya!
1011,1007,Ini skor tinggi baru! ♪
1011,1006,Kata-kataku! Itu seri?
1011,1005,Hampir saja... Lain kali itu milik kita.
1011,120000,Kehangatan apa yang aku rasakan?
1011,140000,Tetap tenang dan berkonsentrasi. ♪
1011,140001,Anda berhasil! ♪
1011,140002,Ahhh!
1011,140003,Hehe, hasil yang luar biasa! ♪
1011,140004,Benar-benar luar biasa!
1011,140005,Hmm, ini terbukti lebih sulit dari yang saya kira.
1011,140006,Hehe, hasil yang luar biasa! ♪
1011,140007,Benar-benar luar biasa!
1011,140008,Hmm-hm-hm! ♪
1011,140009,Ehehe.
1011,140010,Yah... Hehe. ♪
1011,140011,Oh, betapa menakjubkannya!
1011,140014,TIDAK!
1011,140015,Hmm...
1011,140016,Halooo! ♫
1011,140012,Ya ampun!
1011,140013,Seperti yang diharapkan.
1011,140017,Oh tidak...
1011,140018,Oh baiklah...
1011,40000,Di sinilah perjalanan saya dimulai!
1011,40001,Di sinilah perjalanan saya dimulai!
1011,40002,Melihat!
1011,30004,Saatnya untuk tarian kemenangan. hehe. ♪
1011,30005,hehe. ♪ Luar biasa!
1011,31000,Baiklah—mari kita mulai.
1011,13,Yang ini adalah bonus login hari ini.
1011,15,Dan inilah yang akan Anda terima besok.
1011,110000,Apa agenda pelatihan kita hari ini?
1011,110001,Semuanya tampak sangat memukau! ♪
1011,110002,Akankah kita mengikuti perlombaan?
1011,10021,Oh, level Arsip Umamusume sudah naik.
1011,20051,Kerja keras benar-benar membuahkan hasil!
1011,70000,Mari kita maju bersama—dalam studi dan kehidupan.
1011,95005,Anda mendapatkan semua dukungan saya! ♪
1011,95006,Saya ingin menjadi anugerah yang lebih besar bagi semua orang dibandingkan sebelumnya.
1011,70004,Seragam ini berasal dari garis keturunan sejarah dan tradisional... Cantik sekali?
1011,70010,Saya harus tetap sopan dan sopan dalam segala bidang kehidupan.
1011,70008,Saya ingat usaha saya... di atas panggung.
1011,70014,Saya akan mengerahkan seluruh hati dan jiwa saya ke dalam penampilan saya. ♪
1011,70009,Saya merasa tegang, tetapi penuh dengan tekad.
1011,70015,Pakaian balap ini sangat dekat dengan hati saya.
1011,71004,Seragam ini berasal dari garis keturunan sejarah dan tradisional... Cantik sekali?
1011,71010,Saya harus tetap sopan dan sopan dalam segala bidang kehidupan.
1011,71008,Saya ingat usaha saya... di atas panggung.
1011,71014,Saya akan mengerahkan seluruh hati dan jiwa saya ke dalam penampilan saya. ♪
1011,71009,Saya merasa tegang, tetapi penuh dengan tekad.
1011,71015,Pakaian balap ini sangat dekat dengan hati saya.
1011,2030,Siap semuanya? Ayo pergi!
1011,2031,Saya tahu kita bisa menang!
1011,2032,Pelatih, terima kasih sebesar-besarnya.
1011,2033,Saya sudah siap. Sekarang lihatlah hasil kerja saya.
1011,2034,Tubuhku terasa seperti dipenuhi kekuatan... Sulit untuk mempertahankan ketenanganku. Saya harap perlombaan tidak terlalu jauh lagi?
1011,2035,Pelatih, terima kasih sebesar-besarnya.
1011,90010,Hehe, kamu sepertinya mengantuk. Bolehkah aku membacakan mantra untuk membangunkanmu? Beberapa kata ajaib... Pinchi-dacheeks! ♪
1011,90011,Tangkai teh saya tegak di teh pagi saya. Itu pertanda kita akan memulai petualangan kita dengan baik.
1011,90012,Sudahkah kamu makan siang hari ini? Anda tahu Anda tidak bisa melakukan misi dengan perut kosong! ♪
1011,90013,Apakah Anda ingin minum teh herbal bersama saya? Setiap petualangan pasti ada jedanya.
1011,90014,Apakah Anda dapat naik level hari ini? Aku merasa seperti berada di titik puncak... Maukah kamu berlatih bersamaku sebentar?
1011,90015,Terima kasih atas semua kerja kerasmu hari ini. Jika Anda membutuhkan penyembuhan, bagaimana dengan manisan wasanbon ajaib ini.
1011,90016,Musim semi... Ini waktu terbaik untuk memulai petualangan baru. Ayolah, tidak ada istirahat bagi mereka yang lelah! ♪
1011,90017,Hari-hari yang panas terik ini tidak pernah berakhir... Mau tahu keajaiban "cerita hantu"-ku yang mengerikan? Itu akan membuatmu merinding.
1011,90018,Hatiku terasa damai saat memandangi permadani pohon emas dan merah tua ini. Tampaknya hal ini mempunyai efek restoratif, bahkan pada para ulama. ♪
1011,90019,Tidak ada yang bisa meragukan kekuatan magis pemanas kotatsu.
1011,91016,Game VR sangat realistis. Benar-benar luar biasa. Saya ingin tahu apakah ada permainan tentang upacara minum teh atau merangkai bunga?
1011,91017,Saya dulu berasumsi video game itu sangat sulit. Namun ketika saya mengalahkan mereka, saya merasakan pencapaian yang berbeda dari balapan.
1011,91018,El bajingan itu! Dia lupa PR-nya lagi... Sepertinya perlu ada hukuman magis.
1011,91019,Aku berusaha menjadi ulama yang bisa bersegera ke sisi orang-orang yang membutuhkan. Tentu saja, saya juga harus menjalani pelatihan saya dengan serius.
1011,91020,Kalau saja aku bisa menggunakan sihir teleportasi... Maka aku bisa mengikuti perlombaan apa pun di negara ini. Nah, itu akan menjadi ziarah pelatihan yang bagus. ♪
1011,91028,Keterampilan memijat saya sangat diminati akhir-akhir ini. Saya harus mempelajarinya lebih banyak lagi—ini adalah cara yang bagus untuk menangani cedera.
1011,91029,Permen tradisional Jepang adalah obat paling penting bagi seorang ulama. Saya memiliki persediaan yang siap setiap saat. ♪
1011,91021,Di tengah kabut dan salju yang paling parah. Di sana, aku sudah siap untuk mantraku.
1011,91022,Rasanya aneh tidak ada musuh yang menyerangku saat aku sedang merapal mantra.
1011,91023,Segala sesuatu datang kepada mereka yang menunggu... Namun, alam semesta membantu mereka yang membantu dirinya sendiri. Mari bersiap menghadapi apa pun yang mungkin terjadi besok.
1011,91024,Aduh! Peri bunga sedang melakukan hal buruk akhir-akhir ini.
1011,91025,Pada hari-hari panas, kita mendapatkan pesona ajaib dari Jepang kuno—lonceng angin yang menyejukkan.
1011,91026,Saya merasa ingin bertamasya ke pegunungan untuk melihat dedaunan musim gugur.
1011,91027,Brr... Hawa dingin selalu membuatku ingin memulihkan tenaga di penginapan sumber air panas—dengan ramuan latte panas. ♪
1011,92015,Wahai surga! Pandu penyihir kulit putihmu yang paling rendah hati!
1011,92016,Mari kita memulai misi pelatihan! ♪
1011,92017,Sebuah petualangan hanyalah puncak dari pelatihan kami.
1011,92018,Mari kita berjalan berdampingan menuju akhir bahagia kita.
1011,92020,Mantra akan lebih mudah jika menggunakan pola lima-tujuh-lima seperti haiku...
1011,92021,Saya menggunakan Sembuh! Hehe... Sekarang saya bisa balapan lebih lama lagi.
1011,92022,El adalah seorang biarawan, dan saya seorang ulama. Dan karena Anda memimpin kami... Saya rasa itu menjadikan Anda pahlawan, Pelatih! ♪
1011,93004,Terima kasih telah memberikan perlindungan ilahi kepada pelatihku.
1011,93005,Maukah Anda bergabung dengan saya dalam permainan baru?
1011,95007,Da-da-daah! ♪ Saya mendapatkan beberapa poin pengalaman.
1011,95008,Naik level! Mari kita mulai ke tahap selanjutnya.
1011,95010,Hai, saya Grass Wonder. ♪ Serahkan balapan dan penyembuhan padaku! ♪
1011,70016,Saya telah mengubah kelas menjadi ulama! ♪
1011,70017,Ya ampun. Apakah Anda membutuhkan sihir penyembuhan?
1011,71016,Saya telah mengubah kelas menjadi ulama! ♪
1011,71017,Ya ampun. Apakah Anda membutuhkan sihir penyembuhan?
1011,95009,Saya Grass Wonder, seorang ulama yang rendah hati. Semoga Anda menemukan kemenangan!
1011,40003,Datanglah padaku! Kekuatan penyembuhan!
1011,40004,Datanglah padaku! Kekuatan penyembuhan! Mengalir keluar dari tangan ini—Penyembuhan Unggul! Keberkahan kemenangan telah dilimpahkan.
1011,30006,Kemenangan adalah obat terbaik untuk semuanya. Pencarian selesai! ♪
1011,30007,hehe. ♪ Luar biasa!
1011,400002,Tugas penyihir putih adalah memberikan bantuan dan mendukung orang lain.
1011,400004,Dalam perjalanan untuk mengalahkan raja jahat... jangan pernah mengabaikan penyembuhan!
1011,400005,Dunia ini masih penuh dengan misteri yang belum terpecahkan.
1011,400008,Kejahatan yang tak henti-hentinya harus ditumpas dengan palu belas kasih yang berat! ♪
1011,400010,Tampaknya ini adalah level terakhir. Saya berharap dapat memberi Anda kesembuhan lagi suatu hari nanti.
1011,400011,Ini adalah doaku yang terakhir. Semoga tidak ada lagi luka yang tersisa di seluruh dunia...
1011,70018,Elegan sekali!
1011,70019,Mari kita naik ke puncak!
1011,71018,Elegan sekali!
1011,71019,Mari kita naik ke puncak!
1011,81000,Tolong santai saja padaku. ♪
1011,81001,Pelajaran apa yang tersedia untuk saya hari ini? ♪
1011,90020,Selamat Hari Valentine.
1011,90021,Selamat Hari Valentine.
1012,10000,Kau tahu, sudah lama sejak aku mulai memanggilmu "Mengajar". ...Tunggu, aku memanggilmu apa sebelumnya?
1012,10001,Alasan aku begitu tangguh adalah karena kamu selalu mendukungku. Aku mengandalkanmu, Ajarkan!
1012,10002,Tidak ada yang punya peluang melawan tim tag kami. Biarkan saja mereka mencobanya—kami akan siap!
1012,10003,Memasang dekorasi Tahun Baru di sekitar asrama merupakan pekerjaan besar, tetapi semua orang tampaknya menyukainya. Itu membuatnya sepadan dengan usahanya!
1012,10004,Aku selalu sibuk sepanjang tahun ini—aku harus membuatkan coklat untuk semua orang di asrama!
1012,10005,Jadi... Aku punya coklat tambahan. Anda dapat memilikinya jika Anda mau. Saya pikir hasilnya cukup bagus.
1012,10006,Apa yang kamu inginkan, Teach? Saya selalu meminta kesehatan yang baik! Saya harus berada dalam kondisi prima untuk menghadapi satu lawan satu!
1012,10007,Selamat Halloween! Trik dan suguhan boleh saja, tetapi pastikan Anda menyikat gigi sebelum tidur!
1012,10008,Saya mentraktir seluruh asrama dengan kalkun untuk liburan. Ini laris manis di restoran orangku!
1012,10009,Selamat liburan, Ajarkan! Sudah mampir ke kantormu belum? Mungkin ada sesuatu yang menunggumu di sana. Hehe.
1012,10010,Kami yakin melakukan banyak hal tahun ini. Kurasa aku harus libur setidaknya hari ini...
1012,10011,Hei, Ajarkan! Ini hari ulang tahunmu, kan? Bagus—aku akan mengumpulkan semua orang di asrama dan mengadakan pesta!
1012,10012,Ada yang ingin kamu makan? Ini akan menjadi hadiah ulang tahunku untukmu! Aku akan menyiapkan sesuatu yang sangat bagus untukmu!
1012,10013,Dapatkan ini—seluruh asrama mengadakan pesta ulang tahun untukku! <i>Sniff...</i> Aku gadis paling beruntung yang masih hidup!
1012,10014,Apa yang saya inginkan untuk ulang tahun saya? Hmm... Bagaimana kalau kamu tetap di sini untuk merayakan pestaku yang berikutnya? Ya, itu cukup.
1012,10015,Sepertinya ada pemberitahuan baru. Tunggu—pikir ini mungkin tantangan satu lawan satu?!
1012,10016,Ini hadiah untukmu. Jadi, apa yang kamu dapat? Bagaimana kalau mengintip Hishiama?
1012,10017,Sepertinya Anda menyelesaikan misi. Kerja bagus, Ajarkan! Biarkan bola itu terus bergulir!
1012,10018,Acara akan segera dimulai, ya? Sebaiknya kita bersiap-siap. Saya harus bersiap untuk berhadapan satu lawan satu kapan saja!
1012,10019,Ada acara yang sedang berlangsung! Apakah kamu tidak ikut bersenang-senang?
1012,20000,Wah, aku kalah. Tubuhku tidak mau bergerak...
1012,20001,Maaf, Ajarkan. Aku benar-benar terhapus. Bolehkah aku beristirahat?
1012,20002,Pikiran dan tubuhku dalam kondisi prima untuk bertarung! Saya akan menghentikan pelatihan apa pun yang Anda miliki!
1012,20003,Ah ya! Saya sedang <i>bersemangat!</i> Betcha, saya bisa menghadapi siapa saja saat ini!
1012,20004,Saya siap lari! Mari kita mulai, Ajarkan!
1012,20005,Mm—ya, ini terasa enak! Saya siap untuk tampil sekuat tenaga!
1012,20006,Baiklah, mari kita hilangkan ini dari taman!
1012,20007,Apa yang sedang dimasak di departemen pelatihan hari ini?
1012,20008,Ngh... Aku keluar dari permainanku! Aku tidak tidur sampai larut malam karena aku sedang berpatroli...
1012,20009,Sepertinya aku lupa melepas bajuku... Agh, tidaaaak! Sekarang saya tidak bisa fokus!
1012,20010,Tubuhku terasa tidak enak, dan pikiranku tidak ada di sana... Ugh, aku bertanya-tanya kenapa?
1012,20011,Grr... Kepalaku tidak ada di dalamnya. Tidak mungkin aku bisa berhadapan satu lawan satu seperti ini...
1012,20021,Bukankah akhir-akhir ini kamu sering mengajakku mengikuti balapan? Saya tahu ketekunan itu penting, tapi kesehatan juga penting!
1012,20022,Aku benci mengatakannya, tapi menurutku ini berlebihan. Satu balapan lagi dan aku akan mati.
1012,20023,Aku menyalakan semua silinder! Jadi jagalah matamu—aku akan menunjukkan kepadamu <i>sebenarnya</i> terbuat dari apa!
1012,20024,Kondisiku lebih baik dari sebelumnya! Saya siap untuk pertarungan satu lawan satu!
1012,20025,Siap berangkat! Saya akan buktikan nama "Ratu Amazon" bukan hanya untuk pertunjukan!
1012,20026,Tubuhku seringan kupu-kupu! Rasanya aku bisa berlari sebanyak yang aku mau!
1012,20027,Saya bersemangat dan siap untuk apa pun—lakukanlah!
1012,20028,Pikiran dan tubuhku selaras sempurna... Baiklah! Bersiaplah untuk terkesan, Ajarkan!
1012,20029,Tidak terlalu buruk. Cukup yakin saya bisa menang seperti ini.
1012,20030,Yang harus kulakukan hanyalah berlari dengan segala yang kumiliki, dan kemenangan akan menjadi milikku!
1012,20031,Pemenangnya adalah aku—Hishimama!
1012,20032,Saya tidak bisa bilang saya sudah seratus persen, tapi saya akan mengisi kekosongan itu hanya dengan nyali!
1012,20033,Memang tidak sempurna, tapi selama saya tetap tegar dan semangat, saya bisa mewujudkannya!
1012,20034,Tidak ada gunanya merengek sebelum balapan! Aku harus memberikan yang terbaik!
1012,20035,Pasti ada masalah di suatu tempat... Karena sejujurnya, aku tidak merasa begitu panas. Tapi aku akan lari dengan apa pun yang tersisa!
1012,20036,Seandainya aku bisa berlari dalam keadaan yang lebih baik... Oh baiklah, aku akan mencoba menebusnya dengan ketabahan.
1012,20037,Tubuhku terasa seperti terbuat dari timah... tapi aku tetap mengincar kemenangan.
1012,20038,Saya mengerti!
1012,20039,Ayo lakukan hal ini!
1012,20040,Mari ikut saya!
1012,20041,Tidak...
1012,20042,Omong kosong!
1012,20043,Gahhh...
1012,20046,Ini dia!
1012,20047,Bagus!
1012,20049,Aku benar-benar bersemangat berkatmu!
1012,20050,Saya senang bekerja dengan Anda!
1012,30000,Lain kali, tempat pertama akan menjadi milikku!
1012,30001,Ini tidak cukup untuk memuaskan saya!
1012,30002,<i>Huh...</i> Aku punya banyak pekerjaan yang harus diselesaikan.
1012,30003,Yah, itu menyedihkan...
1012,60000,Ah ya! Saatnya untuk bergoyang dan berguling!
1012,60001,Aku akan bertarung satu lawan satu dengan semua orang di kerumunan!
1012,70001,Aku akan menghadapi segala macam lawan mulai sekarang! Sebaiknya kau segera berada di sana bersamaku, Ajarkan!
1012,90000,Pagi, Ajarkan! Senang bertemu kalian semua yang ceria. Itulah satu-satunya cara untuk memulai hari!
1012,90001,Berhentilah mengangguk dan tampillah tajam! Anda akan memberikan contoh buruk jika Anda tidak berada di puncak permainan Anda!
1012,90002,Oof... Tak menyangka akan ditantang kontes makan satu lawan satu. Sebaiknya aku mulai melatih perutku juga!
1012,90003,Sepertinya aku akan tidur siang. Dengan begitu aku bisa memberikan segalanya sore ini!
1012,90004,Baiklah, aku punya malam yang panjang di hadapanku. Harus memastikan semua orang mematuhi jam malam.
1012,90005,Nah, bukankah kamu lebah kecil yang sibuk? Hanya saja, jangan berlebihan, oke? Sebaiknya kau berjanji padaku.
1012,90006,Cuacanya selalu bagus di awal musim semi. Kalau perlu mencuci, lakukan di pagi hari, Ajar! Aku bahkan akan membantumu!
1012,90007,Pastikan Anda tetap terhidrasi sepanjang tahun ini! Ah, tapi bukan berarti hanya minum air putih! Anda harus makan makanan asin juga!
1012,90008,Matahari terbenam begitu cepat di musim gugur. Aku harus menyelesaikan semua tugasku selagi hari masih terang.
1012,90009,Saya suka teh jahe di musim dingin. Itu menghangatkanku sampai ke inti. Hawa dingin tidak mungkin terjadi!
1012,91000,Saya mencoba memperbaiki seragam siswa, tetapi dia melarikan diri. Apakah tambalan ulat ini benar-benar terlihat menjijikkan?
1012,91001,Itu dang Fuji. Jika dia mau mempermainkannya, dia harus melakukannya di depan wajahku! Menggelitik dari belakang seperti itu kotor!
1012,91002,Biko mengajariku cara berpose yang keren! Saya akan memamerkannya saat saya menang lagi!
1012,91003,Huh... Oh, aku sedang mencuci pakaian dengan Yukino, dan dia memanggilku "Bu." Apa aku benar-benar terlihat setua itu?
1012,91004,Sebaiknya kau tidak menjauhiku. Ol' Hishiama <i>tidak</i> mentolerir kemalasan!
1012,91005,Saya akan menunjukkan kepada Anda penampilan terbaik saya! Lagipula, aku berhutang budi pada penggemarku!
1012,91006,Pakaian ini agak tidak nyaman. Bisakah saya melepas satu lapisan?
1012,91007,Pakaian ini membuatku ingin berusaha sekuat tenaga demi kemenangan. Karena semua mata tertuju padaku!
1012,91008,Thread ini dibuat untuk kecepatan! Rasanya aku benar-benar bisa mengalahkan siapa pun dalam satu lawan satu!
1012,91009,Percayakah kamu? Aku bangun sebelum alarmku pagi ini! Ah, saya merasa berada di puncak dunia!
1012,91010,Anda terlihat kelaparan. Ingin aku memperbaiki sesuatu untukmu? Apakah sesuatu seperti sup atau telur dadar terdengar oke?
1012,91011,Hampir saja! Saya berlari bersama Brian dan lupa waktu. Bisakah Anda bayangkan pemimpin asrama melanggar jam malam?
1012,91012,Aku lelah dengan semua orientasi siswa ini. Tapi melihat wajah imut mereka membuat saya kembali bersemangat.
1012,91013,Cucian semakin menumpuk di musim panas... Cukup sulit menemukan ruang untuk mengeringkan semuanya.
1012,91014,Dedaunan musim gugur memang cantik, tapi sebagai seseorang yang harus menyapu semuanya, perasaan ini rumit...
1012,91015,Sepertinya hawa dingin mulai menyerangmu. Ini, cukup gosok kedua tanganmu—itu akan membuatmu hangat!
1012,92000,Baiklah, saatnya memulai hal ini!
1012,92001,Aku akan menunjukkan kepada semua orang apa yang bisa dilakukan Hishiama! Lebih baik ikuti terus!
1012,92002,Saya ingin menjadi lebih cepat! Jadi ayo kita berlatih!
1012,92003,Latihan pada dasarnya adalah latihan satu lawan satu melawan diriku sendiri. Ini pertarungan yang aku tidak mampu untuk kalah!
1012,92011,Oke, aku berangkat! Dan aku akan membawakan game A-ku seperti biasa! Begitulah cara Hishiama melakukan sesuatu!
1012,92005,Saya tidak sabar untuk menjadi lebih kuat lagi, Ajarkan!
1012,92006,Saya akan terus menjadi lebih kuat sehingga saya bisa bertarung satu lawan satu melawan lawan mana pun—dan menang!
1012,92007,Saat kita bersama, langit adalah batasnya! Tidakkah kamu merasa geli hanya dengan memikirkannya?
1012,93000,Kami membuat tim yang tak terhentikan!
1012,93001,Itu adalah pertandingan yang hebat! Terima kasih, Ajarkan!
1012,95000,Bagus, rasanya aku menjadi lebih kuat!
1012,95001,Anda bahkan belum melihat setengah dari apa yang bisa saya lakukan!
1012,95003,Saya Hishi Amazon! Aku akan mengandalkanmu!
1012,95004,Satu lawan satu! Anda melawan Hishiama!
1012,1008,Aku ingin pergi!
1012,1031,Saatnya untuk satu lawan satu!
1012,1018,Kami akan membuat ini menghibur!
1012,1000,Aku bersemangat sekali. Ayo lakukan ini!
1012,1001,Bagaimana kamu menyukainya?
1012,1003,Tidak buruk!
1012,1002,Omong kosong!
1012,1004,Kalian melakukan pekerjaan dengan baik!
1012,1007,Luar biasa! Skor tinggi baru!
1012,1006,Tidak buruk!
1012,1005,Omong kosong!
1012,40000,Ayo pergi! Satu lawan satu!
1012,40001,Berlari cepat dan lampaui! Jangan mundur satu langkah pun! Hah?! Heh... Begitulah arti pertarungan satu lawan satu!
1012,30004,Hah, itu sudah cukup! hehe!
1012,30005,Itu dia! Kekuatan sejati Ol' Hishiama!
1012,31000,Saatnya berlari!
1012,13,Oh, ini bonus login hari ini.
1012,15,Sepertinya Anda bisa mengambil ini besok!
1012,110000,Oh, kamu ingin berlatih?
1012,110001,Pastikan untuk menghargai kenangan ini!
1012,110002,Jika kita sedang balapan, sebaiknya pilih yang seru!
1012,10021,Sepertinya Arsip Umamusume naik level!
1012,20051,Baiklah! Saatnya untuk satu lawan satu!
1012,70000,Aku masih punya banyak sisa di tangki!
1012,95005,Aku mengerti kamu!
1012,95006,Serahkan pada Hishiama!
1012,120000,Wah! Rasanya seperti aku penuh dengan kekuatan!
1012,140000,Bekerja keras, bermain lebih keras lagi!
1012,140001,Ooh, serang!
1012,140002,Ah, sangat dekat! Jangan menyerah!
1012,140003,Nah, itu menarik! Kamu benar-benar menghancurkannya!
1012,140004,Kerja bagus di luar sana!
1012,140005,Itu terjadi. Angkat kepalamu!
1012,140006,Nah, itu menarik! Kamu benar-benar menghancurkannya!
1012,140007,Kerja bagus di luar sana!
1012,140008,Hehe.
1012,140009,H-hentikan itu!
1012,140010,Hmm-hmm! ♪
1012,140011,Ya!
1012,140014,Ah...
1012,140015,Oh!
1012,140016,Hei, Ajarkan!
1012,140012,Oh ya!
1012,140013,Bagus!
1012,140017,Gr...
1012,140018,Sial.
1012,70004,Hehe. Kelihatannya bagus, bukan begitu?
1012,70010,Seragam ini sangat ringan dan mudah untuk dipindahkan!
1012,70008,Aku tidak terbiasa memakai barang seperti ini... tapi kelihatannya tidak terlalu buruk.
1012,70014,Agak lucu untuk gayaku. aku sedikit malu...
1012,70009,Ya, memakai ini benar-benar menyalakan api dalam diriku!
1012,70015,Mengenakan ini membuatku bersemangat untuk melakukan aksi panas!
1012,71004,Hehe. Kelihatannya bagus, bukan begitu?
1012,71010,Seragam ini sangat ringan dan mudah untuk dipindahkan!
1012,71008,Aku tidak terbiasa memakai barang seperti ini... tapi kelihatannya tidak terlalu buruk.
1012,71014,Agak lucu untuk gayaku. aku sedikit malu...
1012,71009,Ya, memakai ini benar-benar menyalakan api dalam diriku!
1012,71015,Mengenakan ini membuatku bersemangat untuk melakukan aksi panas!
1012,2030,Aku bersemangat sekali. Ayo lakukan ini!
1012,2031,Aku ingin pergi!
1012,2032,Saya senang bekerja dengan Anda!
1012,2033,Pikiran dan tubuhku selaras sempurna... Baiklah! Bersiaplah untuk terkesan, Ajarkan!
1012,2034,Siap berangkat! Saya akan buktikan nama "Ratu Amazon" bukan hanya untuk pertunjukan!
1012,2035,Saya senang bekerja dengan Anda!
1012,70018,Ah ya!
1012,70019,Jika kamu ingin pergi berdua saja, akulah pacarmu!
1012,71018,Ah ya!
1012,71019,Jika kamu ingin pergi berdua saja, akulah pacarmu!
1012,81000,Kamu bilang kamu ingin balapan satu lawan satu? Baiklah! Ayo!
1012,81001,Sekarang kami bersenang-senang! Kali ini aku akan berusaha sekuat tenaga!
1012,90020,Selamat Hari Valentine, ya?
1013,10000,Bisa makan makanan yang kusuka sungguh luar biasa... Itu semua berkat rencana makanmu yang luar biasa, Pelatih.
1013,10001,Aneh sekali. Aku merasa seolah-olah aku bisa menceritakan padamu semua kesengsaraan dan kekhawatiranku.
1013,10002,Bagaimana kalau kita menonton pertandingan olahraga bersama? Selama kamu tidak keberatan melihat sisiku yang lebih <i>bersemangat</i>...
1013,10003,Selamat tahun baru. Mari kita tegaskan kembali pola pikir kita dan mengabdikan diri sepenuhnya pada tujuan kita.
1013,10004,Selamat Hari Valentine. Terimalah hadiah coklat ini untuk semua yang Anda lakukan.
1013,10005,Saya khawatir ini jauh dari level profesional. Namun, aku membuatnya dengan sungguh-sungguh... Maukah kamu memberiku kehormatan untuk mencobanya?
1013,10006,Aku bersumpah demi bintang-bintang—aku akan mewujudkan impianku sampai selesai.
1013,10007,Halloween, kan? ...Aduh Buyung. Godaan permen ada di sekitarku.
1013,10008,Kami mengadakan pesta besar di perkebunan keluarga Mejiro sekitar waktu ini. Kami semua merayakannya dengan kue yang sangat besar.
1013,10009,Apakah kamu keberatan jika aku begadang sedikit lebih lambat dari biasanya malam ini? Aku ingin menikmati musim liburan bersamamu...
1013,10010,Sungguh tahun yang penuh peristiwa. Saya akan berusaha untuk tidak menyia-nyiakan apa yang telah saya pelajari, dan saya berharap hal ini terbukti bermanfaat di tahun baru.
1013,10011,Selamat ulang tahun! Hari yang benar-benar istimewa yang datang hanya setahun sekali. Silakan luangkan waktu untuk menikmati diri Anda sepenuhnya.
1013,10012,Saya mengucapkan selamat ulang tahun yang sesungguhnya. Hehe... Kamu sudah cukup bisa diandalkan, Pelatih.
1013,10013,Saya merasa bersyukur telah menerima begitu banyak ucapan selamat ulang tahun dari semua orang. Saya harus berusaha membalas kebaikan mereka dengan hasil.
1013,10014,Mengingat ini hari ulang tahunku, bolehkah aku sedikit egois? Aku ingin makan kue... bersamamu.
1013,10015,Tampaknya pemberitahuan telah tiba untuk Anda. Maukah kamu memeriksanya?
1013,10016,Sepertinya ada hadiah untukmu. Aku ingin tahu apa yang bisa terjadi. Menarik sekali.
1013,10017,Tampaknya Anda telah menyelesaikan misi. Saya tahu Anda bisa melakukannya.
1013,10018,Saya yakin sebuah acara akan segera dimulai. Aku ingin tahu perayaan apa yang menunggu.
1013,10019,Sepertinya ada acara yang sedang berlangsung. Bagaimana kalau kita intip?
1013,20000,<i>Huh...</i> Aku mulai merasa sedikit lelah...
1013,20001,Saya minta maaf, tetapi saya tidak dapat mengumpulkan energi apa pun hari ini. Bisakah saya beristirahat?
1013,20002,Saya merasa cukup segar hari ini! Pelatih, silakan mulai instruksi Anda segera.
1013,20003,hehe. Saya merasa siap untuk menangani pelatihan apa pun yang Anda berikan kepada saya!
1013,20004,Kondisi saya lebih baik dari biasanya.
1013,20005,Saya yakin saya dapat menyelesaikan program saya lebih cepat dari sebelumnya.
1013,20006,Mari kita berikan semangat penuh kita dalam latihan hari ini.
1013,20007,Kalau begitu, kita mulai dengan apa?
1013,20008,Maafkan aku, sepertinya aku tidak bisa berkonsentrasi dengan baik saat ini...
1013,20009,Ngh... Kekuatanku sepertinya melemah hari ini...
1013,20010,<i>Huh...</i> Aku merasa sangat tidak bersemangat hari ini...
1013,20011,Saya tahu saya harus menjaga sikap positif, tapi hari ini hanya...
1013,20021,Balapan lain? Saya khawatir terlalu banyak berturut-turut dapat mempengaruhi kesehatan saya...
1013,20022,Maaf, daripada balapan hari ini, bolehkah saya beristirahat?
1013,20023,Inilah saat yang saya tunggu-tunggu. Semua persiapan saya telah dilakukan!
1013,20024,Semua persiapan saya sudah selesai. Kemenangan ada dalam genggaman sesaat.
1013,20025,Saya akan menunjukkan hasil dari pelatihan saya dan mengamankan kemenangan pasti!
1013,20026,Mungkin semua kerja keras untuk mencapai tujuan kami membuahkan hasil. Saya merasa luar biasa.
1013,20027,Saya yakin saya memiliki performa yang sangat kuat hari ini. Perlombaan tidak bisa segera terjadi.
1013,20028,Tidak ada masalah di sini. Saya siap berlari kapan saja.
1013,20029,Saya akan berusaha keras untuk memberikan kinerja yang diharapkan dari saya.
1013,20030,Semua kerja keras yang telah saya lakukan hingga saat ini akan menjadi bahan bakar saya dalam perlombaan yang akan datang.
1013,20031,Saya pasti akan menang dalam perlombaan ini.
1013,20032,Selama saya mengingat apa yang telah saya praktikkan, saya tidak akan menemui kesulitan... Ya, itu pasti berhasil.
1013,20033,Selama saya memberikan segalanya, saya yakin saya bisa... Tidak, saya <I>akan</I> mewujudkannya.
1013,20034,Fokus, fokus... Fiuh. Saya harus menjaga pikiran saya bersih dari gangguan.
1013,20035,Saya berharap untuk lebih siap... Namun, saya akan melakukan apa yang saya bisa.
1013,20036,Mungkinkah menang dalam kondisi seperti ini? Tidak, saya tidak boleh memupuk keraguan seperti itu bahkan sebelum balapan dimulai.
1013,20037,Seharusnya aku berlatih lebih keras... meski sudah terlambat untuk menyesalinya. Aku harus menemukan jalan ke depan...
1013,20038,Mari kita mulai.
1013,20039,Ini dia!
1013,20040,Ayo berangkat!
1013,20041,Saya harus fokus.
1013,20042,O-oh?
1013,20043,Oh tidak...
1013,20046,Mari kita berangkat.
1013,20047,Bagus sekali.
1013,20049,Saya yakin saya sudah menjadi lebih baik.
1013,20050,Pelatih, terima kasih sebesar-besarnya.
1013,30000,Saya nyaris meraih kemenangan. Lain kali, itu akan menjadi milikku!
1013,30001,Saya harus mengarahkan pandangan saya lebih tinggi lagi.
1013,30002,Saya akan merenungkan hal ini dan kembali lebih kuat dari sebelumnya!
1013,30003,Saya tidak bisa membiarkannya berakhir di sini... Saya akan berlatih lebih keras dari sebelumnya!
1013,60000,Dalam konser, seperti halnya balapan, saya akan memberikan segalanya.
1013,60001,...Sekarang, aku datang!
1013,70001,Saya dulunya sangat tidak berpengalaman—tanpa sedikit pun disiplin diri. Saya sangat bersyukur telah menemukan seseorang yang dapat diandalkan seperti Anda.
1013,90000,Selamat pagi. Mari kita berkomitmen untuk memanfaatkan hari ini sebaik-baiknya.
1013,90001,Burung yang bangun pagi akan menangkap cacing, seperti kata mereka. Saya berniat memanfaatkan pagi ini sebaik-baiknya.
1013,90002,Hari baik untukmu. Saya berharap bisa menghabiskan sore yang indah bersama.
1013,90003,Saya mulai mendambakan yang manis-manis di sore hari. Namun, saya harus menolak untuk menjaga bentuk tubuh saya.
1013,90004,Kerja bagus hari ini. Harap pastikan untuk menjaga kesejahteraan Anda dan tidak memaksakan diri.
1013,90005,Aku akan memberikan kekuatan penuhku bahkan di tengah malam. Saya masih bisa tetap terjaga lebih lama.
1013,90006,Melihat semua bunga berwarna-warni mulai bermekaran sungguh menghangatkan hati saya.
1013,90007,Seseorang tidak boleh pergi tanpa sapu tangan di musim ini... Saya tidak bisa membiarkan orang lain melihat tampilan yang tidak sedap dipandang.
1013,90008,Musim gugur bukanlah waktu yang tepat bagi saya... Pergantian musim selalu membawa dampak negatif yang besar bagi kesehatan saya.
1013,90009,Rasa dingin bisa meresap ke dalam tubuh Anda... Pastikan Anda mengenakan pakaian dengan benar dari ujung kepala hingga ujung kaki.
1013,91000,Baru saja Kapal Emas menari Cossack tepat di hadapanku... Bertanya-tanya apa maksudnya semua itu.
1013,91001,Sulit untuk menunjukkan pengendalian diri ketika kita memiliki kafetaria bergaya prasmanan... Ngh...
1013,91002,Saya pastikan untuk menyapa semua orang di sekitar saya. Itu adalah sikap yang harus dipatuhi oleh setiap Mejiro.
1013,91003,Saya mengagumi proaktif Teio. Namun, aku berharap dia bisa lebih tenang dari waktu ke waktu...
1013,91004,Kemarin, aku menyalakan televisi dan kebetulan melihat pertandingan olahraga, dan—! ehem. Tidak, jangan khawatir tentang hal itu.
1013,91005,Jika mata kita hanya tertuju pada kemenangan, kita bisa kehilangan arah. Prosesnya bisa sama pentingnya dengan hasil.
1013,91006,Tempat ini berpotensi menumbuhkan banyak persaingan persahabatan dengan pembalap lain. Saya harus menghargai kesempatan unik ini.
1013,91007,Saya akan membuktikan bahwa saya layak menyandang nama Mejiro dengan meraih banyak kemenangan dalam pakaian balap ini.
1013,91008,Impianku, kebanggaanku sebagai seorang Mejiro... Mereka datang kepadaku lagi saat aku mengenakan pakaian balap ini.
1013,91009,Penampilan seseorang merupakan hal yang mendasar. Setiap pagi saya bekerja keras untuk memastikan tidak ada sehelai rambut pun yang tersesat.
1013,91010,Aku makan siang bersama Oguri Cap dan dengan sembarangan membiarkannya memikatku untuk menikmati hidangan penutup yang kedua.
1013,91011,Saya selalu rajin dalam studi saya. Belajar sebelum ujian tidak pantas bagi seseorang yang menyandang nama Mejiro.
1013,91012,Saya mencoba merekomendasikan hiasan rambut bunga kepada Dober untuk musim semi, tetapi dia tidak memedulikan saya. Aku yakin itu juga akan terlihat bagus untuknya...
1013,91013,Saya harus berhati-hati agar tidak terkena sengatan matahari. Saya tidak mampu memiliki noda atau iritasi pada kulit saya.
1013,91014,Fitur khusus pada makanan penutup musim gugur! Tidak. Saya ingin melihat, tapi tidak! Aku harus... menolak...
1013,91015,Pastikan Anda tidak masuk angin di cuaca dingin ini—ACHOO! I-itu tidak lebih dari sebuah bersin!
1013,92000,Persiapan saya sudah selesai. Kalau begitu, bisakah kita mulai pelajaran hari ini?
1013,92001,Sebagai seseorang yang menyandang nama Mejiro, saya tidak bisa mengabaikan latihan harian saya.
1013,92002,Langkah demi langkah. Inci demi inci. Saya berharap untuk melanjutkan dengan mantap tapi pasti.
1013,92003,Suatu hari nanti, saya yakin saya akan mencapai impian saya yang telah lama ditunggu-tunggu!
1013,92011,Saya siap menanggung pelatihan terberat. Jika tidak, kemenangan hanyalah mimpi belaka.
1013,92005,Saya selalu berusaha menyadari bagaimana orang lain melihat saya. Saya berharap untuk menerapkannya pada konser saya juga.
1013,92006,Kami telah mencapai sejauh ini melalui kerja keras kami. Kami harus terus berlatih dengan cara yang sama.
1013,92007,Ada banyak orang yang mengharapkan hal-hal besar dari saya... dan saya siap untuk melampaui harapan tersebut.
1013,93000,Ini semua berkat Anda, Pelatih.
1013,93001,Saya telah melakukan keadilan terhadap nama saya.
1013,95000,Saya penuh dengan kekuatan!
1013,95001,Saya bisa menjadi lebih dari itu!
1013,95003,Ini aku, Mejiro McQueen.
1013,95004,Saya ditakdirkan untuk meraih kemenangan. Suatu hari, plakat saya akan dipajang di ruang keluarga!
1013,1008,Mari kita menang dengan kekuatan gabungan kita!
1013,1033,Saya siap berangkat! Ya!
1013,1034,Ketika kita menang...
1013,1021,Apa yang kamu katakan?!
1013,1139,Dan dengan rahmat!
1013,1000,Kita harus bersaing dengan berani.
1013,1001,Benar-benar luar biasa!
1013,1003,Ini adalah hasil imbang.
1013,1002,Sungguh mengecewakan...
1013,1004,Ada perbedaan dalam tekad.
1013,1007,Kami telah mencapai skor tinggi baru!
1013,1006,Ini adalah hasil imbang.
1013,1005,Sungguh mengecewakan...
1013,120000,Sungguh perasaan yang aneh... Inilah kekuatan mimpi!
1013,140000,hehe! ♪ Jantungku berdebar kencang!
1013,140001,Anda berhasil!
1013,140002,Nghhhh...
1013,140003,Kebaikan! Banyak sekali!
1013,140004,Anda berhasil!
1013,140005,Ngh... Sungguh membuat frustrasi...
1013,140006,Kebaikan! Banyak sekali!
1013,140007,Anda berhasil!
1013,140008,Hmm! ♪
1013,140009,Ya ampun...
1013,140010,Hehe.
1013,140011,Bagus sekali!
1013,140014,Tidaaaak...
1013,140015,Ugh...
1013,140016,Halo?
1013,140012,Oke!
1013,140013,Saya tidak percaya!
1013,140017,TIDAK!
1013,140018,Tidaaaak...
1013,40000,Ini aku datang... Persiapkan dirimu!
1013,40001,Hmph. Jadi waktunya telah tiba. Ini dia!
1013,30004,Sorak-sorai perayaan... Saya berterima kasih kepada Anda.
1013,30005,Hehe.. Ehem. Tidak ada keraguan sedikit pun.
1013,31000,Saya akan menang!
1013,13,Inilah bonus login hari ini.
1013,15,Dan ini besok, saya yakin. ♪
1013,110000,Mari kita belajar satu sama lain dan mendaki lebih tinggi.
1013,110001,Sejarah hanyalah kumpulan kenangan yang tak terhitung jumlahnya.
1013,110002,Apakah Anda mempertimbangkan untuk mengikuti perlombaan?
1013,10021,Ya ampun, sepertinya Arsip Umamusumemu sudah naik level.
1013,20051,Saya merasa cukup baik! Saya siap berangkat!
1013,70000,Mari kita berjalan di jalan impian.
1013,95005,Saya dapat membantu Anda lebih besar lagi sekarang.
1013,95006,Saya tidak akan menahan apa pun!
1013,70004,Nenekku memakai pakaian ini... Pantas saja aku bisa mengangkat kepalaku tinggi-tinggi.
1013,70010,A-Aku tidak punya permen di sakuku!
1013,70008,Saya tahu cara mengenakan pakaian berenda! ♪
1013,70014,Satu-satunya keraguanku dengan pakaian ini adalah... bagian pinggang.
1013,70009,Saya akan menunjukkan keunggulan lari saya.
1013,70015,Kebanggaanku sebagai Mejiro. tugas saya. Tekadku... Itu membuatku lebih kuat.
1013,71004,Nenekku memakai pakaian ini... Pantas saja aku bisa mengangkat kepalaku tinggi-tinggi.
1013,71010,A-Aku tidak punya permen di sakuku!
1013,71008,Saya tahu cara mengenakan pakaian berenda! ♪
1013,71014,Satu-satunya keraguanku dengan pakaian ini adalah... bagian pinggang.
1013,71009,Saya akan menunjukkan keunggulan lari saya.
1013,71015,Kebanggaanku sebagai Mejiro. tugas saya. Tekadku... Itu membuatku lebih kuat.
1013,2030,Kita harus bersaing dengan berani.
1013,2031,Mari kita menang dengan kekuatan gabungan kita!
1013,2032,Pelatih, terima kasih sebesar-besarnya.
1013,2033,Saya tidak punya masalah untuk dilaporkan. Saya siap berlari kapan saja.
1013,2034,Aku akan mendemonstrasikan hasil latihanku dan memastikan kemenangan!
1013,2035,Pelatih, terima kasih sebesar-besarnya.
1013,90010,Tidak ada yang menandingi udara pagi. Ini sangat menyegarkan, saya merasa bisa fokus pada apa pun.
1013,90011,Tidak peduli seberapa pagi saya bangun, selalu ada seseorang yang sudah berlatih. Akademi Tracen benar-benar mengesankan.
1013,90012,Bagaimana kalau minum teh sore? Aku akan memperlakukanmu seperti Mejiro.
1013,90013,Teio langsung berangkat ke trek setelah makan siang... Aku tidak akan membiarkan dia mendahuluiku.
1013,90014,Anda selalu bekerja lembur. Saya harus belajar dari teladan Anda.
1013,90015,Saya selalu mengoleskan krim tangan beraroma bunga sebelum tidur. Saya merasa itu membantu saya mendapatkan mimpi indah.
1013,90016,Musim semi tiba, dengan segala bunganya... Mereka menginspirasi saya untuk berdiri sedikit lebih tinggi.
1013,90017,Musim mandi banyak sudah tiba... Namun dampak buruknya terhadap lintasan cukup menyusahkan.
1013,90018,Saya merindukan sumber air panas di kawasan Mejiro saat cuaca dingin. Seseorang dapat mengagumi dedaunan musim gugur dari pemandian terbuka pada saat ini.
1013,90019,Hmm-hmm! ♪ Minuman lemon panas dengan sedikit madu sangat nikmat saat dingin! ♪
1013,91016,Ikuno lebih bersemangat dari yang terlihat. Dia berbicara sampai larut malam ketika saya meminta nasihatnya untuk menjaga kesehatan...
1013,91017,Keluarga Mejiro sering meminta nasihat Palmer ketika membutuhkan. Kita semua diselamatkan oleh energi cerah dan kegembiraannya.
1013,91018,Saya terkadang kesulitan memahami apa yang dimaksud Helios. Mengapa dia mengucapkan "terima kasih, fam" padahal kami tidak ada hubungan keluarga?
1013,91019,Rice menawariku bantuannya ketika aku sedang mencari sapu tangan yang kujatuhkan. Dia sangat baik hati.
1013,91020,Teio tampak agak tidak energik. Mungkin saya akan mengenalkannya pada dokter keluarga Mejiro.
1013,91028,Saya merasa seolah-olah saya bisa mencapai tingkat yang lebih tinggi dengan pakaian ini.
1013,91029,Pakaian balap baru saya juga berfungsi untuk mengekspresikan ekspektasi orang lain. Saya harus berlari agar tidak mempermalukan mereka yang mendukung saya.
1013,91021,Teio yang malang itu! Dia berani makan sepotong roti panggang yang dilapisi keju di depanku pagi ini! Saya tidak akan tergoda!
1013,91022,Oh, awan yang bentuknya seperti wortel... Hehe, indah sekali.
1013,91023,Aku harus segera menelepon orang tuaku. Mereka cepat khawatir jika saya tidak menghubungi mereka secara teratur.
1013,91024,Ada sebuah kolam besar di taman perkebunan Mejiro. Saya sering menyaksikan bunga sakura berjatuhan ke permukaan air di sana.
1013,91025,Ada permainan malam sekitar waktu ini—tidak! Seorang Mejiro tidak boleh melakukan kejahatan seperti itu!
1013,91026,Saya merasa kita semakin memasuki musim gugur, semakin banyak daun yang berubah warna. Betapa cepatnya perubahan musim...
1013,91027,Ketika saya masih kecil, saya akan mengaitkan sarung tangan saya ke bros agar tetap berpasangan, karena kadang-kadang saya akan kehilangan salah satunya...
1013,92015,Saya harap Anda terus membimbing saya menuju cita-cita saya hari ini.
1013,92016,Saya yakin Anda tahu persis jenis pelatihan apa yang akan memaksimalkan kekuatan saya, bukan?
1013,92017,Kuat dan anggun, seperti unggas air.
1013,92018,Mari kita melebarkan sayap menuju kemenangan.
1013,92020,Tempat ini berpotensi menumbuhkan banyak persaingan persahabatan dengan pembalap lain. Saya harus menghargai kesempatan unik ini.
1013,92021,Aku berusaha untuk selalu setenang air yang tenang.
1013,92022,Mari kita bersama-sama menemukan apa yang ada di masa depan yang tidak diketahui.
1013,93004,Kemuliaan dan rasa terima kasih yang tertinggi adalah hadiahku untukmu.
1013,93005,Kebanggaanku... harus dibagikan padamu.
1013,95007,Menuju surga!
1013,95008,Sampai ke ujung langit!
1013,95010,Saya Mejiro McQueen, dan saya akan berlomba menuju langit.
1013,70016,Pakaian yang elegan dan ringan bukan?
1013,70017,Saya merasa seolah-olah saya bisa berlomba sampai ke ujung langit.
1013,71016,Pakaian yang elegan dan ringan bukan?
1013,71017,Saya merasa seolah-olah saya bisa berlomba sampai ke ujung langit.
1013,95009,Saya akan maju ke masa depan yang jauh dan tanpa akhir!
1013,40003,Aku akan melebarkan sayapku!
1013,40004,Dengan sayapku ini, aku akan terbang semakin tinggi!
1013,30006,Saya telah naik ke surga dan menang!
1013,30007,Hehe.. Ehem. Tidak ada keraguan sedikit pun.
1013,400001,Bahkan jika ada angin baru, aku tidak akan melepaskan genggamanku pada kemenangan.
1013,81000,Saya akan dengan senang hati menerima tantangan ini.
1013,81001,Saya tidak akan pernah mundur... Saya akan menjaga nama keluarga saya!
1013,70018,Luar biasa.
1013,70019,Saya akan menunjukkan kepada Anda kekuatan sebenarnya dari keluarga Mejiro!
1013,71018,Luar biasa.
1013,71019,Saya akan menunjukkan kepada Anda kekuatan sebenarnya dari keluarga Mejiro!
1013,90020,Saya mengucapkan Selamat Hari Valentine kepada Anda.
1013,90021,Saya mengucapkan Selamat Hari Valentine kepada Anda.
1014,10000,Dia yang tercepat, terhebat—pembalap terkuat di dunia! Dan... dia adalah Trainee Umamusume-mu! Bergemuruh ke atas panggung—itu El Condor Pasa!
1014,10001,Pelatih! Mari pastikan kita melambung ke panggung dunia! Mulailah dengan berlari seratus putaran!
1014,10002,Pastikan untuk menjaga dirimu baik-baik! Pembalap terkuat di dunia membutuhkan teman terbaik di dunia!
1014,10003,Saya menulis kaligrafi pertama saya tahun ini dengan Grass sebelumnya. Kuas Jepang sangat sulit digunakan!
1014,10004,Selamat Hari Valentine! Aku akan membawakanmu coklat nanti sebagai ucapan terima kasih atas semua yang kamu lakukan untukku!
1014,10005,Ini dia! Cokelat berbumbu diisi dengan saus buatan sendiri. Bahkan sudah mendapat persetujuan dari papaku. Anda adalah anggota non-keluarga pertama yang memilikinya!
1014,10006,Apakah kamu sudah menulis slip keinginan Tanabatamu? Punyaku sudah selesai, lengkap—fabuloso! Mari wujudkan impian kita menjadi yang terkuat di dunia!
1014,10007,Selamat Halloween, teman-teman! Sebagai pembersih langit-langit mulut untuk semua permen manis itu, bagaimana dengan beberapa taco jalapeno spesial saya?
1014,10008,Ayah saya dulu berdandan seperti Santa. Benar sekali, dia adalah pegulat bertopeng misterius: Santa Enmascarado!
1014,10009,Pohon yang cantik dan mewah! Mari kita letakkan bintang di atas bersama-sama!
1014,10010,Ini hampir waktunya sepanjang tahun. Kau tahu, untuk gulat profesional Tahun Baru! Saya sangat bersemangat saat ini sehingga saya tidak bisa duduk diam!
1014,10011,Selamat ulang tahun! Aku akan mentraktirmu ayam pedas dan pedas spesialku di kafetaria!
1014,10012,Pelatih! Saya harap Anda mengalami hari yang menyenangkan, super—ekstrim!
1014,10013,Terima kasih telah merayakannya bersamaku! Mari kita catat nama kita dalam sejarah sebagai tim tag terkuat di dunia!
1014,10014,Mama dan papaku menelepon untuk mengucapkan selamat ulang tahun kepadaku—mau ngobrol dengan mereka juga? Bagaimanapun, Anda adalah mitra tim tag khusus saya!
1014,10015,Sepertinya ada pemberitahuan baru, amigo! Mari kita periksa bersama!
1014,10016,Ada hadiah yang menunggumu! Saya tidak sabar untuk melihat apa yang Anda dapatkan!
1014,10017,Bagus! Anda menyelesaikan misi!
1014,10018,Ada pertandingan—maksudku, sebuah acara akan segera hadir!
1014,10019,Ada acara yang sedang berlangsung sekarang! Kita harus bergabung!
1014,20000,Ugh, aku keluar dari permainanku hari ini... Hatiku membara seperti matahari, namun lariku kurang semangat!
1014,20001,Aku ingin berlari lebih banyak, tapi kakiku tidak mau bergerak! Saya harus istirahat sebentar dan bersiap untuk waktu berikutnya!
1014,20002,Aku merasa bueno, excelente—fabulosa! Pelatih, beri saya latihan tersulit yang pernah Anda dapatkan!
1014,20003,Motivasi saya terisi penuh! Ayo tunjukkan pada semua orang bagaimana Umamusume terkuat di dunia berlari!
1014,20004,Ayo berlatih! Lintasan, sepatu saya, dan saya siap berangkat! Bagus sekali!
1014,20005,Saya terbakar! Beri aku latihan yang sangat panas hingga aku akan mendapat luka bakar tingkat satu!
1014,20006,Masuk ke dalam ring—itulah El Condor Pasa! Apa yang kamu siapkan untukku hari ini?
1014,20007,Oke, mari kita bersemangat, bersemangat—berkobar-kobar! Saatnya berlatih!
1014,20008,Badanku terasa agak berat, tapi aku yakin aku masih bisa terbang!
1014,20009,Aku merasa kurang fokus... Tunggu, apa aku tidak punya cukup tenaga?!
1014,20010,Kurasa kondisiku tidak bagus... I-tidak mungkin aku bisa menunjukkan wajahku pada Papa seperti ini!
1014,20011,Apakah tubuhku selalu kaku?! Apa yang salah dengan itu?
1014,20021,Anda ingin saya mengikuti balapan lain? Aku tidak tahu apakah aku bisa terbang... T-tidak, jika aku ikut, aku berlomba untuk menang!
1014,20022,Balapan lain? Tahukah kamu bahwa burung condor terkadang juga perlu mengistirahatkan sayapnya?
1014,20023,Saatnya untuk balapan besar! Saya sangat bersemangat! Ayo pergi, Pelatih!
1014,20024,Saya sempurna! Aku bisa menembus udara seperti burung condor sekarang!
1014,20025,El Condor Pasa—di atas ring dan bersiap untuk melaju! Ayo tunjukkan pada semua orang bagaimana Umamusume terkuat di dunia berlari!
1014,20026,Peregangan selesai, dan sepatu sudah terpasang! Saya merasa bisa berlari lebih cepat dari biasanya!
1014,20027,Kalau begitu, saatnya aku terbang dengan gemilang melintasi wilayah tersebut!
1014,20028,Tubuhku terasa ringan hari ini! Aku akan terbang lebih tinggi dari sebelumnya!
1014,20029,Oke, waktunya balapan! Saya sudah melakukan semua yang saya bisa, jadi yang tersisa hanyalah menang!
1014,20030,Jika aku bisa mengerahkan kekuatan sebanyak biasanya, maka tak mungkin aku kalah!
1014,20031,Ini balapan yang penting, jadi saya akan memperbesarnya dengan semua yang saya punya!
1014,20032,Anda tidak akan pernah menang jika Anda menyerah sebelum perlombaan dimulai! Aku akan baik-baik saja—aku punya sayap untuk terbang!
1014,20033,Heh-heh-heh... Meski saya tidak mempersiapkan diri dengan baik, pembalap terkuat di dunia tetap akan menang!
1014,20034,Saya tidak merasa dalam kondisi terbaik, tapi itu tidak ada bedanya! Aku masih harus menang!
1014,20035,Aku terpojok dan hampir terjatuh dalam hitungan... Ini adalah saat apiku menyala paling panas! Saya akan menunjukkan kekuatan El Condor Pasa!
1014,20036,Ini balapan yang penting, jadi saya akan melakukan yang terbaik dan berlari sesuai keinginan saya!
1014,20037,Aku mungkin sedikit tidak sehat. T-tapi semuanya baik-baik saja! Dan kamu tahu kenapa? Karena aku yang terkuat!
1014,20038,El-nya heeeeeere!
1014,20039,aku berangkat!
1014,20040,Saatnya latihan!
1014,20041,Aku akan menjadi sangat pintar!
1014,20042,Karena?!
1014,20043,Saya tidak mengerti!
1014,20046,Ayo pergi!
1014,20047,Rasakan angin laut!
1014,20049,Datanglah hujan, hujan es, atau cerah—bersyukurlah dan penuh rahmat!
1014,20050,Terima kasih banyak!
1014,30000,Sedikit lagi! Saya masih belum puas!
1014,30001,Bicara tentang menyayat hati! Saya <I>akan</I> menang lain kali!
1014,30002,Lebih cepat... Aku akan menjadi lebih cepat lagi!
1014,30003,Saya masih belum menjadi yang terkuat di dunia!
1014,60000,Saya akan memberikan Anda penampilan terkuat yang pernah Anda lihat!
1014,60001,Tidak ada seorang pun yang mendekati saya di lapangan atau di atas panggung!
1014,70001,Pelatih! Aku sangat tersentuh oleh kata-katamu, semangatmu—gairahmu!
1014,90000,Saya bangun pagi-pagi, di sekolah—tidak ada yang bisa menghentikan saya! Buenos Diaas! Ahhh, betapa indahnya angin pagi ini!
1014,90001,Oke, mari kita teriakkan salam kita kepada terik matahari untuk mengawali hari! Selamat siang!
1014,90002,Apakah kamu sudah makan siang? Jika belum, nikmatilah beberapa tortilla merah spesial saya yang berisi cabai!
1014,90003,Buenas terlambat! Sebagai yang terkuat di dunia, saya akan menangani pelatihan apa pun yang Anda berikan untuk saya hari ini!
1014,90004,Matahari mungkin terbenam, tapi selalu terbit kembali! Matahari menyimpan energi di malam hari sehingga dapat kembali muncul di atas ring keesokan harinya!
1014,90005,Apa? Pekerjaan rumah saya? Besok aku harus serahkan uno, dos, tres... Rumput! Kamu ada di mana?!
1014,90006,Musim semi berarti bunga kaktus! Jadi aku menaruhnya di samping vas Grass. Bicara tentang enak!
1014,90007,Lebih panas dari gelombang panas dan lebih cepat dari angin yang membara! Kaki perkasa El Condor Pasa akan membawanya ke pelosok langit musim panas!
1014,90008,Akhir-akhir ini, hari-hari semakin pendek. Tapi! Condor akan terbang, bahkan dalam kegelapan!
1014,90009,Pemanas kotatsu Jepang berbahaya. Sekali Anda masuk, Anda tidak akan pernah bisa melarikan diri. Ini seperti pertarungan maut melawan semut jahat!
1014,91000,Jika aku ingin membuktikan diriku sebagai yang terkuat di dunia, maka aku harus mengalahkan Suzuka terlebih dahulu! Saya akan memastikan saya mengirimnya terbang keluar dari ring!
1014,91001,Daging yang disajikan Taiki di acara barbekyunya selalu besar, berair—lezat! Itu mengingatkan saya pada rumah di Amerika!
1014,91002,Pelatih, apakah Anda melihat pertandingan gulat profesional di TV kemarin?! Finisher di udara pada akhirnya itu bagus!
1014,91003,Papa memberikan topeng ini kepadaku. Semangat membara di dalamnyalah yang menjadikan saya pembalap terkuat di dunia!
1014,91004,Jepang, Inggris, dan Spanyol... Anda harus menguasai multibahasa untuk balapan keliling dunia! Saya sedang belajar bahasa Prancis!
1014,91005,Umamusume bertopeng yang tampil di atas panggung dengan tarian berkibar dalam pakaian cantiknya—itulah El Condor Pasa!
1014,91006,Menurutmu mungkinkah memasang tali di panggung konser sehingga aku bisa melakukan beberapa teknik udara?!
1014,91007,Saya punya pakaian yang bisa bersinar di seluruh dunia! Sekarang yang harus saya lakukan adalah menyempurnakan teknik lari kemenangan saya!
1014,91008,Tidak ada yang mustahil bagiku! Aku akan menggunakan sayap merah terang ini untuk terbang melintasi lautan!
1014,91009,Aku sedang melakukan latihan pagiku sampai sekarang... Ack, ini hampir waktunya mulai! Saya belum cukup berlatih!
1014,91010,Ingin meremas tanganku? Saya membuatnya khusus, jadi cukup tangguh!
1014,91011,<i>Yaaawn...</i> Aku mungkin yang terkuat, tapi aku tidak bisa menang melawan orang yang mengantuk. Saya akan tidur sekarang untuk mengisi ulang tenaga untuk besok!
1014,91012,Saya suka bagaimana angin sepoi-sepoi terasa di musim semi! Saya merasa bisa melakukan body slam yang mengesankan jika saya mengendarainya ke udara!
1014,91013,Panas... Terlalu panas! Artinya kita butuh makanan panas! Makanan untuk membuat tubuh dan jiwa Anda menjadi caliente! Begitu panas hingga api terasa sejuk!
1014,91014,Nasi jamur matsutake hanya ada di musim gugur, jadi saya dan Spe mengadakan pertandingan batu-kertas-gunting untuk pertandingan terakhir. Dan pemenangnya adalah... El!
1014,91015,Sekalipun aku berlari dengan semangat sepanas matahari, aku tetap merasa kedinginan di musim dingin... Qué misterio!
1014,92000,Bagus sekali! Saatnya berlatih!
1014,92001,aku sempurna! Siap untuk berlatih kapan saja!
1014,92002,Pelatih! Beri aku instruksimu!
1014,92003,Saya siap untuk terbang!
1014,92011,Tangguh, kasar—tidak pernah cukup! Pelatihan seperti itulah yang saya inginkan!
1014,92005,Ayo ikuti latihan ekstrem agar aku bisa menjadi yang terkuat di dunia!
1014,92006,Saya tidak bermaksud kalah dari siapa pun! Itu sebabnya kita tidak boleh menahan apa pun!
1014,92007,Dia yang terkuat, dia tak terkalahkan—dia El Condor Pasa! Melonjak tinggi setiap hari!
1014,93000,Kami telah menjadi tim tag terkuat!
1014,93001,Saya selangkah lebih dekat untuk menjadi pembalap terkuat di dunia!
1014,95000,Oooooh! Tubuhku terbakar!
1014,95001,Selangkah lebih dekat untuk menjadi juara dunia!
1014,95003,Saya El Condor Pasa! Senang bertemu denganmu!
1014,1008,Persahabatan, persatuan—kemenanganyyyy!
1014,1035,Apakah kamu siap?!
1014,1036,Ayo pergi, Sei!
1014,1000,Dan kita berangkat!
1014,1001,Victoria!
1014,1003,Itu adalah pertandingan yang sangat panas!
1014,1002,Tidak seperti ini!
1014,1004,Kami berhasil! Kami menang!
1014,1007,Skor tinggi baru!
1014,1006,Itu adalah pertandingan yang sangat panas!
1014,1005,Tidak seperti ini!
1014,120000,Saya bisa meledak dengan energi!
1014,140000,Ayo lakukan yang terbaik!
1014,140001,Mengerti!
1014,140002,Awww, kamu kehilangannya...
1014,140003,Kesuksesan! Triunfo! Hasil tangkapan yang sangat besar!
1014,140004,Fantastis!
1014,140005,Ah, kita gagal...
1014,140006,Kesuksesan! Triunfo! Hasil tangkapan yang sangat besar!
1014,140007,Fantastis!
1014,140008,Ehehe!
1014,140009,Hmm-hm-hmm! ♪
1014,140010,Hmm...
1014,140011,Agung!
1014,140014,Ugaaagh!
1014,140015,Hmm...
1014,140016,Ayo!
1014,140012,Anda berhasil!
1014,140013,Wow!
1014,140017,Mustahil...
1014,140018,...
1014,40000,Sekarang saatnya saya bersinar!
1014,40001,Sekarang saatnya saya bersinar!
1014,40002,Aku sangat serius!
1014,30004,Ya! Kemenangan! Singkirkan mereka dari ring!
1014,30005,Siapa yang terkuat di dunia? Itu El Condor Pasa!
1014,31000,Pergi pergi!
1014,13,Inilah bonus login Anda hari ini!
1014,15,Anda punya ini untuk Anda besok!
1014,110000,Sempurna, bertenaga, dan siap bertarung?!
1014,110001,Menyenangkan juga melihat kembali kenangan!
1014,110002,Apakah ada balapan yang sempurna untuk saya?!
1014,10021,Arsip Umamusume Anda telah naik level uuuu!
1014,20051,Ayo lakukan yang terbaik!
1014,70000,Mari kita bertujuan untuk menjadi yang terkuat di dunia!
1014,95005,Aku akan mendukungmu!
1014,95006,Saya juga yang terbaik di dunia dalam hal mendukung orang!
1014,70004,Seragam ini sangat mudah untuk dibawa-bawa!
1014,70010,Mengenakan pakaian yang biasa saya pakai sungguh menenangkan!
1014,70008,Embel-embel ini seperti sayap burung condor!
1014,70014,Sebaiknya kita menari sambil melakukannya!
1014,70009,Saya menjadi termotivasi ketika saya memakai ini!
1014,70015,Pakaian yang cocok untuk pembalap terkuat di dunia!
1014,71004,Seragam ini sangat mudah untuk dibawa-bawa!
1014,71010,Mengenakan pakaian yang biasa saya pakai sungguh menenangkan!
1014,71008,Embel-embel ini seperti sayap burung condor!
1014,71014,Sebaiknya kita menari sambil melakukannya!
1014,71009,Saya menjadi termotivasi ketika saya memakai ini!
1014,71015,Pakaian yang cocok untuk pembalap terkuat di dunia!
1014,2030,Dan kita berangkat!
1014,2031,Persahabatan, persatuan—kemenanganyyyy!
1014,2032,Terima kasih banyak!
1014,2033,Tubuhku terasa ringan hari ini! Saya pikir saya bisa terbang dengan lebih banyak energi dari biasanya sekarang!
1014,2034,El Condor Pasa—di atas ring dan bersiap untuk melaju! Mari kita tunjukkan kepada semua orang lari terbaik di dunia!
1014,2035,Terima kasih banyak!
1014,81000,Dia yang terkuat dan tercepat di dunia! Lawanmu adalah... El Condor Pasa!
1014,81001,Kami baru saja memulai! Pertempuran gong dibunyikan belum lama ini!
1014,90010,Ayolah! Bagaimana kalau kita melakukan latihan bela diri pagi ini? Saya penuh dengan energi!
1014,90011,Oooooh! Halus, manis—sensasional! Saya memulai hari dengan perasaan segar berkat pijatan Grass!
1014,90012,Apa yang harus kita lakukan saat istirahat makan siang? Baik saat bermain kartu atau menari, saya akan menghadapi tantangan apa pun!
1014,90013,Aku mulai lapar... Ayo pergi ke toko barang bekas—maksudku, kafe untuk membeli makanan!
1014,90014,Malam hari adalah saat monster keluar untuk bermain... Tapi! Semua monster ditakdirkan untuk dibunuh olehku! Artinya! Saatnya <I>saya</I> bermain!
1014,90015,Apakah Anda sedang mencari tempat tinggal? Asrama Tracen tidak dipungut biaya! Tapi pelatih tidak bisa masuk!
1014,90016,Musim semi adalah musim awal yang baru! Akademi Seni Bela Diri Condor gaya El selalu menerima murid baru!
1014,90017,Hari-hari panas tidak pernah berakhir... Jadi yang Anda butuhkan adalah—es serut yang dibuat dengan cara meninju bongkahan es! Ini juga membantu dalam pelatihan, jadi Anda membunuh dua condor dengan satu batu!
1014,90018,Hmph! Bagaimana pakaianku yang berwarna merah tua ini bisa terlihat cantik seperti dedaunan musim gugur?! Rumput tidak mengerti!
1014,90019,Tidak dingin... Tidak! Saat aku memakai pakaian ini, semangat juang yang membara membuatku—achoo!
1014,91016,Mata Biko berbinar-binar saat aku memakai pakaian ini... Tapi sepertinya aku tidak ada hubungannya dengan Carrot Ranger...
1014,91017,Eksplorasi, penemuan—petualangan! Lain kali aku pergi ke Umanest, Spe dan yang lainnya juga akan bersamaku!
1014,91018,RPG memang bagus, tapi selanjutnya mari kita pilih game pertarungan! Saya ingin bertemu orang lain yang lebih kuat dari saya!
1014,91019,King mampir di tengah-tengah pelajaran menariku untuk menonton... Tarianku mengagumkan, bukan?!
1014,91020,Hmm, aku bisa menghadapi orc dan goblin, tapi bagaimana cara memasang kunci bersama wyvern?
1014,91028,Api di dalam diriku menyala dengan semangat juang berwarna merah cerah! Pakaian ini menunjukkan semangatku untuk tidak pernah kalah melawan siapa pun!
1014,91029,Oooh, ini sangat keren! Memakai ini saja sudah membuat semangatku berkobar dengan panas yang menyengat!
1014,91021,Mulailah pagi Anda dengan menyapa matahari! Gaya Condor mengajarkan Anda untuk menjadi yang paling awal untuk bangkit!
1014,91022,Makanan mewah memang enak, tapi terkadang saya hanya ingin makanan penginapan, seperti sup dengan roti gandum...
1014,91023,Harus menyelesaikan shadowboxing sebelum aku tidur! Anda harus membayangkan musuh Anda dan melawan mereka! Itulah cara seorang biksu Condor!
1014,91024,Gaya Condor bahkan dapat mengubah angin musim semi yang lembut menjadi angin yang membara! Dengan baik? Ingin mencobanya?
1014,91025,Saya siap membantu Anda untuk cerita hantu musim panas! Kalau takut, teriakkan saja, "Tinju menari condor! Hah!"
1014,91026,Pukulan lebih cepat daripada daun kering yang jatuh ke tanah! Itu adalah Tinju Daun Jatuh Condor! Cobalah saat Anda sedang membersihkan daun-daun yang berguguran!
1014,91027,Gelombang dingin musim dingin tidak mempunyai peluang melawan Gaya Condor! Siapa yang butuh jaket? ...Achoo!
1014,92015,Saatnya latihan!
1014,92016,Saya selalu siap untuk berperang! Ayo!
1014,92017,Balapan dan seni bela diri adalah tentang pelatihan dan latihan!
1014,92018,Tembakan penuh, kekuatan penuh—kecepatan penuh! Harus membakar semangat itu!
1014,92020,Menurutku tidak! Saya merasa—itulah inti dari pelatihan saya!
1014,92021,Jalan untuk menjadi yang tercepat... Apakah Anda berlatih setiap hari—atau tidak? Ini sangat sederhana!
1014,92022,Saya yang terkuat dan tercepat! Baik itu di wilayah atau di seluruh dunia—aku akan menyelamatkan kalian semua!
1014,93004,Saya terbang sejauh ini karena saya tidak sendirian! Selama aku punya kamu, aku bisa melakukan yang terbaik di dunia mana pun aku berada!
1014,93005,Saya telah berhasil memamerkan kekuatan sebenarnya dari Gaya Condor!
1014,95007,Tingkatkan uuup! Mari pertahankan ini dan dapatkan lebih banyak pengalaman!
1014,95008,Tidak! Lakukan! Tres! Tidak ada yang bisa menghentikan Condor Punch-ku!
1014,95010,El Condor Pasa! Melonjak untuk menyelamatkan dunia!
1014,70016,Wah! Mengenakan pakaian balap khas ini benar-benar membuat saya bersemangat!
1014,70017,Oh? Anda ingin melawan saya? Saya selalu siap menghadapi tantangan!
1014,71016,Wah! Mengenakan pakaian balap khas ini benar-benar membuat saya bersemangat!
1014,71017,Oh? Anda ingin melawan saya? Saya selalu siap menghadapi tantangan!
1014,95009,Aduh! Ka-banting! FISTS OF FURYYY!\nTidak ada yang melontarkan pukulan seperti EL CONDOR PASAAAA!
1014,40003,Tinju Condor yang Marah!
1014,40004,Hehe! Manjakan matamu dengan kekuatan sejatiku! Oooh, Condor Chop! El Salib! Teknik Ultimo—Tinju Condor yang Marah!
1014,30006,Biksu Condor tidak dapat dihentikan!
1014,30007,Siapa yang terkuat di dunia? Itu El Condor Pasa!
1014,400000,Petualangan! Pertempuran! Fantasi! Ayo maju!
1014,400001,Ucapkan "halo" kepada monster dengan Umamusume KO-puuunch!
1014,400003,Ratu Iblis Golshi! A-Aku tidak akan membiarkanmu pergi!
1014,400006,Pertarungan yang menentukan, pertanda—sebuah perubahan yang tak terduga! Tolong terus dukung saya sampai akhir!
1014,400007,Oh-ho, akan lembur?! Ayo!
1014,400009,Ciao, semuanya! Ayo jalan-jalan lagi!
1014,400014,Tirainya jatuh! Sampai jumpa lagi, aligator! Acaranya sudah selesai sekarang!
1014,70018,Membuat pintu masuk yang besar!
1014,70019,Akulah satu-satunya... satu-satunya... Burung Hantu, El Condor Pasa!
1014,71018,Membuat pintu masuk yang besar!
1014,71019,Akulah satu-satunya... satu-satunya... Burung Hantu, El Condor Pasa!
1014,90020,Selamat Hari Valentine!
1014,90021,Selamat Hari Valentine!
1015,10000,Haaah ha ha ha hah! Untuk berperan sebagai pelatih Tuan Besar... Anda telah mendapatkan peran seumur hidup!
1015,10001,Kritik Anda terhadap penampilan saya benar dan jelas. Saya tahu saya selalu bisa mempercayai pendapat Anda, jadi... Hehe, saya menantikan ulasan Anda berikutnya.
1015,10002,Pertarungan dengan diriku sendiri belum mencapai kesimpulan! Sayang! Apa yang harus saya lakukan untuk menang?! Pinjamkan aku pengetahuanmu!
1015,10003,Selamat tahun baru! Untuk langsung menemui inkarnasi keberuntungan... tentunya Anda memiliki tahun depan yang indah!
1015,10004,Tatapan malu-malu yang kurasakan padaku! Jangan malu-malu, penggemarku sayang. Kalian semua sangat ingin memberiku coklat, bukan?
1015,10005,Aku mengirim patung coklat seukuran diriku ke tempat tinggalmu. Hehe, sebelum menikmati pestanya, <i>nikmati</i> keindahan patungnya!
1015,10006,Bima Sakti? Sebuah panggung yang patut disaingi, tentu saja—tetapi kita akan lihat siapa yang paling bersinar.
1015,10007,Anda tidak akan mendapat hadiah dari saya... karena saya menunggu trik termegah Anda. Sekarang, bawalah hantu-hantu itu!
1015,10008,Mengapa hanya menghiasi pohon jika kamu memilikiku? Lihatlah—aku bersinar semakin terang, semakin meriah!
1015,10009,Izinkan saya mempersembahkan... lagu spesial hanya untuk Anda. Nikmati "Malam Musim Dingin The Overlord" yang menampilkan iringan Pelatih.
1015,10010,Perhatikan baik-baik aku selagi kamu masih bisa. Karena fajar tahun baru akan menjadi fajar diriku yang baru!
1015,10011,Pertemuanmu yang ditakdirkan denganku adalah satu-satunya alasan kelahiranmu ke dunia ini. Nikmatilah sukacita berkat itu!
1015,10012,Saya sangat bersyukur Anda ada, Pelatih yang adil. Kamu benar-benar membuatku bersinar kembali.
1015,10013,Haaah ha ha ha! Peringatan kelahiranku seharusnya menjadi hari libur—mari kita nyatakan sebagai "Hari Tuan" sebagai perayaan!
1015,10014,Sungguh kebahagiaan luar biasa yang harus kamu rasakan, merayakan ulang tahunku bersama satu-satunya aku! Ah, kuharap aku bisa menggantikanmu!
1015,10015,Aku sedang memeriksa surat cinta, tapi sepertinya ini pesan untukmu. Coba lihat!
1015,10016,Tampaknya kamu mempunyai hadiah yang menunggumu. hehe! Tampaknya Anda memiliki penggemar yang penuh kasih sayang.
1015,10017,Saya melihat Anda telah menyelesaikan misi. Sungguh, Anda memiliki apa yang diperlukan untuk menjadi pelatih saya!
1015,10018,Tampaknya suatu peristiwa akan segera menimpa kita. Hehe... Mungkin aku yang akan memimpin!
1015,10019,Tirai dibuka pada sebuah acara! Haaah ha ha ha! Perhatian semuanya—bintang Anda telah tiba!
1015,20000,Saya tidak bisa bergerak?! B-bagaimana ini bisa terjadi?!
1015,20001,Jalan menuju kejayaan terbentang di hadapanku, namun... Aku tidak dapat menemukan energi untuk bergerak!
1015,20002,Haaah ha ha ha! Aku bersinar sangat terang hari ini!
1015,20003,Bagus sekali! Hanya masalah waktu sebelum aku menjadi Centurial Overlord yang absolut!
1015,20004,Ahhh... Setiap langkah terasa seperti aku terbang—seperti angsa yang meluncur di angkasa!
1015,20005,Anda akan menjadi saksi betapa saya bersinar! Mendekatlah. Jangan malu!
1015,20006,Kapan waktu yang lebih baik untuk membuat etude? Sekarang, mari kita mulai.
1015,20007,Saya harus memaksakan pelatihan terindah yang Anda miliki.
1015,20008,Sedikit rasa bosan menimpaku...
1015,20009,Aku merasa agak... Sebenarnya, tidak. Ini bukan apa-apa.
1015,20010,Meskipun aku benci, harus kuakui... Aku merasa agak kehilangan energi...
1015,20011,Sebagai Tuan yang perkasa, saya benar-benar tidak bisa berhenti di sini... Saya tahu ini, namun...
1015,20021,Balapan lain? Meskipun saya tidak keberatan, apakah Anda sudah memikirkan apa yang mungkin terjadi selanjutnya?
1015,20022,Saya mungkin Tuannya, tetapi tidak bijaksana bagi saya untuk berlomba terlalu sering. Apa pun yang akan Anda lakukan jika kondisi saya menderita?
1015,20023,Mendengar! Terompet sudah terngiang-ngiang di telingaku! Sebuah keriuhan untuk kemenangan saya!
1015,20024,Musuhku akan gemetar di hadapan kekuatanku. Dan mereka akan melihat Tuan dinobatkan sebagai pemenang!
1015,20025,Satu kata untuk menggambarkan diriku? Sempurna!
1015,20026,Hatiku membara... Terbakar dengan gairah yang membara!
1015,20027,Bentukku sangat bagus, jika aku sendiri yang mengatakannya.
1015,20028,Saya merasa luar biasa! Sekarang, maju menuju kemenangan gemilang!
1015,20029,Saya akan menjalankan perlombaan besar sebagai Tuan Besar!
1015,20030,Saya akan memulai gerakan dengan andante yang bagus, dan kemudian meningkatkan kecepatan ke grand final.
1015,20031,Perhatikan baik-baik saat saya memamerkan kehebatan saya.
1015,20032,Saya harus melakukan yang terbaik... Saya akan melakukan yang terbaik! Saya adalah Tuan, T.M. Opera O!
1015,20033,Potensi seseorang benar-benar diuji ketika ia berada dalam performa yang buruk... Jangan khawatir, karena pertunjukan harus terus berjalan!
1015,20034,Kesulitan? hehe. Sangat menarik... Kemenangan di sini benar-benar akan menjadikanku seorang Tuan!
1015,20035,Selama aku adalah Tuan, aku tidak bisa menyerah di sini!
1015,20036,Ah... Bagaimana jika aku kehilangan cahayaku? Siapa yang akan menyinari dunia jika bukan aku?!
1015,20037,Aku tidak akan membiarkan kelemahanku menahanku. Saya tidak akan kalah!
1015,20038,Mari kita mulai!
1015,20039,Waktuku telah tiba!
1015,20040,Mempesona!
1015,20041,Tidak masalah!
1015,20042,TIDAK!
1015,20043,Kebaikan...
1015,20046,Maju!
1015,20047,Ooh, lumayan!
1015,20049,Anda melakukan pekerjaan dengan baik juga!
1015,20050,Terima kasih banyak, Pelatih yang adil.
1015,30000,Beranikah saya mengatakan bahwa tidak ada orang yang bersinar lebih terang dari saya?
1015,30001,Tidak masalah. Ini adalah sesuatu yang harus saya kembangkan untuk waktu berikutnya.
1015,30002,Saya tidak akan menerima hal ini.
1015,30003,Gelar Tuan membawa serta cobaan dan kesengsaraan besar...
1015,60000,Ah, pancaran sinarku akan menyapumu!
1015,60001,Tirai dibuka pada saat terbaik dalam hidup Anda!
1015,70001,Melihat ke belakang, saya kira pertemuan saya dengan Anda adalah awal dari takdir saya.
1015,90000,Akulah matahari yang memberikan cahaya fajar ke daratan. Inilah awal hari yang luar biasa!
1015,90001,Apakah Anda sudah menyiapkan pakaian pagi Anda? ...Hah? "Ensemble" seperti saat sarapan, tentu saja.
1015,90002,Haaah ha ha ha! Sore yang indah untuk berjalan-jalan di jalur penaklukan!
1015,90003,Aku bersinar terang seperti matahari, karena kita berdua adalah bintang! Sayangnya, kami bersinar <i>terlalu</i> terang!
1015,90004,Cahayaku lebih terasa di kegelapan... Maaf karena telah membutakanmu dengan cahayaku...
1015,90005,Bolehkah aku menyanyikan sebuah lagu untuk memberimu energi kembali? Baiklah, aku akan menyanyikan... "A Serenade of the Moonlight and Me"!
1015,90006,Bunga-bunga di taman berbau harum sekali. hehe. Mungkin aroma itu hanya karena mereka memintaku untuk membelai kelopaknya?
1015,90007,Betapa setiap butiran keringat di alisku berkilau! Ahhh, menjadi secantik ini adalah sebuah kejahatan...
1015,90008,Dedaunan musim gugur indah saat berguguran. Saya akan belajar dari mereka... Namun sayang sekali, saya tidak akan pernah jatuh! Ahahaha!
1015,90009,Aku merasakan sengatan listrik ketika aku membuka pintu... Tolong beritahu, apakah pancaran sinarku telah berevolusi menjadi kilat sekarang?!
1015,91000,Saya harus membeli air mineral lagi. Saya sangat memperhatikan asupan air saya, jangan sampai saya mengganggu kondisi tubuh saya yang rapuh.
1015,91001,Saya mengundang Doto untuk berlari bersama saya dan dia bereaksi seolah-olah dia tidak layak. hehe. Saya mengundangnya justru karena saya sangat menghormatinya!
1015,91002,Suatu hari aku menyadari bahwa akulah Tuan yang harus memimpin dunia... Itu adalah tugas suciku!
1015,91003,Ayabe sepertinya menyukai bintang. Saya mengiriminya foto saya sehingga dia dapat menatap bintang paling terang sepanjang hari!
1015,91004,Saat aku melanggar peraturan asrama, Fuji hanya tersenyum dan menyebutku kuda poni nakal... Ugh, aku tidak akan membiarkan dia lebih cemerlang dariku!
1015,91005,Aku akan membuat semua makhluk hidup yang hadir terpesona jika aku tampil di sebuah konser... Sayangnya, aku terlalu cantik untuk kebaikanku sendiri!
1015,91006,Ya ampun, aku tidak boleh bersinar lebih terang lagi! Berhati-hatilah agar pancaran sinarku tidak membutakanmu!
1015,91007,Haaah ha ha ha! Pakaian balap khas ini adalah bukti bahwa akulah Tuannya!
1015,91008,Sekilas ketegangan sebelum garis finis, lalu sorak-sorai setelah lomba... Membayangkannya saja sudah membuat saya kuat!
1015,91009,Pagi hari selalu merupakan pertempuran. Aku dengan pencarianku akan kecantikan, dan Hayahide berjuang untuk menjinakkan rambutnya... Tapi kami tidak akan menyerah untuk berjuang.
1015,91010,Digital mengawasiku dengan sungguh-sungguh sepanjang makan siang... Sementara aku menyambut penggemar dengan tangan terbuka, dia entah bagaimana membuatku merinding...
1015,91011,Saya selalu menggunakan bak mandi setelah semua orang pergi. Dengan begitu, saya bisa mengisinya dengan kelopak mawar dan menikmati sesi bernyanyi yang mewah.
1015,91012,Ini adalah musim yang sempurna untuk menyaksikan simfoni warna yaitu aku dan bunga! Hehe. Apakah kameramu sudah siap?
1015,91013,Ugh! Haruskah aku begitu memikat bahkan pada nyamuk?! Apakah pesonaku tidak kenal ampun?
1015,91014,Keindahan artistik musim gugur... Ya, saya tahu. Anda pasti putus asa untuk melukis potret saya. Baiklah! Lakukan sesukamu!
1015,91015,Orang seperti saya tidak pernah jatuh sakit! Tidak, penyakit-penyakit itu menimpaku—diatasi oleh kecemerlanganku yang mulia!
1015,92000,Haruskah aku menunjukkan kepadamu betapa bersinarnya aku?
1015,92001,Kalau begitu, mari kita sekali lagi memulai jalan menuju kemenangan.
1015,92002,Bagaimana kamu ingin memancarkan sinarku? Ayolah, kamu boleh bicara.
1015,92003,Saya menantikan pelatihan yang layak untuk Tuan.
1015,92011,Hasil bukanlah sebuah kata dalam kamus saya. Mari kita selalu memberikan segalanya.
1015,92005,Jalan untuk menjadi Centurial Overlord panjang dan sulit... tapi aku mempunyai niat untuk terus melakukannya.
1015,92006,Cobaan menyerangku di setiap langkah yang kuambil, tapi aku akan mengatasi semuanya. Saya tidak menganggap enteng gelar Tuan!
1015,92007,Menjadi Tuan adalah keberadaan yang sepi... itulah tepatnya mengapa kamu sangat penting bagiku. Tentunya Anda mengerti.
1015,93000,Saya yakin Andalah yang menjadikan saya Tuan seperti sekarang ini!
1015,93001,Anda harus merasa terhormat bahwa Anda selalu berada di sisi Tuan!
1015,95000,Dengan kuat! Bersinar!
1015,95001,Aku akan semakin mempesona!
1015,95003,Ya memang. Saya adalah <i>yang</i> T.M. Opera O!
1015,95004,Mari kita mulai! Kita akan mencapai kemuliaan yang layak bagi seorang Tuan!
1015,1008,Ikuti saja petunjuk saya!
1015,1037,Bersinar lebih terang dari bintang-bintang!
1015,1038,Mari kita raih kemenangan bersama!
1015,1023,Kisah kita dimulai sekarang!
1015,1109,Dalam jangkauan kami!
1015,1046,Lihatlah kecemerlangan saya yang menakjubkan!
1015,1000,Sekarang, dengan gaya!
1015,1001,Hasil yang alami!
1015,1003,Kami akan menang lain kali.
1015,1002,Sangat disayangkan...
1015,1004,Kemenangan luar biasa bagi kami!
1015,1007,Skor tinggi baru! Luar biasa!
1015,1006,Kami akan menang lain kali.
1015,1005,Sangat disayangkan...
1015,40000,Menangkis kegelapan dan menempa jalan menuju terang!
1015,40001,Tidak peduli... betapa gelapnya... mengaburkan jalanku! ...Hah! Aku akan bersinar!
1015,30004,Hehehe! Tidak ada yang bisa berdiri di hadapanku!
1015,30005,Mmhmm. Saya juga mengharapkan hal yang sama.
1015,31000,Keluar!
1015,13,Lihatlah, bonus login Anda untuk hari ini!
1015,15,Ini akan menunggumu besok!
1015,110000,Mari kita berjuang untuk mencapai tingkat yang lebih tinggi!
1015,110001,Mari kita menulis cerita kita sendiri bersama-sama!
1015,110002,Mengikuti perlombaan? Apakah ini waktuku untuk naik ke panggung?
1015,10021,Tampaknya Arsip Umamusume Anda naik level.
1015,20051,Mari kita dorong satu sama lain untuk menjadi lebih baik!
1015,70000,Saya berdoa agar Anda menyaksikan legenda saya terungkap.
1015,95005,Kamu tidak akan tersentuh selama kamu bersamaku!
1015,95006,Bantuan Tuan sangat meyakinkan, bukan?
1015,120000,Kekuatan yang kuat mengalir dalam diriku!
1015,140000,Sekarang, cobalah!
1015,140001,hehe! Tidak ada masalah sedikit pun.
1015,140002,Apa?!
1015,140003,Saya tidak mengharapkan ini!
1015,140004,Tidak buruk.
1015,140005,Oh, celakalah aku...
1015,140006,Saya tidak mengharapkan ini!
1015,140007,Tidak buruk.
1015,140008,hehe!
1015,140009,Ha ha!
1015,140010,Hm-hm-hm-hmmm! ♪
1015,140011,Megah!
1015,140014,Hmm...
1015,140015,Ya!
1015,140016,Ayo sekarang!
1015,140012,Bagus sekali!
1015,140013,Bagus sekali!
1015,140017,ah...
1015,140018,Kata-kataku!
1015,70004,Pakaian yang layak untuk tahap ini kami sebut "akademi".
1015,70010,Saya terpesona tidak peduli apa yang saya kenakan... Sayangnya, saya terlalu cemerlang untuk kebaikan saya sendiri!
1015,70008,Ahhh, kamu dengar itu? Penggemarku yang memujanya memanggilku!
1015,70014,Aku akan bersinar paling terang di panggung apa pun!
1015,70009,Manjakan matamu—inilah aku, Sang Tuan!
1015,70015,Berhati-hatilah agar tidak dibutakan oleh pancaran sinarku!
1015,71004,Pakaian yang layak untuk tahap ini kami sebut "akademi".
1015,71010,Saya terpesona tidak peduli apa yang saya kenakan... Sayangnya, saya terlalu cemerlang untuk kebaikan saya sendiri!
1015,71008,Ahhh, kamu dengar itu? Penggemarku yang memujanya memanggilku!
1015,71014,Aku akan bersinar paling terang di panggung apa pun!
1015,71009,Manjakan matamu—inilah aku, Sang Tuan!
1015,71015,Berhati-hatilah agar tidak dibutakan oleh pancaran sinarku!
1015,2030,Sekarang, dengan gaya!
1015,2031,Ikuti saja petunjuk saya!
1015,2032,Terima kasih banyak, Pelatih yang adil.
1015,2033,Saya merasa luar biasa! Sekarang, maju menuju kemenangan gemilang!
1015,2034,Satu kata untuk menggambarkan diriku? Sempurna!
1015,2035,Terima kasih banyak, Pelatih yang adil.
1015,81000,Anda ingin menantang saya? Baiklah. Kami akan menentukan apakah keberanian atau kecerobohan mendorong Anda!
1015,81001,Kerja bagus! Namun, ini hanyalah sebuah prolog. Pertunjukan sebenarnya dimulai sekarang!
1015,70018,Betapa cantiknya saya!
1015,70019,Lihatlah kekuatan sebenarnya dari seorang Tuan!
1015,71018,Betapa cantiknya saya!
1015,71019,Lihatlah kekuatan sebenarnya dari seorang Tuan!
1015,90010,Apakah Anda melihat matahari terbit pagi ini? Tampaknya matahari terbit pagi-pagi sekali untuk melihat sekilas wajahku yang mulia!
1015,90011,Aku bermandikan cahaya fajar yang cerah! Apakah Anda merasakannya? Keharuman bunga dan semangat pesta yang saya pancarkan!
1015,90012,Makan mochi, atau makan lobster, itulah pertanyaannya. Makan siangku pasti sesuai dengan kecemerlanganku.
1015,90013,Setiap Tahun Baru, tujuan saya adalah bernyanyi lebih baik, dan <i>lebih banyak,</i> dibandingkan tahun-tahun sebelumnya. Dengan demikian! Saya berangkat latihan vokal untuk penampilan malam ini! Aduh! ♪
1015,90014,Tahukah Anda tiga hal yang paling menguntungkan untuk dilihat dalam mimpi pertama Anda, atau apa pun, tahun ini? Salah satunya adalah aku! Dua adalah aku! Tiga adalah Tuan!
1015,90015,Tidak ada yang akan tidur! Belum pernah kau menyaksikanku mengenakan pakaian ini, bersinar di kegelapan malam!
1015,90016,Tahun Baru telah berlalu, dan musim semi kini sedang mekar. Meskipun selama saya di sini, seluruh dunia akan mengetahuinya sebagai sesuatu yang abadi!
1015,90017,Anda penasaran apakah saya kepanasan dengan pakaian musim dingin? Tidak pernah! Selama saya di atas panggung, saya bisa menanggung neraka itu sendiri!
1015,90018,Apa pendapatmu tentang pakaianku? Selera Jepang mempersiapkannya untuk musim mendatang. Jadi, saya sudah bersiap untuk memasuki tahun baru!
1015,90019,Menatap pakaianku yang menakjubkan membuatmu benar-benar melupakan dinginnya musim dingin, bukan? Tidak heran saya begitu dikagumi!
1015,91016,Aku kebetulan bertemu Ayabe sebelumnya, dan tanpa sepatah kata pun, dia mengalihkan pandangannya! Cahayaku pasti terlalu terang untuk mata manusia!
1015,91017,Saya meminta Doto mengambil foto saya untuk kartu Tahun Baru saya. Sebagai imbalannya, saya dengan senang hati menghadiahkan salinan yang sudah ditandatangani kepadanya!
1015,91018,Aku mengajari Urara pose rancanganku sendiri, pose mawar, dan dia mempraktikkannya dengan sepenuh hati kecilnya!
1015,91019,Fukukitaru dan saya pergi untuk melihat keberuntungan apa yang menanti kami, dan kami berdua mendapatkan Peruntungan Besar! Ahh, bahkan Nona Keberuntungan pun tergila-gila padaku!
1015,91020,Di rumah, saya biasa memberikan pertunjukan Tahun Baru di ruang tamu. Sungguh menakjubkan melihat saya muncul dari tirai jendela!
1015,91028,Ha ha ha ha ha ha! Tuan baru yang bahagia untukmu!
1015,91029,Apakah jalinan emas ini tidak menarik untuk dilihat? Saya yakin ia bersinar seterang <i>saya</i>!
1015,91021,Aku bangun pagi-pagi sekali hari ini untuk berpakaian. Namun, rasa kantukku segera hilang saat aku bercermin!
1015,91022,Itu saja! Di opera saya berikutnya, saya akan masuk dengan turun dari langit menggunakan layang-layang! Cepat, kita harus berlatih!
1015,91023,Bagaimana pendapat Anda tentang minuman amazake sebelum tidur? Kita dapat menyatakan, "Amazake-lah yang melakukannya!" dan tertawakan kekhawatiran hari ini!
1015,91024,Tatapan tajam itu... Kamu rindu melihat penampilan Tahun Baruku sekali lagi? Biarlah—aku akan menyanyikan encore!
1015,91025,Dengan hati nurani saya tidak bisa pergi melihat kembang api. Dengan saya di sana, pemandangan di langit malam akan pucat jika dibandingkan!
1015,91026,Selama latihan pertunjukan Tahun Baru saya, bahkan dedaunan yang berguguran pun bertepuk tangan! Mereka sepertinya tidak bisa menunggu lebih lama lagi!
1015,91027,Kecemerlanganku yang bersinar bahkan membangunkan beruang dan katak dari hibernasi! Tahun Baru bersamaku bukan waktunya untuk tidur!
1015,92015,Bergembiralah sekarang! Bergembiralah! Bersamaku berarti berada di perusahaan terbaik!
1015,92016,Jangan lupakan momentum yang kita mulai tahun ini. "Energico"—dengan intensitas!
1015,92017,Oh, sungguh menakjubkan! Kalau dipikir-pikir, saya akan tumbuh lebih tinggi dan megah dari Gunung Fuji!
1015,92018,Ahh, teman baik! Cuaca yang menyenangkan untuk latihan hari ini!
1015,92020,Lihatlah keagungan emasku! Ini adalah hadiah Tahun Baruku untukmu, pelatihku sayang!
1015,92021,Hehe, maukah kamu mendengar janji pertamaku di tahun baru, Trainer? Ini untuk menang bersama <i>kamu!</i>
1015,92022,Mari kita bergegas, Pelatih! Seluruh Jepang menunggu kita—karena kita adalah matahari yang menerangi jalan!
1015,93004,Dan penghargaan untuk pelatih terbaik acara Tahun Baru diberikan kepada... Anda!
1015,93005,Hah! Pertunjukan Tahun Baru saya sukses besar!
1015,95007,Ruang pertumbuhan saya akan membuat mochi yang paling melar sekalipun menjadi memerah!
1015,95008,Kejeniusanku akan berkembang secemerlang buah plum!
1015,95010,Ya, saya T.M. Opera O! Kehadiranku hanyalah sebuah perayaan!
1015,70016,Hm! Saya juga cantik dalam pakaian yang terinspirasi kimono!
1015,70017,Oh? Apakah Anda datang mencari bantuan ilahi dari Tuan Besar?
1015,71016,Hm! Saya juga cantik dalam pakaian yang terinspirasi kimono!
1015,71017,Oh? Apakah Anda datang mencari bantuan ilahi dari Tuan Besar?
1015,95009,Musim semi sudah tiba—bergembiralah! Karena kamu dikunjungi oleh nasib baik yaitu aku!
1015,40003,Melambung tinggi! Lebih tinggi dari matahari terbit!
1015,40004,Berlayar maju, kapal Tahun Baru! Ahhh! Karena aku, matahari pagi, sedang terbit! Selamat Tahun Baru!
1015,30006,Haaa ha ha ha! Lebih cepat dari badai yang mengamuk, aku datang membawa musim semi!
1015,30007,Mhmm... Saya tidak ragu lagi!
1015,400006,Haaa ha ha ha! Lihat bagaimana tuanmu berlari dengan anggun! Berikan pujian dan penyembahan!
1015,400011,Nikmati apa yang baru saja Anda saksikan? Tindakan pembuka zaman baru, tahun penuh kegembiraan dari tuan?!
1015,90020,Selamat Hari Valentine!
1015,90021,Selamat Hari Valentine!
1016,10000,Kamu selalu gigih dan gigih... Kurasa aku harus mengagumi keberanianmu.
1016,10001,Kaulah yang pertama kali menginvasi wilayahku. Jangan lari sekarang.
1016,10002,Saya tidak tahu mengapa Anda begitu putus asa... Terserah—lakukan apa yang Anda inginkan.
1016,10003,Tahun baru tidak mengubah tujuan saya. Saya harus bersiap untuk pertempuran dan tidak ada yang lain.
1016,10004,Mengapa kita tidak bisa mengunci loker? Lihatlah kotak-kotak Valentine yang berantakan dan terjatuh.
1016,10005,Bantu aku menyimpan semua coklat ini. Semua orang sepertinya sibuk, hari ini dari semua hari... Serius, aku butuh bantuan.
1016,10006,Daun bambu bergemerisik. Itu agak membuatku merasa segar.
1016,10007,Kostum Halloween? Sekarang aku tidak tahu siapa itu siapa.
1016,10008,Itu hanya bola-bola kaca, tapi kelihatannya mengkilat... Jadi begitulah cara orang mendekorasi hari raya ya?
1016,10009,Saya pikir saya akan berjalan-jalan di lingkungan sekitar karena dekorasi hari raya sudah habis. Mungkin akan ada toko yang menjual sesuatu yang enak juga.
1016,10010,Ini akhir tahun... Sebaiknya aku beres-beres dulu sebelum adikku menguliahiku.
1016,10011,Ulang tahunmu adalah titik balik dalam hidupmu. Ini juga berfungsi sebagai kesempatan untuk bertanya pada diri sendiri bagaimana Anda ingin hidup.
1016,10012,Saya kira bertambahnya satu tahun telah membuat Anda sedikit lebih mampu. Anda adalah pelatih saya, jadi sebaiknya Anda terus berkembang.
1016,10013,Ini hari ulang tahunku? Waktu tak pernah berhenti ya... Yang kuinginkan hanyalah terbebas dari penyesalan.
1016,10014,Ugh. Semua orang ribut soal pesta ulang tahun dan pesta kue... Bantu aku berbaring.
1016,10015,Anda mendapat pemberitahuan baru. Sudah periksa, ya?
1016,10016,Ada hadiah menunggumu. Gunakan dengan bijak.
1016,10017,Anda menyelesaikan misi? Sepertinya kamu tetap tajam.
1016,10018,Ada acara yang akan datang. Mari bersiap untuk merobeknya.
1016,10019,Ada acara di. Saya siap untuk merobeknya.
1016,20000,Ugh... Kemana perginya kekuatanku?
1016,20001,Aku hanya butuh sedikit istirahat.
1016,20002,Saya siap untuk mengejar. Mari kita terlibat dalam hal ini!
1016,20003,Saya penuh dengan energi! Jangan biarkan kesempatan ini sia-sia.
1016,20004,Mungkin saya harus membangun kekuatan saya untuk balapan ini selagi saya bisa.
1016,20005,Saya tidak keberatan jika rencana latihannya lebih ketat dari biasanya.
1016,20006,Saya siap berangkat.
1016,20007,Aku tidak merasa terlalu buruk. Siap kapan saja.
1016,20008,Mengapa saya merasa lambat...
1016,20009,Ugh... aku kehilangan ketajamanku...
1016,20010,Cih... aku hampir tidak bisa bergerak!
1016,20011,Mengapa ini terjadi? Saya tidak mampu untuk berhenti sekarang!
1016,20021,Saya tidak keberatan mengikuti perlombaan, tetapi sebaiknya Anda memikirkan bagaimana pengaruhnya terhadap saya nanti.
1016,20022,Anda sudah memikirkan hal ini dengan matang, bukan? Anda sebaiknya tidak membuat saya membuang-buang waktu dan energi saya.
1016,20023,Saatnya berburu... Heh. Darahku mendidih!
1016,20024,Saya tidak peduli siapa itu. Berikan saja kesempatan terbaikmu!
1016,20025,Aku merasakan darahku kesemutan... Ini pasti waktunya untuk bertarung!
1016,20026,Siapa yang mau menjadi mangsaku? Aku akan memburumu.
1016,20027,Saya bisa mengakhiri ini dengan sangat cepat. Tapi tidak akan memuaskan.
1016,20028,Aku akan membuat mereka semua menyerah hanya dengan kekuatan.
1016,20029,Saya akan menang. Sesederhana itu.
1016,20030,Saya akan menggunakan hasil semua kerja keras saya.
1016,20031,Saya tidak sabar mendengar kemeriahan saat balapan dimulai.
1016,20032,Saya bisa menangani hal seperti ini. Tidak ada yang perlu dikhawatirkan.
1016,20033,Cakarku mungkin sedikit tumpul saat ini, tapi aku masih bisa merobeknya.
1016,20034,Aku tidak butuh perhatianmu. Arahkan pandanganmu ke depan.
1016,20035,Adikku selalu mengatakan bahwa apa yang tidak membunuhmu akan membuatmu lebih kuat... Mungkin dia benar.
1016,20036,Tidak ada gunanya berkubang dalam penyesalan saat ini. Kami hanya perlu melakukan apa yang kami bisa.
1016,20037,Sekarang bukan waktunya untuk kehilangan keberanian!
1016,20038,Ayo pergi.
1016,20039,Kedengarannya bagus.
1016,20040,Ya.
1016,20041,Mari kita mulai.
1016,20042,Cih...
1016,20043,Berengsek...
1016,20046,Saatnya pergi.
1016,20047,Kita pergi?
1016,20049,Tidak terlalu buruk. Tetap seperti itu.
1016,20050,Aku bersyukur, kamu tahu.
1016,30000,Sangat dekat. Aku tidak bisa melakukan pembunuhan itu.
1016,30001,Itu tidak cukup untuk memuaskan saya.
1016,30002,Ini bukanlah hal yang membahagiakan.
1016,30003,Cih... Tidak cukup untuk memuaskan rasa laparku!
1016,60000,Jika aku melakukan ini, aku akan berusaha sekuat tenaga.
1016,60001,Ini hanyalah pertarungan lain, ya...
1016,70001,Kaulah yang menyalakan api ini di bawahku. Jadi sebaiknya Anda berada di sana sampai akhir.
1016,90000,Ini pagi hari. Aku tidak ingin menghabiskan hariku dengan bermalas-malasan.
1016,90001,Pagi hari tidak terlalu buruk, menurutku. Semuanya punya... keheningan seperti ini.
1016,90002,Ini sudah sore. Ayo cepat dan mulai latihan.
1016,90003,Tidak ada yang mengalahkan makan siang di belakang aula utama. Abaikan saja semua langkah kaki yang berisik, dan itu cukup bagus.
1016,90004,Matahari sudah terbenam, hanya menyisakan kegelapan. Ini adalah waktu paling berbahaya di dunia alami.
1016,90005,Dahulu kala, saya selalu disuruh pulang ketika burung gagak mulai bersuara.
1016,90006,Sepertinya kita kedatangan murid baru. Terserah mereka apakah mereka akan melayang di langit—atau jatuh ke tanah.
1016,90007,Cangkang jangkrik? Itu membawa saya kembali... Saya dan saudara perempuan saya biasa melihat siapa yang dapat menemukan lebih banyak dari mereka.
1016,90008,Kicau serangga dan gemerisik dedaunan... Kedengarannya seperti tangisan orang yang kalah.
1016,90009,Dinginnya tidak akan membekukanku. Saat aku berlari, darahku mulai mendidih.
1016,91000,Kaset di hidungku? Ini membantu saya fokus. Entah kapan saya mulai—itu hanya sesuatu yang saya lakukan sekarang.
1016,91001,Seorang siswa muda berambut hitam terus mencoba memulai sesuatu denganku. Sepertinya dia sedang menggonggong sekarang, tapi siapa yang tahu...
1016,91002,Kakakku tidak berhenti bertanya apakah aku cukup makan dan tidur... Dia tidak pernah berubah.
1016,91003,Seekor burung pemangsa bisa saja melukaiku dengan cakar dan paruhnya... tapi ada sesuatu yang memikat tentang ketajaman itu.
1016,91004,Apa yang ada di balik semua martabat yang dimiliki "Kaisar"... Saya ingin mengungkapkan semuanya.
1016,91005,Baju ini punya embel-embel tanpa alasan... Hei, bolehkah aku merobek embel-embel ini saja?
1016,91006,Yang penting adalah apakah saya bisa berdiri di panggung pemenang atau tidak. Saya tidak tertarik dengan pertunjukan itu sendiri.
1016,91007,Kelim ini sebenarnya lebih panjang pada awalnya. Aku merobeknya karena menghalangi... Apa, lihat sesuatu yang lucu?
1016,91008,Semua orang membuat keributan besar ketika saya menang... Tapi jika itu membantu memikat lawan yang kuat, saya rasa itu akan berhasil.
1016,91009,Berlari terlambat di pagi hari adalah sebuah bencana. Saya terutama tidak bisa menghadapi kerumunan berisik di kafetaria...
1016,91010,Ama memberiku bekal makan siang lagi. Rasanya enak, tapi saya bisa melakukannya tanpa bentuk karakter yang imut...
1016,91011,Jika Anda tidak bisa tidur, lari saja sampai tidak ada yang tersisa. Biasanya hal itu akan membuat Anda pingsan.
1016,91012,Ini semakin hangat. Sepertinya saya bisa mengenakan pakaian lengan pendek—sebenarnya, saya akan mengenakan pakaian tanpa lengan.
1016,91013,Panasnya selalu membuatku lelah... Mungkin aku akan membenamkan gigiku ke dalam daging untuk menambah energi.
1016,91014,Daun-daun berguguran dan terlupakan memang menyedihkan... Tapi aku—aku belum selesai seperti mereka.
1016,91015,Pemanas kotatsu? Terkadang aku menyerah pada godaan...
1016,92000,Kemenangan membutuhkan kekuatan. Jadi mari kita mulai.
1016,92001,Oke, tunjukkan padaku bagaimana kamu menyelesaikannya.
1016,92002,Kecerobohan bisa berakibat fatal. Tetap fokus.
1016,92003,Semua yang saya lakukan adalah membangun kekuatan untuk berperang. Saya tidak punya waktu untuk melamun.
1016,92011,Pelatihan setengah hati tidak akan membantu saya tampil ketika waktunya membutuhkannya.
1016,92005,Burung akan terbang selama sayapnya tidak patah. Semakin tinggi, semakin jauh...
1016,92006,Semakin kuat aku, semakin sulit untuk melihat akhirnya... Tapi yang bisa kulakukan sekarang hanyalah terus maju.
1016,92007,Semakin besar kekuatan yang kumiliki, semakin aku lapar... Cepat latih aku.
1016,93000,Saya suka tampilan baru yang kami berdua miliki di mata kami.
1016,93001,Rasa hausku akan lebih banyak telah terpuaskan... sedikit.
1016,95000,Lebih banyak kekuatan... lebih banyak kekuatan!
1016,95001,Lagi. Lagi!
1016,95003,Ya, saya Narita Brian.
1016,95004,Saya akan terus berjuang. Api dalam jiwaku tidak akan berhenti untuk apa pun—sekarang dengarkanlah api itu menyala-nyala!
1016,1008,Ayo. Saatnya bertempur.
1016,1039,Apakah kamu gemetar?
1016,1040,Saya akan melakukan apapun yang saya inginkan.
1016,1042,Beri aku istirahat.
1016,1053,Hmph.
1016,1000,Aku akan memburu mereka semua!
1016,1001,Tidak mengherankan di sini.
1016,1003,Saya tergelincir tepat pada akhirnya.
1016,1002,Itu milikku lain kali.
1016,1004,Hanya yang terbaik.
1016,1007,Oh, skor tinggi baru ya?
1016,1006,Saya tergelincir tepat pada akhirnya.
1016,1005,Itu milikku lain kali.
1016,40000,Pergi... Haaah!
1016,40001,Fiuh... Hup, hrngh... Pindahkan!
1016,30004,Hehe. Perlombaan itu hampir menyenangkan.
1016,30005,Ahh... Rasa kemenangan.
1016,31000,Ayo pergi.
1016,13,Inilah bonus login hari ini.
1016,15,Anda akan mendapatkan ini besok.
1016,110000,Bagaimana kalau kita mulai berlatih?
1016,110001,Jalan yang telah Anda lalui... menjadi sejarah.
1016,110002,Kita sedang mengikuti perlombaan? Itu membuat darahku terpompa.
1016,10021,Lihat. Level Arsip Umamusume telah naik.
1016,20051,Jika Anda ingin melakukannya, berikan semua yang Anda punya.
1016,70000,Saya harap Anda siap untuk pertarungan sesungguhnya.
1016,95005,Aku akan membantumu.
1016,95006,Aku akan mendorongmu melampaui batas kemampuanmu!
1016,120000,Saya bersemangat... Dan siap untuk terbakar!
1016,140000,Perkirakan mangsa Anda.
1016,140001,Baiklah.
1016,140002,Tidak.
1016,140003,Perburuan yang cukup sukses.
1016,140004,Tidak buruk.
1016,140005,Hanya itu yang kamu punya?
1016,140006,Perburuan yang cukup sukses.
1016,140007,Tidak buruk.
1016,140008,Tidak. Hmph.
1016,140009,Hmph.
1016,140010,Hm-hmm... ♪
1016,140011,Kamu cukup bagus!
1016,140014,Apa?!
1016,140015,Hah...
1016,140016,Hei, ayo pergi!
1016,140012,Bagus sekali.
1016,140013,None
1016,140017,Berengsek!
1016,140018,Cih...
1016,70004,Aku selalu lupa pitaku. Bukan berarti itu penting.
1016,70010,Apakah harus semewah ini?
1016,70008,Saya tidak akan memilih pakaian ini.
1016,70014,Ugh... Semua embel-embel sialan ini... Aku tidak akan melupakan ini.
1016,70009,Aku ingin sekali bertarung!
1016,70015,Itu berat yang bagus. Terasa cukup enak.
1016,71004,Aku selalu lupa pitaku. Bukan berarti itu penting.
1016,71010,Apakah harus semewah ini?
1016,71008,Saya tidak akan memilih pakaian ini.
1016,71014,Ugh... Semua embel-embel sialan ini... Aku tidak akan melupakan ini.
1016,71009,Aku ingin sekali bertarung!
1016,71015,Itu berat yang bagus. Terasa cukup enak.
1016,2030,Aku akan memburu mereka semua!
1016,2031,Ayo. Saatnya bertempur.
1016,2032,Aku bersyukur, kamu tahu.
1016,2033,Aku akan membuat mereka semua menyerah hanya dengan kekuatan.
1016,2034,Aku merasakan darahku kesemutan... Ini pasti waktunya untuk bertarung!
1016,2035,Aku bersyukur, kamu tahu.
1016,70018,Aku akan mencabik-cabikmu!
1016,70019,Ah, diam saja...
1016,71018,Aku akan mencabik-cabikmu!
1016,71019,Ah, diam saja...
1016,400002,Ayolah. Mengapa pekerjaan selalu didorong ke arah saya?
1016,400007,"Bersenang-senang saja," ya? Baiklah, Kaisar. Aku akan membuatmu memakan kata-kata itu.
1016,90020,Selamat... Hari Valentine.
1016,81000,Saya harap Anda bisa melakukan perlawanan.
1016,81001,Bagus. Sekarang tunjukkan padaku apa yang sebenarnya bisa kamu lakukan.
1017,10000,Karena Anda berniat menyelesaikan ini sampai akhir bersama saya, saya harus bekerja keras untuk mencapai hasil yang memuaskan.
1017,10001,Puncaknya adalah sesuatu yang pernah kuanggap hanya sekedar khayalan... Tapi dengan kau di sisiku, aku merasa satu langkah lebih dekat ke sana.
1017,10002,Menempatkan diri Anda pada posisi orang lain memberi Anda perspektif baru tentang berbagai hal. Itu adalah sesuatu yang kamu ajarkan padaku.
1017,10003,Selamat tahun baru. Mari kita terus bekerja keras sebagai satu kesatuan menuju impian kita.
1017,10004,Beberapa coklat dikirimkan ke OSIS. Sudah menjadi tugas saya sebagai presiden untuk membalas kebaikan ini dengan rasa terima kasih yang tulus.
1017,10005,Terimalah coklat yang kubuat ini. Saya menahan diri untuk tidak menggunakan terlalu banyak gula sebagai simbol bahwa jalan yang kita lalui tidak selalu manis dan menyenangkan.
1017,10006,Acara Tanabata OSIS, dimana siswa menulis permintaan kepada kami, diterima dengan baik. Mari kita lakukan yang terbaik untuk mewujudkan keinginan mereka.
1017,10007,Selamat Halloween. Banyak siswa yang mengeluh sakit perut karena terlalu banyak makan yang manis-manis. Tolong jangan menjadi korban penderitaan ini.
1017,10008,Selamat liburan, Pelatih. Ini adalah hari yang sibuk dimana aku harus mengurus perayaan yang dipimpin oleh OSIS, tapi mari kita nikmati semuanya.
1017,10009,Beberapa siswa yang lebih muda telah mendekorasi pohon di halaman... Bagaimana menurut anda? Bagaimana kalau kita melihatnya sambil berpatroli di halaman sekolah?
1017,10010,Dalam sekejap mata, tahun yang sibuk ini akan segera berakhir. Mari kita membuat kemajuan pesat bersama-sama di tahun depan juga.
1017,10011,Ini hari ulang tahunmu hari ini, bukan? Mari kita mengadakan perayaan kecil setelah latihan.
1017,10012,Selamat ulang tahun, Pelatih. Sebagai seseorang yang berbagi jalan yang Anda lalui, saya bermaksud merayakan kesempatan ini lebih dari yang lainnya.
1017,10013,Memiliki siswa, anggota OSIS, dan bahkan kamu merayakan ulang tahunku... Aku benar-benar diberkati.
1017,10014,Anda datang menemui saya hanya untuk merayakan ulang tahun saya? Saya rasa ini benar-benar menarik! hehe.
1017,10015,Sepertinya ada pemberitahuan baru. Ini mungkin penting, jadi mari kita periksa sekarang juga.
1017,10016,Tampaknya hadiah telah tiba untukmu. hehe! Saya senang hanya memikirkan apa yang mungkin ada di dalamnya.
1017,10017,Saya melihat Anda telah menyelesaikan misi. Seperti kata pepatah, pengalaman membangun karakter.
1017,10018,Sebentar lagi akan ada acara. Pastikan kami benar-benar menerima tantangan ini!
1017,10019,Sepertinya acaranya sudah dimulai. Marilah kita melepaskan diri kita darinya seperti anak panah yang terbang menuju sasarannya.
1017,20000,Mengatakan saya tidak kenal lelah adalah sebuah kebohongan. Ambisi demi ambisi tanpa istirahat adalah tugas orang bodoh.
1017,20001,Sepertinya rasa lelah mulai menyergapku...
1017,20002,Saya merasa cukup termotivasi hari ini. Pelarianku benar-benar cocok dengan julukan "Kaisar".
1017,20003,Pelatihan apa yang kita lakukan hari ini? Maukah kamu <i>mengembangkan</i> ingatanku... Hehe, leluconku juga dalam kondisi prima, sepertinya.
1017,20004,Tujuan saya mencapai puncak menginspirasi setiap langkah yang saya ambil. Saya berharap pelatihan hari ini akan terbukti bermakna.
1017,20005,Saya selalu merasa termotivasi ketika memikirkan sesama Umamusume. Saya harus berusaha maju demi mereka.
1017,20006,Saya sudah menyelesaikan latihan pemanasan saya. Mari kita mulai pelatihan sekarang juga.
1017,20007,Kita tidak bisa begitu saja mengejar kemenangan. Kami harus menerapkannya di setiap sesi latihan. Mari kita terus melakukannya.
1017,20008,Mm, saya tidak bisa berbohong dan mengatakan saya merasa baik. Namun, ketidaknyamanan kecil seperti itu juga tidak berarti banyak rengekan.
1017,20009,Aku kesulitan berkonsentrasi hari ini. Meskipun demikian, saya akan melakukan apa yang harus saya lakukan.
1017,20010,Ya ampun, badanku terasa cukup berat. Namun, aku lebih memilih untuk tidak menyia-nyiakan hari ini...
1017,20011,Energiku melemah hari ini... Aku tahu aku harus terus maju... tapi tubuhku tidak mau bekerja sama.
1017,20021,Sepertinya balapan tidak pernah berhenti. Kemudian saya akan melanjutkan sampai saya mencapai batas saya.
1017,20022,Aku akan berusaha semaksimal mungkin... Namun, jangan mengharapkan hasil yang bagus dari ini.
1017,20023,Saya merasakan kekuatan melonjak dari diri saya. Hari ini, saya akan berlomba dengan tekad yang tak tergoyahkan.
1017,20024,Tidak ada jaminan dalam balapan. Namun, dengan latihanmu... Aku dijamin menang mutlak.
1017,20025,hehe. Suasana hatiku yang periang pasti akan bermanfaat bagi penampilanku hari ini. Aku bisa berangkat kapan saja sekarang.
1017,20026,Berkat Anda, saya bisa balapan dalam performa terbaik. Sebagai imbalan atas usahamu, aku akan memberimu perlombaan untuk dikenang.
1017,20027,Tidak ada yang perlu dikhawatirkan. Saya merasa lebih baik dari sebelumnya. Saya yakin balapan ini akan menjadi balapan yang hebat.
1017,20028,hehe! Hatiku dipenuhi dengan antisipasi. Saya yakin penampilan saya hari ini akan membuahkan hasil yang baik.
1017,20029,Saya tidak akan mencemarkan gelar Kaisar saya dalam perlombaan hari ini. Saya akan mendekatinya dengan sekuat tenaga.
1017,20030,Saya tenang dan tenang. Yang tersisa hanyalah saya tampil.
1017,20031,Perlombaan ada di depan kita. Saya akan segera kembali, Pelatih.
1017,20032,Saya merasa agak tidak enak badan. Tapi aku tahu apa yang harus kulakukan. Saya harus berlari dengan semua yang saya miliki.
1017,20033,Saya tidak bisa mengatakan semuanya sempurna. Namun, saya tidak akan menunjukkan sedikit pun kelemahan. Saya akan menangani ini dengan seluruh semangat saya yang biasa.
1017,20034,Saya akan berlari dengan sangat bangga. Sekalipun kondisiku belum mencapai puncaknya, aku harus menyandang gelar Kaisar.
1017,20035,Saya merasa tidak siap. Namun, saya tidak boleh menyerah dalam perlombaan. Saya akan melakukan semua yang saya bisa.
1017,20036,Saya tidak percaya saya merasa gelisah sebelum balapan. Saya harus segera menenangkan diri dan melihat perlombaan ini sampai akhir!
1017,20037,Bentuk buruk saya adalah tanggung jawab saya sendiri. Saya akan memastikan untuk melakukan apa pun untuk memperbaiki kesalahan ini.
1017,20038,Mari kita mulai.
1017,20039,Dipahami.
1017,20040,Anda dapat mengandalkan saya.
1017,20041,Mengerti.
1017,20042,...
1017,20043,Oh tidak...
1017,20046,Bagaimana kalau kita pergi?
1017,20047,Menarik sekali.
1017,20049,Saya merasa saya sudah semakin dekat untuk mencapai cita-cita saya.
1017,20050,Terima kasih, Pelatih.
1017,30000,Lain kali, saya akan mengklaim tempat saya yang sah di puncak.
1017,30001,Ya, hasil yang lumayan.
1017,30002,Saya harus berjuang untuk mencapai tingkat yang lebih tinggi lagi.
1017,30003,Biarlah hasil ini menjadi sebuah kisah peringatan.
1017,60000,Mari kita menyelenggarakan konser yang paling luar biasa.
1017,60001,Semua orang mengandalkan saya. Saya tidak akan mengecewakan mereka.
1017,70001,Anda telah menerima impian saya dan memilih untuk berjalan di jalan ini bersama saya. Saya merasa hal itu sangat memuaskan dan benar-benar memberi semangat.
1017,90000,Selamat pagi, Pelatih. Mari kita laksanakan latihan hari ini dengan sepenuh hati dan semangat.
1017,90001,Aku mengincar puncak dari jenis Umamusume... Dan itu berarti memberikan segalanya hari ini juga.
1017,90002,Apakah sudah sore? Waktu kita terbatas, jadi marilah kita berlatih dengan cepat dan tegas.
1017,90003,Aku menyelesaikan semua tugas OSISku pagi ini. Saya bisa mengabdikan diri untuk berlatih tanpa kendala.
1017,90004,Matahari sudah benar-benar terbenam di bawah cakrawala, namun bukan berarti hari telah usai.
1017,90005,Selamat malam, Pelatih. Kelelahan biasanya mulai menyerangku selarut ini, tapi aku bisa bertahan lebih lama.
1017,90006,Ini adalah waktu di mana banyak siswa melakukan debut mereka. Saya berharap mereka semua menjalani balapan yang hebat.
1017,90007,Saya mentraktir Teio es krim, dan dia tampak sangat gembira. hehe! Saya harus meluangkan lebih banyak waktu untuk makan bersamanya.
1017,90008,Saya tidak pernah membiarkan musim gugur berlalu tanpa menatap bulan. Bulan besar yang bersinar cemerlang di langit malam mungkin merupakan eksistensi yang saya cita-citakan.
1017,90009,Lintasan ini tertutup salju sekitar waktu ini sepanjang tahun. Kami di OSIS harus memastikan pemeliharaan yang tepat dilakukan.
1017,91000,Air Groove selalu membantu dalam satu atau lain cara. Tidak berlebihan jika dikatakan bahwa dewan sekolah hanya dapat berfungsi karena dukungannya.
1017,91001,Banyak siswa datang ke OSIS dengan kekhawatiran mereka. Hm... Sepertinya kafetaria sekali lagi kehabisan makanan saat makan siang.
1017,91002,Hehe, sepertinya kita "keluar dari buah plum"! Hehehe!
1017,91003,Kemenangan ada di garis depan pikiran saya, tapi bukan itu saja. Saya juga ingin memperhatikan cara saya menang.
1017,91004,Ada banyak siswa yang unik, namun yang mereka miliki adalah dedikasinya dalam berlari. Saya harap mereka masing-masing dapat mencapai tujuan mereka... impian mereka.
1017,91005,Jangan ada keraguan. Konser kemenanganku akan menjadi puncak penampilanku juga. Saya akan memberikan para penggemar sebuah pertunjukan untuk dikenang.
1017,91006,Pakaian saya cukup populer di kalangan siswa. Saya harus memberikan penampilan yang layak untuk dikagumi mereka.
1017,91007,Pakaian balap khas saya memberi saya energi. Saya kira saya dapat mengatakan bahwa ini mengalihkan saya dari mode presiden ke mode Kaisar.
1017,91008,Saya akan berani menempuh jalan menuju puncak dengan pakaian balap khas saya. Itu adalah bagian yang tak terpisahkan dari diri saya.
1017,91009,Saya merasa termotivasi setiap kali saya melihat sesi latihan pagi semua orang. Oleh karena itu, kehadirannya menjadi semakin penting.
1017,91010,Beberapa Umamusume memiliki nafsu makan yang rakus. Saya harus berbicara dengan pihak administrasi sekolah dan melihat apakah mereka dapat menambah jatah makanan kami.
1017,91011,Aku akan tidur malam ini dan terjaga sambil berpikir keras... sambil memikirkan lelucon baru.
1017,91012,Kebanyakan orang memikirkan bunga sakura saat musim semi tiba, namun sejumlah balapan G1 juga berlangsung di musim ini. Entah Bintang Umamusume baru apa yang akan muncul.
1017,91013,Aku diberitahu bahwa aku tampak keren dan tenang bahkan di musim panas. Hmm, aku bertanya-tanya apakah aku harus berkeliling sambil terlihat lesu sesekali?
1017,91014,Musim gugur diisi dengan acara sekolah. Membayangkan wajah para siswa yang tersenyum saja sudah cukup membuatku bersemangat. Saya akan melakukan semua yang saya bisa untuk membuat mereka bahagia.
1017,91015,Hari-hari mulai semakin dingin, namun gairahku terus membara. Aku tidak akan pernah segan-segan menahan dingin.
1017,92000,Saya seorang Umamusume dari kata-katanya. Saya akan menghadapi pelatihan apa pun dengan tekad maksimal.
1017,92001,Latihan menjadi sempurna, seperti kata mereka. Mari kita mulai berlatih.
1017,92002,Pelatihan selalu bermanfaat, baik dasar maupun lanjutan. Saya akan mengikuti petunjuk Anda.
1017,92003,Persiapan saya sudah selesai. Saya siap menerima instruksi Anda kapan saja.
1017,92011,Apa yang harus kita lakukan hari ini? Saya percaya pada kemampuan Anda.
1017,92005,Jika Anda mengalami kebuntuan, jangan ragu untuk berbicara dengan saya. Bagaimanapun, kami berdua memiliki tujuan yang sama.
1017,92006,Ada bagian dari diriku yang selalu menantikan latihan. Hehe, mari kita lihat apa yang kamu simpan untukku hari ini.
1017,92007,Kami adalah mitra yang mempunyai aspirasi yang sama. Apa pun pelatihannya, saya percaya penuh kepada Anda.
1017,93000,Saya berharap untuk terus melangkah menuju puncak dengan Anda di sisi saya.
1017,93001,Jalan yang kita lalui bersama penuh dengan pengalaman yang membuka mata.
1017,95000,Ini juga merupakan anugerah yang lahir dari seluruh kerja keras dan dedikasi saya.
1017,95001,Saya telah mengambil satu langkah lagi menuju puncak—kemuliaan terbesar.
1017,95003,Ya, saya Simboli Rudolf.
1017,95004,Sebagai Kaisar, saya harus memiliki martabat.
1017,1008,Mari kita kencangkan tali kita dan berikan segalanya!
1017,1041,Saatnya pergi.
1017,1042,Saya mengharapkan hal-hal besar dari Anda.
1017,1013,Ini dia, Teio.
1017,1000,Mari kita bersatu dalam upaya kita!
1017,1001,Bagus sekali, semuanya.
1017,1003,Benar-benar lawan yang layak... Bahkan pesaing untuk supremasi.
1017,1002,Ubah kegagalan menjadi kesuksesan dan terus maju.
1017,1004,Kami telah meraih kemuliaan!
1017,1007,Skor tinggi baru. Ini memerlukan perayaan.
1017,1006,Benar-benar lawan yang layak... Bahkan pesaing untuk supremasi.
1017,1005,Ubah kegagalan menjadi kesuksesan dan terus maju.
1017,120000,Saya merasa didorong oleh kekuatan yang tidak terlihat.
1017,140000,Saya mengharapkan hal-hal besar dari Anda.
1017,140001,Baiklah.
1017,140002,Ini sulit...
1017,140003,Saya berterima kasih dari lubuk hati saya yang paling dalam.
1017,140004,Hasil yang lumayan.
1017,140005,Ubah kegagalan menjadi kesuksesan dan terus maju.
1017,140006,Saya berterima kasih dari lubuk hati saya yang paling dalam.
1017,140007,Hasil yang lumayan.
1017,140008,hehe!
1017,140009,Sayangku...
1017,140010,Ha ha!
1017,140011,Megah!
1017,140014,Apa?!
1017,140015,Hm...
1017,140016,Hai!
1017,140012,Baiklah!
1017,140013,Oh!
1017,140017,Hmm...
1017,140018,Apa yang telah terjadi?
1017,40000,Biarkan surga mendengarku mengaum!
1017,40001,Tidak ada jalan yang terbentang di hadapanku. Itulah sebabnya aku akan mengukirnya sendiri dengan semangat dan semangat!
1017,30004,Seperti kata pepatah, "Gerhana dulu, sisanya tidak ada."
1017,30005,Lihatlah... <i>Itu</i> adalah pelarian seorang Kaisar!
1017,31000,Mari kita membuat sejarah hari ini.
1017,13,Ini adalah bonus masuk hari ini.
1017,15,Hmmm, untuk besok... ini, kurasa.
1017,110000,Kemajuan lahir dari praktik yang konsisten.
1017,110001,Setiap Umamusume memiliki cerita sendiri.
1017,110002,Apakah kita akan mengikuti perlombaan?
1017,10021,Kalau begitu, tampaknya Arsip Umamusume Anda telah meningkat levelnya.
1017,20051,Mari kita maju bersama.
1017,70000,Mari kita raih impian kita bersama.
1017,95005,Mungkin sekarang saya bisa lebih membantu.
1017,95006,Performa saya akan lebih baik lagi kedepannya.
1017,70004,Meski berseragam, saya siap turun ke lintasan.
1017,70010,Seorang ketua OSIS harus menjadi teladan bagi semua.
1017,70008,Mengenakan pakaian seperti ini menyegarkan dengan caranya sendiri.
1017,70014,Saya akan menyanyi dan menari dengan cara yang bermartabat dan semua orang akan menikmatinya.
1017,70009,Pakaian balap khas ini akan membawa saya menuju puncak!
1017,70015,Bahkan setelah saya mencapai puncak, itu tidak akan cukup. Saya akan selalu membidik lebih tinggi!
1017,71004,Meski berseragam, saya siap turun ke lintasan.
1017,71010,Seorang ketua OSIS harus menjadi teladan bagi semua.
1017,71008,Mengenakan pakaian seperti ini menyegarkan dengan caranya sendiri.
1017,71014,Saya akan menyanyi dan menari dengan cara yang bermartabat dan semua orang akan menikmatinya.
1017,71009,Pakaian balap khas ini akan membawa saya menuju puncak!
1017,71015,Bahkan setelah saya mencapai puncak, itu tidak akan cukup. Saya akan selalu membidik lebih tinggi!
1017,2030,Mari kita bersatu dalam upaya kita!
1017,2031,Mari kita kencangkan tali kita dan berikan segalanya!
1017,2032,Terima kasih, Pelatih.
1017,2033,hehe! Hatiku dipenuhi dengan antisipasi. Saya yakin penampilan saya hari ini akan membuahkan hasil yang baik.
1017,2034,hehe. Suasana hatiku yang periang pasti akan bermanfaat bagi penampilanku hari ini. Aku bisa berangkat kapan saja sekarang.
1017,2035,Terima kasih, Pelatih.
1017,81000,Mari kita saling mengembangkan potensi masing-masing.
1017,81001,Pemanasan berakhir di sini. Mari kita hadapi tantangan sesungguhnya.
1017,70018,Pemerintahanku yang mulia baru saja dimulai.
1017,70019,Saya akan menunjukkan kepada Anda apa yang mutlak!
1017,71018,Pemerintahanku yang mulia baru saja dimulai.
1017,71019,Saya akan menunjukkan kepada Anda apa yang mutlak!
1017,90010,Sama seperti seni bela diri, balapan dimulai dan diakhiri dengan rasa hormat... Jadi Pelatih, saya ingin mengatakan dengan hormat bahwa saya menantikan latihan hari ini.
1017,90011,Saat saya sedang berjalan-jalan pagi, seorang wanita yang baik hati berkata bahwa pakaian saya memiliki pola yang indah. Dia bahkan memberiku sepotong mochi.
1017,90012,Kami, para pemanah, mempunyai pepatah—"Tembakan yang tepat, pukulan yang pasti." Marilah kita mengingat prinsip ini saat kita menjalani hari-hari kita.
1017,90013,Nah, acara selanjutnya dijadwalkan... Hm, saya harus menghubungi koordinator sebelum hari itu selesai.
1017,90014,Mereka bilang kegelapan mengundang segala jenis kejahatan... Mungkin menyiapkan tindakan adalah hal yang perlu dilakukan—kalau-kalau terjadi sesuatu.
1017,90015,Semakin aku memohon dengan tubuhku untuk tertidur, semakin lama aku terbangun... Malam sebelum festival adalah malam yang sangat berat bagiku.
1017,90016,<i>Menguap...</i> Saat musim semi, keinginan dasar untuk tidur tumbuh cukup kuat untuk menahan panah bahkan dari pemanah paling murni sekalipun.
1017,90017,Masa depan dimana aku bisa benar-benar bersantai masih jauh... Tapi jika jadwal kita ada yang kosong, kita harus pergi ke festival lokal.
1017,90018,Krisan untuk Kikuka Sho, bunga musiman untuk Shuka Sho, dan perisai Tenno Sho... Tidak, yang terakhir itu bisa menunggu sampai aku dinobatkan di akhir tahun. Untuk saat ini, mari kita nikmati festival musim gugur ini.
1017,90019,Dibandingkan di luar, suhu di sini pas. Pastikan untuk tetap hangat, jangan sampai Anda meninggal... Saya kira itu juga berlaku untuk saya.
1017,91016,Teio sangat senang melihat rambutku diikat seperti ini. Kami bahkan sudah membuat rencana untuk membeli ikat rambut yang serasi minggu depan.
1017,91017,Sutradara berbaik hati mendorong permintaan egois saya hingga ke URA di Festival Fleetfoot. Dia memiliki rasa hormat saya yang terdalam.
1017,91018,Perubahan itu konstan... Akan tiba saatnya dimana aku pun akan terpuruk dan terjatuh, seperti dedaunan musim gugur. Sebelum itu, aku harus meninggalkan jejakku.
1017,91019,Curren Chan mengajariku cara menggunakan media sosial, tapi harus kuakui hal itu masih... membuatku bingung.
1017,91020,C.B. bilang aku mengingatkannya pada pahlawan dongeng, datang untuk membersihkan dunia dari kejahatan. Secara pribadi, menurutku peran itu lebih cocok untuknya.
1017,91028,Kakek saya sepertinya menikmati pakaian ini. Dia bahkan bilang aku akan cukup populer di Prancis... Mungkin aku harus berkunjung ke Prancis?
1017,91029,Setiap kali aku merasa sedih, aku hanya memandangi dedaunan musim gugur dan mengingat bahwa aku harus <i>menjadi daun</i> dalam diriku sendiri. hehe.
1017,91021,Gold City memberi saya minyak ekor ini baru-baru ini, dan baunya seperti lemon... Ini benar-benar menambah semangat pada rutinitas pagi saya.
1017,91022,Suatu hari, aku mampir ke dojo memanah yang biasa kuhadiri saat masih kecil, dan mereka menghadiahkanku makanan penutup agar-agar. Maukah Anda mencicipinya bersama saya?
1017,91023,Beri tahu saya jika Anda sedang dilanda mimpi buruk. Anak panahku akan berbunyi benar dan memurnikannya untukmu.
1017,91024,Buah apa yang akan dihasilkan pada musim ini? Saya sangat menantikan panennya.
1017,91025,Aku sudah membuka jendela untuk mendinginkan kantor OSIS, tapi Brian bersikeras kalau udaranya masih terlalu panas. Aku bahkan memberinya kipas angin. Aku bersumpah, gadis itu...
1017,91026,Saya melihat berpartisipasi dalam Fleetfoot Festival sebagai suatu kehormatan besar. Lagipula, penampilan kami terbukti sangat penting bagi para pemula yang menonton.
1017,91027,Festival salju... Kalau dalam skala kecil, kita harus bisa membuatnya kembali di kampus. Saya harus memesan truk untuk membantu mengangkut salju tambahan yang kami perlukan.
1017,92015,Sabukku aman. Saya siap berangkat.
1017,92016,Jika saya ingin sukses sejak awal, saya harus mempertajam intuisi saya.
1017,92017,Mereka bilang musik itu bagus untuk meningkatkan semangat... Katakan padaku, mana yang kamu sukai? Drum Taiko atau seruling?
1017,92018,Tidak peduli apa yang mereka kenakan, seorang pemanah pada dasarnya tetaplah seorang pemburu. Semoga piala saya menunjukkan kehebatan saya.
1017,92020,Targetku sudah di depan mata. Yang tersisa hanyalah bagiku untuk tabah dalam mengejarku.
1017,92021,Jika aku menganggap sebuah ujian perlu untuk penaklukanku, bahkan lereng terjal sekalipun tidak akan menghalangiku untuk maju.
1017,92022,Menyebut seorang pembalap sebagai binatang menimbulkan rasa takut, tetapi juga rasa hormat terhadap keterampilan formatif mereka. Sekarang, Pelatih... Anda akan memanggil apa <i>saya?</i>
1017,93004,Marilah kita terus maju dengan hati yang tenang dan mantap.
1017,93005,Jadi inilah yang mereka maksud ketika mereka mengatakan waktu berlalu.
1017,95007,Saya berharap dapat menggunakan taring saya yang tajam ini.
1017,95008,Nyala api ini... apakah itu gairah, atau naluri?
1017,95010,Namanya Simboli Rudolf. Baiklah?
1017,70016,Nah, di mana target saya selanjutnya?
1017,70017,Saya harus memberikan penampilan yang layak untuk bunga krisan.
1017,71016,Nah, di mana target saya selanjutnya?
1017,71017,Saya harus memberikan penampilan yang layak untuk bunga krisan.
1017,95009,Dengan busurku yang kuat dan anak panahku yang murni, aku akan mengusir segala malapetaka.
1017,40003,Busurku dan aku akan menangkal semua bencana!
1017,40004,Waktunya telah tiba—target sudah di depan mata. Satu... dua... Sekarang, bidik! ...Sudah selesai.
1017,30006,Dengan ini, target lain telah diturunkan.
1017,30007,Ingat baik-baik... <i>Beginilah</i> cara Kaisar bekerja!
1017,400003,Saya telah melakukan semua yang saya bisa untuk mendorong mereka ke arah yang benar. Sekarang yang tersisa... hanyalah menonton dan menunggu.
1017,400008,Binatang buas itu akan membuka matanya sebentar lagi... Ini sudah lama terjadi, Brian.
1017,400009,Dibutuhkan banyak kerja keras untuk menciptakan festival yang mengesankan, tapi seperti yang mereka katakan, tidak ada rasa sakit, tidak ada hasil... Sekarang, aku harus kembali untuk menyelesaikan tugas OSISku!
1017,400002,Pengetahuan adalah sebuah perjalanan. Saya memerlukan kejelasan—mengarsipkan dokumen akan membantu. Aku harus menelepon Air Groove... Sebenarnya, aku akan melapor padanya nanti.
1017,400027,Saat kita masih muda, mengajarimu menari sangat berarti bagiku... Kuharap kita bisa berkompetisi di atas panggung suatu hari nanti.
1017,410000,Ini dia!
1017,410001,Bagus!
1017,410002,Hm...
1017,410003,Hm...
1017,410004,hehe.
1017,410005,hehe.
1017,410006,Ha ha ha...
1017,410007,Ha ha ha...
1017,410008,Ha ha ha...
1017,90020,Selamat Hari Valentine.
1017,90021,Selamat Hari Valentine.
1018,10000,Aku memang bilang aku tidak keberatan menaruh kepercayaan padamu, tapi aku tidak bilang aku akan menaruhnya... Hmph. Terus lakukan itu.
1018,10001,Temui aku di belakang gedung sekolah saat fajar besok... Bunganya hampir siap mekar.
1018,10002,Anda pernah menyebut saya "permaisuri ideal". Yakinlah, saya tidak akan membiarkan cita-cita itu runtuh.
1018,10003,Selamat tahun baru. Meskipun ini mungkin saat perayaan, Anda harus menahan diri untuk tidak terlalu memanjakan diri dan hidup dengan tertib.
1018,10004,<i>Huh...</i> Aku bersyukur banyak orang menganggapku tinggi, tapi ini terlalu banyak coklat. Memakan semuanya bukanlah tugas yang mudah.
1018,10005,Aku membuatkan coklat untukmu. Saya hanya ingin mengakui pekerjaan yang Anda lakukan untuk saya setiap hari, tapi tolong beri tahu saya dengan jujur ​​bagaimana rasanya. Itu saja.
1018,10006,Pohon-pohon bambu ditutupi dengan slip harapan untuk Tanabata. Saya hanya bisa berharap bahwa semua mimpi yang tertulis di dalamnya menjadi kenyataan.
1018,10007,Menipu atau mengobati. Ibu saya menyuruh saya untuk menghargai acara musiman ini. Anda juga menikmati diri Anda sendiri... Tentu saja dalam jumlah sedang.
1018,10008,Saat kita mendekorasi pohon besar, selalu saja ada yang mencoba memanjatnya... <i>Huh...</i> Entahlah siapa yang akan jadi tahun ini.
1018,10009,Dekorasi liburan di kota patut untuk dilihat. Jika Anda tertarik, maka saya kira saya bisa menemani Anda.
1018,10010,Satu tahun lagi telah berlalu... Denganmu yang sibuk setiap hari, tidak pernah ada momen yang membosankan. Ya, saya sedang menyindir. Tapi Anda sudah mengetahuinya.
1018,10011,Apa? Ini hari ulang tahunmu? Mengapa kamu tidak mengatakan sesuatu sebelumnya? Saya akan menyiapkan sesuatu.
1018,10012,Hei, apakah ada yang kamu inginkan? ...Hari ini adalah hari ulang tahunmu, jadi aku tidak keberatan mengabulkan satu atau dua permintaan.
1018,10013,Aku akan pulang lebih awal hari ini. Ibuku akan datang menemuiku untuk ulang tahunku!
1018,10014,Kamu ingin merayakan ulang tahunku? A-ahem... Aku cukup sibuk, tapi... Baiklah. Tunggu sebentar, aku akan punya waktu luang.
1018,10015,Hm? Sepertinya ada informasi baru. Periksa dan segera laporkan kembali.
1018,10016,Hei, hadiah datang untukmu. Pastikan Anda selalu menyortir paket Anda, Anda dengar?
1018,10017,Oh, sepertinya Anda menyelesaikan misi. Anda sebaiknya memanfaatkan apa yang Anda pelajari dengan baik.
1018,10018,Tampaknya persiapan sedang dilakukan untuk sebuah acara. Pastikan Anda mengonfirmasi detailnya, jangan sampai Anda menyesalinya.
1018,10019,Sebuah acara sedang berlangsung. Tampaknya ada cukup banyak hadiah... Berpartisipasi sebanyak mungkin adalah ide yang bagus.
1018,20000,Aku merasa pusing yang tak bisa dijelaskan... Apakah aku sudah mencapai batas kemampuanku?
1018,20001,Ngh... Kakiku terasa berat sekali. Saya perlu istirahat...
1018,20002,Saya penuh dengan energi! Ini adalah kesempatan bagus untuk berlatih! Mari kita mulai!
1018,20003,Saya benar-benar merasa luar biasa. Saya dapat menerima apa pun yang Anda berikan kepada saya dan mencapai hasil yang luar biasa.
1018,20004,Saya merasa luar biasa berkat hari libur yang damai. Sekarang saya benar-benar dapat berkonsentrasi pada latihan.
1018,20005,Badan saya terasa ringan sekali... Saya yakin latihan hari ini akan terbukti sangat produktif.
1018,20006,Saya tidak perlu mengeluh. Saya bisa berlari seperti biasa.
1018,20007,Selama saya bisa tetap tenang, tidak ada yang salah.
1018,20008,Tubuhku tidak bisa bergerak sesuai keinginanku...
1018,20009,Aku tahu aku harus selalu berlari dengan semangat... Tapi hari ini, aku...
1018,20010,Perasaanku tidak enak sejak pagi ini. Tidak, itu bukan salahmu. Jangan pedulikan itu.
1018,20011,...Tubuhku terasa sangat berat. Ini tidak akan berhasil. Apa yang terjadi?
1018,20021,Balapan lain? Pernahkah Anda memikirkan hal ini?
1018,20022,Ini bukanlah kontes untuk melihat siapa yang dapat mengikuti perlombaan terbanyak. Anda <I>melakukan</I> memahaminya, bukan?
1018,20023,Saya memiliki bentuk paling sempurna. Kemenangan akan datang dengan sendirinya.
1018,20024,Tidak masalah siapa yang saya lawan. Mereka hanyalah batu loncatan menuju cita-cita saya.
1018,20025,Hmph. Ini tidak akan berhasil. Antusiasme penonton mulai menghampiri saya.
1018,20026,Kaki ini akan mengukir jalan menuju kemenangan!
1018,20027,Semua kerja kerasku akhirnya membuahkan hasil. Hasilnya praktis terjamin.
1018,20028,aku berangkat! Saya akan menunjukkan kepada siswa yang lebih muda sesuatu yang dapat mereka cita-citakan!
1018,20029,Saya merasa baik-baik saja. Saya akan menguasai perlombaan ini dan menyesuaikannya dengan keinginan saya.
1018,20030,Bentukku seperti biasa. Kini yang tersisa hanyalah menguasai arus balapan.
1018,20031,Saya yakin saya bisa berlari seperti biasa... Ketika saya melihat peluang untuk meraih kemenangan, saya akan mengambilnya.
1018,20032,Saya tidak bisa mengatakan saya dalam kondisi sempurna, tapi... Hmph, itulah yang menjadikan ini tantangan yang layak.
1018,20033,Aku harus mengubah pola pikirku... Jika aku gagal di sini, aku khawatir aku tidak akan bisa menghadapi ibuku lagi.
1018,20034,Sekalipun kondisiku kurang, aku tidak akan goyah. Saya harus terus maju. Itulah yang dilakukan seorang permaisuri.
1018,20035,Bentukku salah semua. Ini pasti semacam mimpi buruk. Tapi aku akan menghentikannya!
1018,20036,Grrr... Bentukku menyedihkan. Namun, aku akan bertindak bersama.
1018,20037,Grrr... Kondisiku sangat buruk. Meski begitu, aku harus tetap tenang.
1018,20038,Dipahami.
1018,20039,Baiklah...
1018,20040,Oke, mengerti.
1018,20041,Pengetahuan adalah kekuatan.
1018,20042,Grr.
1018,20043,Sungguh tidak sedap dipandang...
1018,20046,Ayo pergi.
1018,20047,Jangan terbawa suasana.
1018,20049,Anda termasuk pekerja keras. Lanjutkan kerja baikmu.
1018,20050,Kami masih memiliki ruang untuk berkembang.
1018,30000,Saya tinggal selangkah lagi... Lain kali akan berbeda!
1018,30001,Mari kita jadikan ini sebagai pembelajaran.
1018,30002,Saya tidak bisa menerima ini.
1018,30003,Bagaimana ini bisa terjadi? Kutukan...
1018,60000,Aku akan menampilkan pertunjukan yang layaknya seorang permaisuri.
1018,60001,Saya juga harus menyanyi dan menari dengan sempurna.
1018,70001,Jika aku mengatakan pada diriku di masa lalu bahwa kamu akan menjadi pelatihku, aku pasti akan terkejut. Saya masih tidak percaya sekarang.
1018,90000,Jangan ceroboh hanya karena ini sudah pagi. Saya tidak akan mentolerir rasa kantuk apa pun.
1018,90001,Pagi. Sudahkah Anda memutuskan jadwal kita hari ini? Saya ingin Anda berkomitmen penuh pada tugas Anda.
1018,90002,Waktu terus berjalan. Kita harus bergegas dan menyelesaikan apa yang kita bisa sebelum matahari terbenam.
1018,90003,Apakah Anda sudah makan siang? Pastikan makan secukupnya agar tidak mengganggu tugas Anda sore ini.
1018,90004,Kerja bagus hari ini. Istirahat juga merupakan salah satu tugasmu, jadi pulanglah dan tidur.
1018,90005,Penjaga keamanan sedang berpatroli di malam hari, tetapi Anda tidak boleh lengah. Pastikan untuk selalu mengunci pintu Anda.
1018,90006,Begitu banyak mata cerah penuh kepolosan dan harapan. Sebagai Permaisuri, tugasku adalah memimpin mereka.
1018,90007,Beberapa orang terlalu sibuk berlari sehingga lupa untuk mendapatkan cairan yang cukup. Saya harus memastikan mereka menerima instruksi menyeluruh mengenai hal ini.
1018,90008,Saya biasanya tidak suka serangga, tapi menurut saya jangkrik terdengar sangat indah. Saya berharap mereka tidak terinjak-injak di antara dedaunan yang berguguran.
1018,90009,Makan hot pot di musim dingin adalah yang terbaik. Aku harus membuatnya sebagai tanda penghargaanku... Untuk teman sekelasku, itu saja. Aku akan memintamu bekerja sebagai penguji seleraku.
1018,91000,Suzuka bukan orang yang suka mengatakan apa yang mengganggunya. Sebagai temannya, aku berharap dia bisa lebih banyak curhat padaku.
1018,91001,Eyeshadow saya cocok dengan milik ibu saya. Bagaimana menurutmu? Bukankah ini warna yang elegan?
1018,91002,Fine ingin pergi makan ramen hampir setiap hari... Tapi itu bukan jenis makanan yang harus sering kamu makan. <i>Huh...</i>
1018,91003,Itu mengutuk Brian! Dia meninggalkan tugas OSISnya! Hei, segera lapor padaku jika kamu menemukannya!
1018,91004,...Oh, benar! Saya akhirnya mengerti lelucon presiden! Aku mengerti... tapi aku tidak begitu paham apa maksudnya.
1018,91005,Banyak anak muda Umamusume yang ingin mendaftar di Tracen menonton konser kami. Kita harus menyampaikan semangat kita kepada mereka.
1018,91006,Mm, pakaian ini cukup mudah untuk dipindahkan. Saya bisa merasakan keahlian seorang profesional sejati. Saya perlu menampilkan penampilan yang layak dengan pakaian seperti itu.
1018,91007,Gelar Permaisuri tidak bisa diperoleh hanya melalui penampilan saja. Saya harus membuktikan bahwa saya layak mendapatkannya di balapan.
1018,91008,Saya memilih pakaian ini dan membuatnya khusus untuk saya. Saya akan berlatih dengan tekun agar menjadi perwujudan harga diri saya.
1018,91009,Sebelum apel pagi, saya harus membagikan risalah rapat kemarin, menyelesaikan usulan anggaran, dan… Heh, saya sudah tidak sabar menunggu.
1018,91010,Seorang siswa yang lebih muda mengundang saya untuk makan siang. Hehe. Dia tampak sangat gugup saat berbicara. Itu sungguh menggemaskan.
1018,91011,Saya harus merevisi apa yang telah saya pelajari. Bagaimanapun, kami terus meningkatkan diri melalui kemajuan sehari-hari.
1018,91012,Musim semi adalah waktu ketika tunas-tunas muda yang menjanjikan akhirnya mulai mekar. Hehe. Itu membuatku ingin melihat senyum para siswa yang lebih muda.
1018,91013,Aku ingin tahu jenis yukata apa yang harus kupakai di festival tahun ini... Mungkin aku harus menanyakan pendapat Suzuka, karena kami akan pergi bersama.
1018,91014,Mereka bilang musim gugur adalah musim makan, tapi aku harus menahan diri. Tugas saya sebagai pelari adalah menjaga tubuh saya tetap dalam kondisi prima.
1018,91015,Ugh! Aku tersengat listrik lagi. Saya bersumpah listrik statis sangat buruk sepanjang tahun ini. Hei, pastikan kamu tidak menyentuhku secara tidak sengaja!
1018,92000,Tidak ada jalan pintas menuju kesuksesan. Mari bersabar dan tekun dalam latihan kita.
1018,92001,Berdasarkan kemampuan saya saat ini, sudah jelas apa yang perlu dilakukan. Jangan salah dalam penilaian Anda.
1018,92002,Jika Anda ingin melakukan sesuatu, lakukanlah dengan baik. Jangan mengambil jalan pintas.
1018,92003,saya siap. Mari kita mulai.
1018,92011,Saya akan mendengarkan proposal Anda dan kemudian memutuskan apakah itu memenuhi standar saya atau tidak.
1018,92005,Sudahkah Anda memutuskan jadwal hari ini? Pikirkan baik-baik, dan jangan terburu-buru. Saya bisa menunggu.
1018,92006,Anda dapat berkonsultasi dengan saya jika Anda bingung harus berbuat apa. Bagaimanapun juga, dua kepala lebih baik daripada satu.
1018,92007,Regimen pelatihan Anda yang bijaksana telah menghasilkan kemajuan besar bagi saya. Yakinlah, saya tidak akan membiarkan mereka sia-sia.
1018,93000,Hehe. Untuk berpikir kamu akan memenuhi harapanku padamu.
1018,93001,Anda telah melakukannya dengan sangat baik. Saya memuji Anda.
1018,95000,Hmph. Satu langkah lagi menuju cita-cita saya.
1018,95001,Saya tidak butuh batasan. Aku akan menghancurkan semuanya!
1018,95003,Saya Alur Udara. Apakah Anda memerlukan sesuatu?
1018,1008,Mari kita maju menuju kemenangan!
1018,1043,Kami perlu bekerja sama sebagai sebuah tim.
1018,1044,Saatnya melakukan ini, Baik.
1018,1012,Ya, mengerti.
1018,1025,Hmph. Ayo pergi.
1018,1041,Ya, Presiden.
1018,1039,Saya gemetar karena antisipasi!
1018,1051,Hei, waktunya berkonsentrasi.
1018,1123,Ya, cobalah untuk tidak tegang.
1018,1000,Mari kita berikan upaya terbaik kita.
1018,1001,Ya, kami menang!
1018,1003,Ya, setidaknya itulah hasilnya.
1018,1002,Sangat disesalkan...
1018,1004,Kami menang!
1018,1007,Sepertinya ini adalah skor tinggi baru.
1018,1006,Ya, setidaknya itulah hasilnya.
1018,1005,Sangat disesalkan...
1018,120000,Saya merasakan kekuatan tak terbatas mengalir melalui diri saya!
1018,140000,Aku akan mendukungmu.
1018,140001,Tidak mengherankan di sini.
1018,140002,Apa?!
1018,140003,Terima kasih.
1018,140004,Kerja bagus.
1018,140005,Usaha yang bagus.
1018,140006,Terima kasih.
1018,140007,Kerja bagus.
1018,140008,hehe!
1018,140009,None
1018,140010,Hmph.
1018,140011,Menakjubkan...
1018,140014,Sialan!
1018,140015,Oh.
1018,140016,Ayo pergi!
1018,140012,Oke!
1018,140013,Ah!
1018,140017,Cih...
1018,140018,Hmm...
1018,40000,Inilah kekuatan seorang permaisuri!
1018,40001,Inilah kekuatan seorang permaisuri!
1018,40002,Hmph. Menyedihkan!
1018,30004,Apakah Anda mendengar sorakan mereka? Ini adalah cita-cita yang saya perjuangkan!
1018,30005,Selangkah lebih dekat dengan cita-cita saya!
1018,31000,Ayo pergi!
1018,13,Inilah bonus login hari ini.
1018,15,Ini sudah dipersiapkan untuk besok.
1018,110000,Apakah ini waktunya untuk berlatih?
1018,110001,Sejarah memberi kita pelajaran berharga. Mari kita memeriksanya secara menyeluruh.
1018,110002,Apakah kita akan mengikuti perlombaan?
1018,10021,Arsip Umamusume Anda tampaknya telah naik level. Pergi dan lihatlah.
1018,20051,Apakah Anda siap untuk memulai pelatihan?
1018,70000,Anda tidak boleh membiarkan pikiran Anda menjadi terlalu kendur.
1018,95005,Aku akan meminjamkanmu bantuanku.
1018,95006,Astaga, sedikit sekali.
1018,70004,Seragam ini adalah bukti bahwa saya adalah murid akademi ini. Saya harus terlihat sempurna memakainya.
1018,70010,Hm, apakah ada yang salah dengan itu?
1018,70008,Jika pakaian juga merupakan bagian penting dalam sebuah pertunjukan, maka saya harus memakainya dengan anggun.
1018,70014,Baik konser atau balapan, saya akan berusaha menjadi nomor satu.
1018,70009,Cantik namun fungsional... Benar-benar luar biasa!
1018,70015,Saya harus selalu berperilaku seperti yang dilakukan "Permaisuri".
1018,71004,Seragam ini adalah bukti bahwa saya adalah murid akademi ini. Saya harus terlihat sempurna memakainya.
1018,71010,Hm, apakah ada yang salah dengan itu?
1018,71008,Jika pakaian juga merupakan bagian penting dalam sebuah pertunjukan, maka saya harus memakainya dengan anggun.
1018,71014,Baik konser atau balapan, saya akan berusaha menjadi nomor satu.
1018,71009,Cantik namun fungsional... Benar-benar luar biasa!
1018,71015,Saya harus selalu berperilaku seperti yang dilakukan "Permaisuri".
1018,2030,Mari kita berikan upaya terbaik kita.
1018,2031,Mari kita maju menuju kemenangan!
1018,2032,Kami masih memiliki ruang untuk berkembang.
1018,2033,aku berangkat! Saya akan menunjukkan kepada siswa yang lebih muda sesuatu yang dapat mereka cita-citakan!
1018,2034,Hmph. Ini tidak akan berhasil. Antusiasme penonton mulai menghampiri saya.
1018,2035,Kami masih memiliki ruang untuk berkembang.
1018,90010,Ini pagi! Lakukanlah! Berdiri tegak! Postur tubuh yang buruk seperti itu tidak sedap dipandang.
1018,90011,Hei, ada benang di bahumu. Penampilanmu sangat tidak rapi pagi ini. Tenangkan dirimu, dan mari kita lanjutkan pekerjaan hari ini.
1018,90012,Bisakah saya menggunakan kantor Anda? Saya menjadi magnet berjalan bagi siswa yang lebih muda ketika saya berpakaian seperti ini. Aku bahkan tidak bisa makan siang.
1018,90013,Hari baru saja dimulai. Saya harus menjaga kepala saya tetap tegak dan membawa diri saya dengan bermartabat.
1018,90014,Anda masih bekerja? Pastikan Anda tidak berlebihan. Kesehatan adalah fondasi kecantikan dan kekuatan.
1018,90015,Begadang akan membuat Anda keriput. Bahkan Anda memiliki kewajiban untuk menjaga penampilan Anda.
1018,90016,Ini musim bunga bermekaran. Menyenangkan namun juga membawa kesedihan tertentu. Menurutku pasti seperti ini rasanya menjadi orang tua.
1018,90017,Panas sekali. Saya bisa pergi berenang. Ibu saya mengajari saya semua teknik berenang terbaik, jadi saya sangat percaya diri.
1018,90018,Saya mendengar musim gugur dulunya merupakan musim yang lebih dingin. Kadang-kadang, saya bahkan bisa lolos hanya dengan mengenakan ini dan tetap baik-baik saja.
1018,90019,Ugh! Maksudku aku tidak kedinginan! Saya tidak membutuhkan syal atau sarung tangan. Berhentilah mencoba membuatku memakai jaket salju itu!
1018,91016,Mawar ungu melambangkan kebanggaan di hatiku ya? Hehe. Ini adalah sentuhan canggih yang hanya bisa dilakukan oleh desainer kelas satu.
1018,91017,Hidup ada pasang surutnya, dan aku ingin menghadapinya dengan caraku sendiri... Sama seperti ibuku sebelum aku.
1018,91018,Dober memberitahuku bahwa dia ingin menjadi gadis penjual bungaku... Aku tidak yakin mengapa dia mengungkit hal itu sekarang.
1018,91019,Oh, Brian itu! Dia pikir aku akan menjadi istri yang mendominasi?! Bukannya aku memarahi orang karena bersenang-senang... Ya ampun!
1018,91020,Kecantikan adalah kata yang sangat filosofis. Dunia adalah tempat yang luas.
1018,91028,Pakaian balap ini... Keinginan yang dulu saya miliki untuk menjadi seperti ibu saya... Kini, saya pun harus menjadi panutan yang dicita-citakan orang lain.
1018,91029,Terjalin dalam pakaian balapku adalah keinginan untuk menjadi lebih kuat dan lebih cantik... Itu juga membawa perasaan terdalamku.
1018,91021,Beraninya mereka menggodaku dengan mengatakan "selamat" bukannya "selamat pagi"...
1018,91022,Jika Akebono mengajakmu makan siang, jangan makan apa pun pagi itu... <i>Bersendawa.</i>
1018,91023,Fine memberiku instruksi rinci tentang etiket makan malam. Masih banyak yang belum saya pelajari.
1018,91024,Mungkin aku harus menanam mawar ungu. Saya yakin mereka akan menjadi pemandangan yang indah saat mekar musim semi mendatang.
1018,91025,Gaun ini terbuat dari "sutra", ya? Saya suka rasanya keren, tapi menurut saya nama bahannya agak meresahkan karena beberapa alasan...
1018,91026,Akankah pakaian balap ini cocok untuk semua acara di musim gugur? Apa pun. Atas nama ibuku, aku akan memakainya dengan bangga!
1018,91027,Putih sekali, kamu pasti berani bersumpah kalau itu salju? Ha. Saya kira bahkan Anda memiliki sisi puitis.
1018,92015,Untuk kekuatan dan kecantikan!
1018,92016,Keanggunan itu penting, bahkan dalam latihan.
1018,92017,Kerja keras yang kulakukan suatu hari nanti akan membuatku bersinar.
1018,92018,Kerja keras adalah bentuk keindahan yang paling indah.
1018,92020,Saya harus terus mengasah diri agar layak memakai pakaian balap ini.
1018,92021,Setiap hari membawa saya lebih dekat ke tujuan saya, tapi itu saja tidak cukup. Saya harus memastikan bahwa saya mencapainya!
1018,92022,Saya dapat memberi tahu siapa pun dengan kepala tegak bahwa ini adalah pakaian balap <I>saya</I>. Itu adalah sesuatu yang membuat saya sangat bangga!
1018,93004,Mari kita tunjukkan prestasi ini kepada ibu saya!
1018,93005,Kami mampu mengukir jalan kami sendiri.
1018,95007,Kerja keras akan menjadi jalanku ke depan!
1018,95008,Sebuah langkah maju yang penuh keberuntungan.
1018,95010,Saya Air Groove. Apakah Anda siap untuk berkomitmen pada perjalanan kami?
1018,70016,Ini adalah seragam impian Umamusume yang tak terhitung jumlahnya untuk dikenakan. Saya sekarang mengerti alasannya.
1018,70017,Rasanya halus sekali... Aku terus ingin menyentuhnya.
1018,71016,Ini adalah seragam impian Umamusume yang tak terhitung jumlahnya untuk dikenakan. Saya sekarang mengerti alasannya.
1018,71017,Rasanya halus sekali... Aku terus ingin menyentuhnya.
1018,95009,Aku bersumpah padamu—rahmat abadiku... dan kemuliaan yang tak tergoyahkan!
1018,40003,Aku bersumpah... untuk membawa pulang kemenangan.
1018,40004,Hmph. Jalan ke depan cerah. Saya akan menunjukkan masa depan yang glamor.
1018,30006,Bunyikan lonceng kemenangan!
1018,30007,Selangkah lebih dekat dengan cita-cita saya!
1018,400002,Terlepas dari bagaimana kita sampai di sini, saya harus memberikan segalanya. Saya akan berhasil dan mengklaim pakaian balap khas saya.
1018,400003,Saya pernah mengalami beberapa kecelakaan di masa lalu. Namun, mengatasi kesulitan dan berkembang sekali lagi adalah hal yang membuatku menjadi Permaisuri.
1018,400011,Ini adalah pakaian balap khas saya. Inikah cara Nona Kecantikan melihatku? Hehe. saya setuju.
1018,400014,Acara sekarang sudah selesai. Kecantikan Anshinzawa cukup berkarakter, bukan?
1018,70018,Luar biasa!
1018,70019,Saya akan menunjukkan kepada Anda bagaimana Permaisuri berlari!
1018,71018,Luar biasa!
1018,71019,Saya akan menunjukkan kepada Anda bagaimana Permaisuri berlari!
1018,81000,Jangan berpikir sedikit pun bahwa aku akan bersikap lunak padamu.
1018,81001,Oh, tidak buruk sama sekali. Tantang saya lagi, bukan?
1018,90020,Selamat Hari Valentine.
1018,90021,Selamat Hari Valentine.
1019,10000,Saat Anda bilang saya bisa berlari dua arah, saya merasa, Pelatih ini lebih keren—maksud saya, penggemarnya lebih besar dari yang saya kira!
1019,10001,Anda dan saya adalah tentara, bersiap untuk oshi kita di garis depan balap Uma!
1019,10002,Kita harus melakukan ziarah sederhana lainnya—tetapi sekarang giliran Anda yang memilih situs Uma mana yang akan kita kunjungi! Aku sangat penasaran siapa oshi-mu... Mwahaha! ♪
1019,10003,Selamat Tahun Baru—ya? Aku terdengar lelah? Tidak mungkin, aku sedang bersenang-senang dengan semua kejadian itu!
1019,10004,Ada Umas yang bertukar coklat di sekitarku! Terlalu banyak yang harus diterima—aku pasti sedang bermimpi... Hwaaaah!
1019,10005,Pelatih... Hari ini, kita harus menyatu dengan latar belakang! Cepat, makan coklat dan nyalakan listrik sebelum kita berangkat!
1019,10006,Tapi setahun sekali, para pembalap yang bernasib sial bertemu di trek. Dalam waktu singkat mereka berbagi, keduanya semakin tertarik satu sama lain... Ahsadhfh, kapal itu menulis sendiri!
1019,10007,Saya akan mengenali telinga yang anggun dan anggun itu di mana pun. Dan ekor keriting yang menggemaskan itu! Oh, topeng saja tidak cukup untuk membodohiku!
1019,10008,"Sepertinya aku menghabiskan liburan sendirian lagi," atau begitulah mereka mencoba mengabaikannya. Tapi mereka sebenarnya sangat ingin mendapatkan undangan!
1019,10009,Anda ingin pergi ke kota? Ada Umas pada tanggal liburan yang bisa kita semangati, dan saya tidak bisa memikirkan cara yang lebih baik untuk merayakan musim ini!
1019,10010,AKU MELAKUKANNYA! Doujinnya sudah selesai, aku siap ke pasaran, dan aku sudah menyelesaikan persiapan lombaku... Aaaahdjhsh, akhir tahun selalu sibuk sekali!
1019,10011,Selamat, selamat ulang tahun, selamat ulang tahun! Ayo, rayakan hari besarmu! Saya menonton ulang semua acara ulang tahun favorit saya untuk mendapatkan inspirasi!
1019,10012,Aku ingin menulis sesuatu yang dipersonalisasi untuk ulang tahunmu, jadi... Apa tag favoritmu?
1019,10013,FWAAH?! M-m-oshi-ku mengirimiku pesan?! ...O-oh, b-benar! Saya mengisi tanggal lahir saya ketika saya mendaftar ke fanclub...
1019,10014,Hah, a-apa yang kuinginkan untuk ulang tahunku?! Um, jika saya meminjamkan Anda salah satu buku favorit saya, maukah Anda membicarakannya dengan saya?
1019,10015,Ada pemberitahuan baru yang perlu diperiksa. Bagaimana jika... Bagaimana jika mereka akhirnya mengisi kembali merchandise favoritku?!
1019,10016,Kami punya hadiah! Aku yakin itu adalah merchandise Umamusume yang aku pesan!
1019,10017,Anda menyelesaikan misi! Tidak mengherankan, untuk seorang simp Uma sepertimu!
1019,10018,Akan ada acara sebentar lagi?! Aku harus bersiap-siap... Aku butuh kipas angin dan lightstick...
1019,10019,Ada acara yang sedang berlangsung! Ambil perlengkapanmu dan mari langsung ke simping!
1019,20000,Kerja keras Simping. aku butuh istirahat...
1019,20001,Aku tidak bisa membiarkan Umas tercinta melihatku berantakan!
1019,20002,Kekuatan moenya luar biasa! Saya merasa sangat hidup!
1019,20003,Ada Umas di sini! Dan di sana! Dan di sana! Aaasdgahd, aku tidak bisa! Melihat mereka saja membuatku merasa bisa melakukan apa saja!
1019,20004,Saya tidak percaya saya berlatih di fasilitas yang sama dengan favorit saya... Saya tidak dapat mempermalukan situs suci ini!
1019,20005,Beri aku rencananya, Pelatih! Saya siap untuk apa pun yang Anda punya!
1019,20006,Baiklah, mari kita kumpulkan karma baik!
1019,20007,Jika kita ingin sederhana, kita harus menyelesaikan urusan kita terlebih dahulu! Ayo, tidak ada satu menit pun yang terbuang sia-sia!
1019,20008,Aku hanya tidak terlalu merasakannya hari ini... Aku lebih suka menonton yang lain, tahu?
1019,20009,Wowwie... Oh, maaf. Saya baru saja menonton Umamusume di sana...
1019,20010,Ah... Aku bisa melihat jejak kaki seseorang. Saya bisa duduk di sini mengagumi mereka selamanya...
1019,20011,Jika saya mati, saya harap saya terlahir kembali sebagai petani wortel...
1019,20021,Aku selalu senang berlari dengan oshi-ku, tapi... Aku tidak ingin memaksakan keberuntunganku dan menghalangi mereka...
1019,20022,Apakah kamu yakin tentang ini? Saya pikir saya hanya akan menghalangi jika saya balapan dalam kondisi ini...
1019,20023,Saya tidak percaya akhirnya ada di sini! Ayo, kita tidak boleh melewatkan sedetik pun Umas tercinta!
1019,20024,<i>Buang napas... Tarik napas...</i>\nAku tidak boleh membiarkan diriku <i>terlalu</i> bersemangat, tahu? Kakiku bisa lemas kapan saja!
1019,20025,Saya <i>sangat</i> siap untuk ini! Aku bahkan sudah menyiapkan penggemar dan lightstickku untuk konser pemenang!
1019,20026,Kebaikan ilahi Uma apa yang akan saya lihat hari ini? Mwahaha, saya tidak sabar untuk segera masuk ke trek. ♪
1019,20027,Aku akan berlari dengan sepenuh hati dan jiwaku! Oshi-ku akan bekerja sekuat tenaga, jadi aku harus bertarung sebaik mungkin!
1019,20028,Apakah kameranya siap digunakan? Pastikan untuk mengambil gambar pemandangan yang bagus dari tribun!
1019,20029,Jaga kebersihannya, ikuti aturannya, dan tetap di jalur saya! Digitan—siap untuk disederhanakan!
1019,20030,Saya sangat tenang. Tidak sopan jika saya tidak memberikan perhatian penuh pada balapan!
1019,20031,Anda harus memberi tahu saya bagaimana tampilan balapan dari tribun, oke? ♪
1019,20032,Begitu saya mengikuti kursus, saya yakin kelebihan moe akan membuat saya bersemangat!
1019,20033,Kuharap aku bisa menonton yang ini dari tribun... Oh, tidak, uh... Kamu tidak mendengar apa pun!
1019,20034,...Lihat semua nama di daftar entri. Bukankah kamu hanya ingin melihatnya selamanya?
1019,20035,Gwaaaasdgfh! Dokter, saya butuh beberapa foto Uma yang lucu, stat!
1019,20036,Aku harus menenangkan diri! Aku tidak mungkin mencemari tempat suci ini dengan tindakan yang ceroboh!
1019,20037,Ini hanyalah sebuah rintangan kecil jika dibandingkan dengan cintaku yang tak terbatas pada Umas! Saya bisa melakukan ini!
1019,20038,Ini dia!
1019,20039,Ayo lakukan ini!
1019,20040,Dengan senang hati!
1019,20041,Serahkan padaku!
1019,20042,Aduh...
1019,20043,Maaf...
1019,20046,Ayo pergi!
1019,20047,Kedengarannya bagus! ♪
1019,20049,Saya merasa saya lebih memahami favorit saya sekarang!
1019,20050,Terima kasih untuk semuanya!
1019,30000,Kami hampir memenangkannya!
1019,30001,Saya mendapatkan pemandangan akhir yang sangat indah!
1019,30002,Saya ingin melihat balapan dari sudut yang lebih baik dari ini!
1019,30003,Maksudku, aku tidak <i>tidak suka</i> memperhatikan punggung mereka sepanjang waktu... tapi...
1019,60000,Sudah hampir waktunya untuk konser! Anda tahu apa artinya ini, semuanya? Saatnya menunjukkan semangat kita kepada para Umas!
1019,60001,Aku akan menyerahkan lightstickku padamu. Pastikan kamu banyak bersorak di tempatku!
1019,70001,Saat aku pertama kali bertemu denganmu, aku tahu itu memang memang seharusnya terjadi—aku <i>tahu</i> kamu adalah seorang Uma simp seperti aku!
1019,90000,Selamat pagi! Ini adalah hari yang sempurna untuk berterima kasih kepada idola kita!
1019,90001,Saya memastikan saya sudah bangun dan keluar dari kamar sebelum Tachyon bangun. Aku tidak ingin mengganggu rutinitas pagi seorang oshi!
1019,90002,Halo halo! Sungguh hari yang menyenangkan untuk mengagumi Umamusume... ♪ Ayo berkreasi seperti bunga dinding dan langsung ke simping!
1019,90003,Oooh! Aku yakin kantin saat ini penuh dengan Umas... Mau mengintip?
1019,90004,Sepertinya malam sudah tiba... Tapi kami para otaku baru saja memulai!
1019,90005,Ada banyak hal yang bisa dilakukan dalam sehari. Saya harus memeriksa feed saya, menonton klip balapan baru, memperbarui fanfi saya—ahem... Kau tahu, melakukan hal-hal penggemar!
1019,90006,Musim semi adalah musim... coba tebak—Umamusume! Sebentar lagi "teman" Uma akan dengan lembut membelai rambutnya untuk menyibakkan kelopak... dan memukulnya dengan momen "Oh..." yang dicetak miring klasik!
1019,90007,Musim panas adalah musim Umamusume! Menawarkan untuk berbagi botol air, dan kemudian terlambat menyadari... apakah itu berarti mereka hanya tahu-tahu-apa?!
1019,90008,Tidak ada yang mengatakan "musim gugur" seperti Umamusume! Saat matahari terbenam, dia menoleh ke arah yang lain—dan senyumannya terlihat begitu hangat dalam cahaya kuning yang lembut... Pada saat itu, tidak ada hal lain yang penting!
1019,90009,Musim dingin selalu membuatku teringat pada Umamusume! Meskipun ini disebut musim perpisahan, keduanya berjanji tidak akan pernah meninggalkan satu sama lain... Dan kemudian hubungan mereka semakin berkembang!!!1!!1!
1019,91000,Kapanpun aku menonton Falco tampil, dia selalu melambai ke arahku sambil tersenyum lebar. Apakah dia—apakah dia benar-benar malaikat?
1019,91001,Pekerjaan ayah saya memudahkan saya mendapatkan semua bahan bacaan yang saya inginkan. Tentu saja secara sah!
1019,91002,Opera O baru saja meraih tangan Doto dan mulai membimbingnya ke lapangan! I-i-menonton ini secara gratis seharusnya ilegal!
1019,91003,Anda tahu cara bagus untuk menyatu dengan latar belakang? Aku sudah berusaha mengagumi favoritku, tapi menurutku pengintaianku mengalihkan perhatiannya...
1019,91004,Gyaaah?! Perlu waktu lima belas menit untuk mentransfer jalur? Saya tidak akan tiba di acara kedua tepat waktu kecuali saya berangkat lebih awal dari acara pertama! Kenapa jadwal keretanya seperti ini?!
1019,91005,Hwaaah! Ini adalah pakaian balap yang sama yang pernah dipakai oshi-ku... Aku akan sangat berhati-hati agar tidak kotor!
1019,91006,Aku bisa menonton oshi-ku dari panggung?! Serius, bagaimana ini bisa nyata???
1019,91007,Bagaimana tampilannya? Aku benar-benar memikirkan banyak hal dalam desainnya, jadi tidak akan merusak pandangan penggemar lain jika aku berlari mendekati oshi mereka!
1019,91008,Saya selalu menyukai mode seperti ini! Hanya, um, tolong jangan melihatku seperti itu...
1019,91009,Mustahil. Mereka berdua baru saja berjalan ke sini bersama-sama dari asrama yang sama! Apakah itu berarti... mereka <i>teman sekamar?!</i>
1019,91010,Lihatlah Urara mengisi pipi tupai kecilnya yang menggemaskan dengan roti wortel... Aku bisa mengawasinya selamanya... Aku suka Urara...
1019,91011,Saat ini baru saja memperbarui Umasta-nya?! Oh Tidaaak, bagaimana aku harus menangani semua foto ini aasdhk dia terlalu manis aku tidak bisa!
1019,91012,Mwehehe! ♪ Ada banyak balapan besar yang akan datang... dan aku tidak melewatkan satu pun!
1019,91013,Jadi ada masalah besar yang akan terjadi, dan aku bisa berbelanja... Seberapa percaya diri kamu dengan staminamu? Dan bagaimana kabarmu dengan panas?
1019,91014,Saya suka menonton balapan berperingkat besar, tentu saja, tetapi ada juga sesuatu yang ajaib tentang debutnya. Saya ingin tahu pembalap seperti apa yang akan kita lihat tahun ini!
1019,91015,Tunggu! L-lihat—lihat garis f-fuzzy pada penghangat telinga Uma itu... Ahhdsjh lantai itu... Oh tidak, dia <i>menggemaskan!</i> Aku naik...
1019,92000,Baiklah, saya siap untuk apa pun! Katakan saja dan saya akan memberikan semua yang saya punya!
1019,92001,Jadi pertama, aku akan mengikutinya... dan kemudian dia... Mwehehe, aku bisa melihat semuanya di mata batinku!
1019,92002,Aaaaasajdk, sungguh hari yang diberkati menjadi seorang simp.
1019,92003,Semakin aku memikirkan berapa banyak Umamusume yang telah berlari di trek ini... Aku jadi sangat bersemangat!
1019,92011,Hwaaasadhkah! Lihatlah semua Umas yang mengenakan pakaian renang! Hari yang luar biasa untuk hidup...
1019,92005,Seorang filsuf bijak pernah berkata... esensi cinta yang sebenarnya tidak terletak pada dicintai, tapi pada perasaan cinta terhadap orang lain.
1019,92006,Semakin Anda melihat ke atas, semakin tinggi tujuan Anda. Semakin keras Anda mendorong, semakin keras mereka menolak... Sama seperti karir balap kita, ya?
1019,92007,Seorang penggemar yang bijaksana pernah berkata, "Jika surga tidak ingin saya melakukan simping untuk beberapa Umas, mereka tidak akan memberi saya dua tangan." Tonton saja, saya akan simp untuk <i>semua</i> Umakind!
1019,93000,Anda adalah penguasa segala hal Umamusume!
1019,93001,Itu adalah serial yang sangat padat dan memuaskan!
1019,95000,Saya naik level!
1019,95001,Apapun untuk oshi-ku!
1019,95003,Oke! Agnes Digital—siap!
1019,95004,Aku akan mengikuti oshi-ku sampai ke ujung bumi! Saya akan berlari di tanah, rumput—di mana saja!
1019,1008,Saya menantikan ini!
1019,1045,Ini adalah surga Umamusume...
1019,1046,Aaahadjk, sangat mempesona!
1019,1069,Saya akan memeriksa setiap inci terakhir!
1019,1000,Aku akan memberimu tur akbar!
1019,1001,Segala puji bagi Umakind!
1019,1003,Kamu benar-benar hebat!
1019,1002,Itu cukup adil...
1019,1004,Apakah kamu <i>melihat</i> bagaimana mereka berlari?!
1019,1007,Itu yang terbaik baru!
1019,1006,Kamu benar-benar hebat!
1019,1005,Itu cukup adil...
1019,40000,Sempurna! Berharga! Ratuku!
1019,40001,Ooh! Ahhh! Saya mencintainya! Dan dia! Ya ampun, aku sangat mencintai Umas! Indra fangirlku jadi <i>gila!</i>
1019,30004,Eeeek, aku sangat diberkati!
1019,30005,Hatiku penuh sekali!
1019,31000,Ayo lakukan ini!
1019,13,Inilah bonus login Anda hari ini!
1019,15,Lihat apa yang terjadi selanjutnya! ♪
1019,110000,Ada pelatihan yang harus dilakukan? Ayo!
1019,110001,Mwehehe! Lihat saja semua pengetahuan Uma!
1019,110002,Memasuki beberapa balapan? Anda tidak pernah merasa cukup, ya? ♪
1019,10021,Anda menaikkan level Arsip?! Kamu yang terbaik!
1019,20051,...Aku mendapat tiket gratis untuk berlatih dengan oshi-ku?
1019,70000,Anda harus bekerja keras untuk bersinar!
1019,95005,Saya akan mengikuti Anda sampai ke ujung internet!
1019,95006,Saya akan memberikan layanan terbaik yang bisa ditawarkan simp!
1019,120000,Mwaaaagh?! Aku bisa melihat oshi-ku—aku bisa merasakannya di hatiku!
1019,140000,Aku mengincar Umas itu!
1019,140001,Datanglah ke Digital!
1019,140002,Ahhh...
1019,140003,Saya di surga!
1019,140004,Senyuman ini... Aku akan melindunginya dengan nyawaku!
1019,140005,Lain kali! Kami pasti akan mendapatkannya lain kali!
1019,140006,Saya di surga!
1019,140007,Senyuman ini... Aku akan melindunginya dengan nyawaku!
1019,140008,Ehehe!
1019,140009,hehe!
1019,140010,Aku penasaran!
1019,140011,Wah!
1019,140014,Mustahil...
1019,140015,Oooh!
1019,140016,Pelatih!
1019,140012,Terima kasih banyak!
1019,140013,Wow!
1019,140017,<i>Penderitaan...</i>
1019,140018,Asadjkhk...
1019,70004,Lihat ini—lihat! Pakaian suci surga di bumi!
1019,70010,...Menurutmu ini akan membantuku berbaur? Apakah aku terlihat seperti pelajar biasa?
1019,70008,Pakaian balap impian saya... Anda tidak tahu berapa banyak fic yang saya tulis tentang Umas yang mengalami momen ini, dan sekarang hal itu terjadi pada saya!
1019,70014,Ada sedikit detail tersembunyi di mana-mana! Setiap inci terakhir dirancang secara ahli untuk menghadirkan yang terbaik dari Umamusume!
1019,70009,Saya selalu membayangkan bagaimana rasanya menjadi seorang pembalap... jadi saya menyalurkan semua fantasi itu ke dalam pakaian ini!
1019,70015,Lihat, aku habis-habisan menyiapkan pakaian balap ini sesuai seleraku! ...Tapi agak memalukan sekarang karena aku benar-benar memakainya.
1019,71004,Lihat ini—lihat! Pakaian suci surga di bumi!
1019,71010,...Menurutmu ini akan membantuku berbaur? Apakah aku terlihat seperti pelajar biasa?
1019,71008,Pakaian balap impian saya... Anda tidak tahu berapa banyak fic yang saya tulis tentang Umas yang mengalami momen ini, dan sekarang hal itu terjadi pada saya!
1019,71014,Ada sedikit detail tersembunyi di mana-mana! Setiap inci terakhir dirancang secara ahli untuk menghadirkan yang terbaik dari Umamusume!
1019,71009,Saya selalu membayangkan bagaimana rasanya menjadi seorang pembalap... jadi saya menyalurkan semua fantasi itu ke dalam pakaian ini!
1019,71015,Lihat, aku habis-habisan menyiapkan pakaian balap ini sesuai seleraku! ...Tapi agak memalukan sekarang karena aku benar-benar memakainya.
1019,70018,Digitan, siap berangkat! ☆
1019,70019,Aku tidak akan kalah—bahkan dari Umas tercinta!
1019,71018,Digitan, siap berangkat! ☆
1019,71019,Aku tidak akan kalah—bahkan dari Umas tercinta!
1019,2030,Aku akan memberimu tur akbar!
1019,2031,Saya menantikan ini!
1019,2032,Terima kasih untuk semuanya!
1019,2033,Apakah kameranya siap digunakan? Pastikan untuk mengambil gambar pemandangan yang bagus dari tribun!
1019,2034,Saya <i>sangat</i> siap untuk ini! Aku bahkan sudah menyiapkan penggemar dan lightstickku untuk konser pemenang!
1019,2035,Terima kasih untuk semuanya!
1019,81000,Tolong jangan terlalu keras padaku!
1019,81001,Ini luar biasa! Ayo, tunjukkan semua yang kamu punya!
1019,90020,Selamat Hari Valentine!
1020,10000,Jika kita ingin memancing, kita tidak perlu membuang waktu untuk mencari ikan kecil. Semakin besar hasil tangkapannya, semakin menyenangkan.
1020,10001,Aww, aku akan membunuh untuk jalan-jalan seharian, kau tahu. Apa? Aku tidak akan melakukan apa pun... Apapun yang buruk, itu saja.
1020,10002,Oh, tingkat ikatan kita sudah... <i>Da-da-da... BZZT!</i> Terlalu sayang. Sepertinya itu tidak akan naik dengan mudah.
1020,10003,Selamat tahun baru. Ini satu lagi yang bagus... Hei, kapan kita bisa mempelajari hal-hal yang dimulai dengan "f" dan diakhiri dengan "ood"?
1020,10004,Oh, ini sudah hari Valentine? Saya tidak punya coklat, tapi bagaimana dengan ikan yang saya tangkap? Aku akan memberikannya padamu nanti.
1020,10005,Kau tahu, sebenarnya aku membuatkanmu coklat. Hehehe. Oh, apa yang harus dilakukan?
1020,10006,Menuliskan keinginanmu saja tidak akan mewujudkannya! Itu sebabnya... Hai Pelatih! Saya sangat menyukai pancing baru!
1020,10007,Mohon suguhannya! Hah? Aku tidak akan melakukan trik apa pun. Itu terlalu banyak pekerjaan.
1020,10008,Saya berada pada usia di mana saya tidak terlalu peduli jika Sinterklas berkunjung, tetapi saya tentu saja menginginkan hadiah. Mengedipkan mata.
1020,10009,Terkadang kamu terjebak dalam masalah masyarakat, jadi ayo bersantai dan berpesta! Aku sedang memikirkan ayam dan pizza. Tentu saja suguhanmu. hehe.
1020,10010,<I>Huh...</I> Aku benci membuat kartu Tahun Baru. Tapi ibuku tidak akan pernah membiarkanku mendengar ceritanya sampai akhir jika aku tidak mendengarnya. <I>Huh...</I>
1020,10011,Eh, hari ini hari apa? Haha, hanya bercanda! Aku pasti sudah menyiapkan sesuatu untuk ulang tahunmu. Setidaknya ada kata-kata baik.
1020,10012,Selamat ulang tahun untukmuuu! hehe. Saya baru saja keluar dan mengatakannya dengan jujur. Anda sangat bersemangat, bukan?
1020,10013,Kamu bisa memberiku hadiah ulang tahunku kapan saja! Saya menerima hadiah sepanjang tahun!
1020,10014,Heh, sekarang ini sesuatu. Aku senang kamu ingat hari ulang tahunku. Saya menghargainya.
1020,10015,Hei, hei, ada semacam pemberitahuan yang ditujukan padamu.
1020,10016,Sepertinya Anda mendapat sesuatu yang cukup bagus. Hei, keberatan membaginya denganku?
1020,10017,Selamat telah menyelesaikan misi itu. Lihat dirimu! Sungguh pekerja keras. Bagaimana kalau kamu mengerjakan pekerjaan rumahku sambil mengerjakannya?
1020,10018,Sepertinya akan ada acara sebentar lagi. Ingin tahu barang menyenangkan apa yang mereka punya?
1020,10019,Sebuah acara... Dengan kata lain, kesempatan untuk melihat kemampuan semua orang, bukan?
1020,20000,Ugh, badanku terasa berat sekali. Oh, aku tidak bercanda, oke? Aku sedang sangat serius saat ini.
1020,20001,Hei, Pelatih. Jangan berlebihan, kamu dengar?
1020,20002,Apapun strateginya, lari berarti harus mengeluarkan tenaga ya? Jadi mari kita selesaikan ini dengan cepat!
1020,20003,Ooh, ooh! Hei, Pelatih. Anda tahu apa yang ingin saya lakukan, bukan? Kalau begitu aku serahkan padamu!
1020,20004,Ah, baru saja menyelesaikan rutinitas pereganganku. Dengar, aku bekerja keras dengan caraku sendiri, oke?
1020,20005,Baiklah, saya rasa saya akan mengerahkan tenaga untuk itu.
1020,20006,Hai. Apa agenda hari ini?
1020,20007,Hrmmm, latihan ya? Baiklah, baiklah.
1020,20008,Pelatih, untuk saat ini, kenapa kita tidak pergi memancing saja?
1020,20009,Jangan lupa dengan siapa Anda berurusan di sini. Anda tidak bisa mengharapkan saya untuk berlatih keras, Anda tahu?
1020,20010,Kami benar-benar akan berlatih?
1020,20011,Tidaaak. Saya tidak bisa mengambil langkah lain. Bisakah kamu setidaknya memujiku karena telah mencapai sejauh ini?
1020,20021,Perlombaan, ya? Hmm. Tapi aku agak lelah.
1020,20022,Jika Anda menyuruh saya berlomba sepanjang waktu, bagaimana saya bisa membuat rencana? Ya, itulah yang akan saya katakan.
1020,20023,Hehe-heh-heh. Akan kutunjukkan padamu ambisi <I>langit</I>-ku yang setinggi langit!
1020,20024,Operasi "Lakukan yang terbaik, tapi jangan berlebihan!" siap berangkat. Mari kita berjuang untuk meraih kemenangan sambil sedikit lengah.
1020,20025,Persiapanku sudah selesai sejak lama. Ayo, kita tangkap yang besar!
1020,20026,Maksudku, tidak ada gunanya bagiku untuk terlalu bersemangat. Dengan kata lain, mari lakukan hal biasa. Hehehe.
1020,20027,Oke. Lebih baik aku bersiap untuk memulai balapan ya?
1020,20028,Ya, menurutku begitu... Jagalah ekspektasimu tetap rendah, oke?
1020,20029,Saatnya berlari santai.
1020,20030,Kehidupan yang moderat adalah hal yang tepat bagi saya.
1020,20031,Yah, setidaknya aku akan menembakkan tembakanku.
1020,20032,Saya tahu ada beberapa hal yang perlu saya perbaiki, namun itu tidak berarti saya akan memberikan kemenangan kepada lawan saya.
1020,20033,Aku tidak merasa kepanasan, tapi di saat-saat seperti inilah aku selalu menyiapkan beberapa trik.
1020,20034,Uwaaah, balapan lagi? Kurasa aku harus melakukannya, karena kita sudah di sini dan sebagainya.
1020,20035,Sudah terlambat untuk menyuruhku melakukan ini atau itu. Saya akan berlomba sesuai keinginan saya.
1020,20036,Astaga, persaingannya terlihat ketat! Tapi bukankah lucu jika aku mendapat tempat pertama?
1020,20037,Jika saya menang, itu kebetulan. Jika saya kalah, itu sudah diduga. Ya, kurang lebih seperti itulah kelanjutannya.
1020,20038,Oke.
1020,20039,Jika saya harus melakukannya.
1020,20040,Oke.
1020,20041,Belajar?!
1020,20042,Aduh Buyung...
1020,20043,<I>Yaaaaan...</I>
1020,20046,Mau keluar?
1020,20047,Itu lautan!
1020,20049,Merayu! Itu menyenangkan, Pelatih!
1020,20050,Mengingat ini aku, aku rasa aku sudah berusaha cukup keras, bukan begitu?
1020,30000,Bagus sekali, bagus sekali! ♪
1020,30001,Huh, kurasa aku bisa melakukannya jika aku mencobanya.
1020,30002,Itu lumayan, jika saya sendiri yang mengatakannya!
1020,30003,Ups, itu tidak bagus... Ahaha...
1020,60000,Merayu! Merayu! Di sinilah hal menjadi menarik!
1020,60001,Baiklah, lalu bagaimana dengan sebuah lagu?
1020,70001,Dahulu kala, ada seorang Umamusume dan pelatih pemulanya... Apa maksudmu kamu tidak membutuhkan cerita?
1020,90000,Pelatih, ini keajaiban! Lihat! Luar biasa bukan?! Saya datang ke sekolah!
1020,90001,Pagi. Mari kita santai saja hari ini.
1020,90002,<I>Huh...</I> Aku sudah bekerja keras pagi ini, jadi aku harus mengambil cuti sore ini... Apa maksudmu aku tidak bisa?! Ayo ayo!
1020,90003,Apa ini? Anda mengundang saya untuk tidur siang? Yah, aku akan dengan senang hati melakukannya! Nya-ha-ha!
1020,90004,Wow, bintangnya sudah keluar. Menurutku itu berarti sudah waktunya... memancing di malam hari! Ups. Sepertinya tidak.
1020,90005,Tidak ada yang mengalahkan menonton TV dengan secangkir teh yang nikmat. Saya tidak akan menukar ini dengan hal lain. Yah, mungkin pulang ke rumah akan menyenangkan...
1020,90006,Terkadang dalam hidup kita hanya perlu berhenti dan mencium bunga, tahu? Seperti besok misalnya... Ahem.
1020,90007,Hari-hari semakin panas. Saya ingin tahu apakah perpustakaannya buka? <I>Huh...</I> Mencari: tempat yang sejuk.
1020,90008,Ada begitu banyak dedaunan di tanah pada musim gugur! Mereka memang terlihat nyaman untuk tidur. Saya bisa tidur siang di mana saja. Hehe.
1020,90009,Brrr, <I>dingin sekali!</I> Aku akan hibernasi, jadi bangunkan aku saat musim semi tiba... Tolong? Tolong cantik?
1020,91000,Para pelatih pasti merasa kesulitan harus bekerja bersama kami setiap hari. Mungkin Anda harus mengambil cuti lebih banyak? hehe.
1020,91001,Saya merasa lelah bahkan melihat ponsel saya ketika saya memiliki lebih dari sepuluh pesan yang belum dibaca. ...Ahhh! Mereka masih datang!
1020,91002,Mengapa kita memulainya dari sebuah gerbang? Itu sangat sempit dan sempit karena alasan yang aneh. <i>Huh...</i>
1020,91003,Oh ya, jika kamu bertemu dengan King, bisakah kamu memberikan pesan ini padanya untukku? “Jangan buang waktumu untuk mencarinya.”
1020,91004,Jangan pernah membuat Grass marah. Saya akan mengatakannya lagi: Tidak pernah. Membuat. Rumput. Marah.
1020,91005,Tidak kusangka akan tiba saatnya aku mengenakan pakaian ini. Saya benar-benar terkejut. Anda benar-benar dapat melihat pusar saya...
1020,91006,Sebenarnya aku sedikit melonggarkan kerahnya. Anda bahkan tidak tahu, bukan? Bagus.
1020,91007,Wowie, mereka benar-benar mengizinkan saya memiliki pakaian balap khas saya sendiri. Bukankah itu berarti mereka... percaya padaku? Haha, aku sedang dalam masalah sekarang.
1020,91008,Saya ingin balapan dan pakaian saya santai. Itu gayaku.
1020,91009,Tidak peduli seberapa pagi aku bangun, El sudah berlari di lintasan. Saya tidak akan pernah bisa melakukan itu... Tidak mungkin, tidak bagaimana caranya.
1020,91010,Spe sungguh suka makan. ...Aku penasaran dimana dia menaruh semua makanan itu?
1020,91011,Tidak peduli berapa kali Flower mengomeliku agar tidur lebih awal, aku tidak mau mendengarkan. Saya memutuskan kapan saya tidur! Bam!
1020,91012,Aah, hari-hari akhirnya semakin hangat. Saya bisa bermalas-malasan di halaman selamanya. Dan maksudku... selamanya.
1020,91013,Berhati-hatilah agar tidak terkena sengatan panas di musim panas! Kita harus tetap di dalam dan bermalas-malasan!
1020,91014,Musim gugur adalah musim untuk menyantap saury Pasifik. Mereka cukup sulit ditangkap, tapi itu sepadan.
1020,91015,Oof, sekarang dingin sekali! Aku bisa bersantai dengan kucing yang hangat sekarang...
1020,92000,Jangan terburu-buru. Jangan menjadi tidak sabar. Mari berlayar dengan kecepatan kita sendiri.
1020,92001,Adakah yang mau mengikuti perlombaan ini untuk saya?
1020,92002,Baiklah. Saya kira saya akan mencoba sedikit!
1020,92003,Oh. Apakah kami seharusnya berlatih?
1020,92011,Oke oke. Saya akan memastikan untuk mengikuti pelatihan dengan serius.
1020,92005,Terkadang saya harus menginjak pedal gas. Di dalam mobil. Bercanda! Aku harus menunjukkan kepadamu bahwa terkadang aku bisa serius.
1020,92006,Pada akhirnya, saya hanya ingin membuat orang tertawa dan tersenyum dalam balapan saya. Nya-ha-ha.
1020,92007,Selama kaulah yang mengemudikan kapal ini, maka aku bisa santai saja mengetahui aku berada di tangan yang tepat.
1020,93000,Aku terkesan kamu membuatku berlatih sebanyak ini, dasar anjing licik!
1020,93001,Wow, sebenarnya aku ingin mencoba.
1020,95000,Apakah ini yang disebut masa pertumbuhan?
1020,95001,Anda tidak berpikir itu adalah segalanya bagi saya, bukan? Aku hanya tidak menunjukkannya.  ♪
1020,95003,Hei hei, itu temanmu Seiun Sky di sini!
1020,95004,Mengingat kalian semua ada di sini, kenapa kita tidak membuat kekacauan?
1020,1008,Sepertinya kita sudah bangun!
1020,1047,Lakukan yang terbaik, Raja!
1020,1048,Mari kita santai saja.
1020,1030,Tidaaaak!
1020,1036,Tentu, tentu.
1020,1108,Astaga, lemah.
1020,1000,Saya kira kita akan pergi.
1020,1001,Hore! ♪
1020,1003,Sepertinya memang begitu.
1020,1002,Ups.
1020,1004,Ooh, kita berhasil!
1020,1007,Kami memecahkan rekor!
1020,1006,Sepertinya memang begitu.
1020,1005,Ups.
1020,40000,Sudah waktunya! Sekarang!
1020,40001,Ahhh... Zzz... Hrk! Yang besar akhirnya menjadi milikku! Nya-ha! Mengerti!
1020,30004,Sungguh hasil yang menggembirakan—wah! Ha ha...
1020,30005,Itu tadi sorak-sorai, bukan? Suaranya lebih keras dari yang kukira.
1020,31000,Saatnya aku balapan, ya?
1020,13,Inilah bonus login hari ini.
1020,15,Anda akan mendapatkan ini besok.
1020,110000,Oh, pelatihan? Anda benar-benar bekerja keras, bukan?
1020,110001,Aku ingin tahu cerita seperti apa yang bisa kita nikmati?
1020,110002,Jadi kita ikut lomba?
1020,10021,Sepertinya Arsip Umamusume Anda naik level.
1020,20051,Hai. Ayo lakukan yang terbaik.
1020,70000,Mari kita santai saja.
1020,95005,Anda akan membuat saya membantu?
1020,95006,Wow. Apakah kamu akan mengandalkanku?
1020,120000,Ooooh?
1020,140000,Yuk, kita lihat apa yang bisa diperebutkan.
1020,140001,Punya satu!
1020,140002,Aduh…
1020,140003,Wow! Hasil tangkapan yang luar biasa!
1020,140004,Kamu melakukannya dengan baik! <I>Tepuk, tepuk, tepuk.</I>
1020,140005,...Yah, terkadang hal ini terjadi.
1020,140006,Wow! Hasil tangkapan yang luar biasa!
1020,140007,Kamu melakukannya dengan baik! <I>Tepuk, tepuk, tepuk.</I>
1020,140008,hehe.
1020,140009,hehe!
1020,140010,Tee-hee! ☆
1020,140011,Hore!
1020,140014,Aduh...
1020,140015,Mari kita lihat sekarang?
1020,140016,Apakah kita masih bermain?
1020,140012,Baru-ha-ha!
1020,140013,Oooh!
1020,140017,TIDAK...
1020,140018,Ah...
1020,70004,Saya tidak perlu memutuskan apa yang akan saya kenakan setiap pagi! Seragam keren!
1020,70010,Hah? Ini berada di jalur yang benar, bukan?
1020,70008,Aku harus mengadakan konser segera setelah aku menyelesaikan lomba... Hal ini sulit, kau tahu?
1020,70014,Apakah aku manis? Kamu bisa aja! ☆
1020,70009,Ini pakaian favoritku!
1020,70015,Karena saya mengikuti balapan G1, sebaiknya Anda mempersiapkan sesuatu <I>besar!</I>
1020,71004,Saya tidak perlu memutuskan apa yang akan saya kenakan setiap pagi! Seragam keren!
1020,71010,Hah? Ini berada di jalur yang benar, bukan?
1020,71008,Aku harus mengadakan konser segera setelah aku menyelesaikan lomba... Hal ini sulit, kau tahu?
1020,71014,Apakah aku manis? Kamu bisa aja! ☆
1020,71009,Ini pakaian favoritku!
1020,71015,Karena saya mengikuti balapan G1, sebaiknya Anda mempersiapkan sesuatu <I>besar!</I>
1020,2030,Saya kira kita akan pergi.
1020,2031,Sepertinya kita sudah bangun!
1020,2032,Merayu! Itu menyenangkan, Pelatih!
1020,2033,Ya, menurutku begitu... Jagalah ekspektasimu tetap rendah, oke?
1020,2034,Persiapanku sudah selesai sejak lama. Ayo, kita tangkap yang besar!
1020,2035,Merayu! Itu menyenangkan, Pelatih!
1020,90010,Tidakkah kamu bangga padaku karena sudah bersiap sepagi ini? Sekarang saat yang tepat untuk memberi penghargaan kepada saya, menurut saya.
1020,90011,Hei, Pelatih. Bagaimana kalau kita minum teh? Saya tidak meminta hanya untuk menghindari pelatihan, oke?
1020,90012,Aagh, leherku kaku sekali. Itu tidak akan mengendur. Sayang sekali. ☆
1020,90013,Bagaimana kalau kamu berdandan juga, dan kami mengubah tempat ini menjadi ruang dansa? Itu akan <i>benar-benar</i> mengejutkan semua orang, hehe.
1020,90014,Saya menunjuk Anda sebagai punggawa resmi Pangeran Sei. Buatlah persiapan untuk waktu relaksasi kerajaan saya. ♪
1020,90015,Saya terlihat dapat diandalkan, bukan? Kadang-kadang kamu harus meminta bantuanku... Psik.
1020,90016,Apa yang saya ingat tentang tahun ajaran baru... Upacara pembukaan selalu menyusahkan ketika saya masih kecil. Saya pikir saya hanya bersembunyi di ruang kelas yang kosong.
1020,90017,Aku sebenarnya memakai korset di bawah ini. Ini membantu saya mengisinya, seperti memasukkan handuk ke dalam jubah yukata... Tapi panas.
1020,90018,Bright terus berusaha membuatku memakai celana ketat putih... Menurutku dia sebenarnya <i>serius.</i>
1020,90019,Ketika saya mengeluh karena tidak memiliki mantel yang bagus, King pergi dan membelikannya untuk saya. Tapi bahkan aku tahu... itu mahal!
1020,91016,Oh, menurutmu pitaku terikat dengan baik? Yah, aku tidak melakukannya sendiri. Saya akan menyampaikan pujiannya.
1020,91017,Spe dan mereka terus macam-macam denganku, memanggilku "keren" atau apalah. Apa yang telah saya lakukan agar pantas menerima ini? Saya bisa menangis.
1020,91018,Fuji tidak ada di sini, kan? Dia terus-menerus memintaku untuk menari. ☆ Kamu harus menyembunyikanku jika dia datang.
1020,91019,Shakur punya harta karun berupa informasi di laptopnya. Aku ingin tahu apa yang dia inginkan untuk itu...
1020,91020,Harus mengikuti ritme satu-dua itu. ☆ Tapi aku tidak cocok untuk itu. Kita sebaiknya melakukan gaya bebas saja.
1020,91028,Rupanya aku sudah sangat dewasa sekarang, aku membuat orang gugup. Itu tidak akan berhasil sama sekali.
1020,91029,Poniku? Ohh, terkadang aku menariknya saat aku sedang berpikir. Pasti terjebak seperti itu.
1020,91021,<i>Menguap...</i> Ah, kuharap kamu tidak melihatnya. Itu adalah perilaku yang pantas untuk memalingkan muka, kau tahu. Atau mungkin seharusnya aku tidak menguap sejak awal? Teehee. ☆
1020,91022,Mau tahu trik makan dengan memakai sarung tangan? Mintalah orang lain memberi makan Anda! Jadi jika Anda tidak keberatan—aaah. ♪
1020,91023,Pelatih, ini sudah waktunya tidur. Aku bisa berdansa denganmu dalam mimpimu, oke?
1020,91024,Pesta dansa—Tracen sangat menyukai pesta dansa mewah ini. Lain kali... Aku akan berada di pinggir lapangan saja.
1020,91025,Apa yang dicarinya? Biar kutebak, menurutmu aku kepanasan. Saya ingin Anda tahu... itu benar sekali.
1020,91026,Saya belum pernah menyukai musik klasik sebelumnya, tapi enak didengarkan di bawah dedaunan yang berguguran. Yup, itu membuatku tertidur. ☆
1020,91027,Ya ampun, lututku terasa dingin! Hanya ada satu cara untuk menyelesaikan masalah ini—perampokan! Garpu mantelmu, ya?
1020,92015,Pergi ke suatu tempat? Saya akan dengan senang hati menemani Anda. Ke trek, katamu? Ehehe... biarkan aku memikirkan kembali ini.
1020,92016,Ah, apakah kamu hanya melihat kakiku? Garter kaus kaki ini sangat berguna, Anda tahu? Bagaimanapun, hukumanmu adalah sepuluh putaran di trek!
1020,92017,Bisakah saya menggunakan langkah waltz saat berlari? Tidak, itu tidak akan berhasil. Oh, tapi mungkin ritmenya bisa?
1020,92018,Menari di depan orang... Itu akan memberimu keberanian. Ahahaha...
1020,92020,Jadi, apa menunya hari ini? Ke mana pun kamu pergi, aku akan mengikuti.
1020,92021,"Aku mau istirahat."\nWah, kamu dengar itu? Teriakan minta tolong yang tidak bersalah...
1020,92022,Pelatih, Anda yang memimpin dan menjadikan saya sekuat mungkin. Saya akan menangani kemenangan setelah itu.
1020,93004,Terima kasih banyak. Itu menyenangkan.
1020,93005,Kita pasangan terbaik, bukan?
1020,95007,Aku bahkan mungkin lebih tinggi sekarang...
1020,95008,Bagaimana dengan lagu untuk dirayakan?
1020,95010,Seiun Sky, siap menemanimu.
1020,70016,Dengar, aku semua tertipu. ☆
1020,70017,Waktunya berfoto.
1020,71016,Dengar, aku semua tertipu. ☆
1020,71017,Waktunya berfoto.
1020,95009,Balapan atau menari, membosankan kalau sama-sama ya?
1020,40003,Izinkan saya untuk memotong!
1020,40004,Ini waktu istirahat—bukan! ☆ Saatnya TUNJUKKAN! ...Apakah aku menangkapmu?
1020,30006,Kemenangan ini untukmu... Aku bersungguh-sungguh.
1020,30007,Sorakan ini lebih keras dari yang kukira. Hanya sedikit.
1020,70018,Apakah kita masih bermain?
1020,70019,Saya tidak sabar untuk melihat apa yang terjadi!
1020,71018,Apakah kita masih bermain?
1020,71019,Saya tidak sabar untuk melihat apa yang terjadi!
1020,400001,Fuji ya... Rasanya setiap kali dia datang ke Miho, dia membuat masalah dan dimarahi oleh Hishiama.
1020,400010,Itu hanya sebuah tarian pameran, tapi... mungkin lain kali akan menjadi yang sebenarnya. Heh, bukannya aku serius.
1020,400014,Fiuh, kerja bagus di luar sana. Saatnya berhenti dan mencium bunga mawar sedikit, kataku.
1020,81000,Whaaa, kamu benar-benar ingin mengajakku? Pasti akan kalah—aku, maksudku.
1020,81001,Maaan, kamu benar-benar baik. Namun Anda harus tahu—saya tidak akan membiarkannya begitu saja dan kalah begitu saja. Itu bukan kesukaanku.
1020,90020,Selamat Hari Valentine.
1020,90021,Selamat Hari Valentine.
1021,10000,Mengincar langit itu penting, tapi jangan biarkan hal itu memakanmu. Pastikan Anda juga bersikap baik pada diri sendiri.
1021,10001,Aku tidak bisa... Ini masih terlalu aneh! Memperlakukan diriku sendiri terasa salah entah kenapa... Gaaah! Terkutuklah caraku yang pelit!
1021,10002,Aduh, aku benar-benar ingin makan pancake... Manis sekali dan empuk... Oh ya—aku mulai terdengar seperti Oguri!
1021,10003,Selamat tahun baru! Hei, hei, kamu mau lihat kuilnya? Saya yakin akan ada kios makanan dan permainan!
1021,10004,Lihat semua coklat ini! Saya sungguh diberkati dengan teman-teman yang baik. Membuatku merasa hangat dan tidak jelas di dalam.
1021,10005,Lihatlah, kue spesialku, penuh dengan nutrisi! Tidak banyak yang bisa dilihat, tapi rasanya enak! Sungguh, aku bersumpah!
1021,10006,Ayolah, aku hanya ingin menjadi sedikit lebih tinggi—WAH?! Apa yang kamu lakukan di sini?! K-kamu tidak melihat apa pun! TIDAK ADA!
1021,10007,Ya ampun, lihat semua labu ini... Kamu yakin aku tidak bisa ambil satu saja? Salah satu dari mereka memberi saya makan selama seminggu penuh.
1021,10008,Anak-anak anjing kecil di kampung halaman benar-benar menyukai chestnut panggang saat ini. Hehe, dengar mereka ngobrol, bikin <i>aku</i> jadi mau juga!
1021,10009,Liburan pasti berdampak pada orang-orang! Semua orang terlihat sangat gembira sepanjang waktu... Bahkan kamu tersenyum lebih dari biasanya!
1021,10010,Apakah kamu sudah membuat tempatmu bagus dan bersih? Ya yakin? Bahkan jika ada setitik pun debu, itu tidak masuk hitungan! Tidakkah kamu ingin awal yang benar-benar baru untuk tahun baru?!
1021,10011,Ayo ke kantin! Aku ingin mencoba membuatkanmu kue! Tidak dapat mengadakan pesta ulang tahun tanpa pesta!
1021,10012,Aku tidak punya uang untuk membelikanmu hadiah mewah... Tapi aku punya banyak waktu! Aku menghabiskan sepanjang hari di sisimu!
1021,10013,Mengingat ini hari ulang tahunku, aku berpikir inilah waktunya untuk menjadi lebih besar, dan—a-apa yang ditertawakan?! Aku sedang berbicara secara metaforis!
1021,10014,Hadiah?! Untukku?! Aduh, kamu seharusnya tidak melakukannya... tapi aku sangat 'menghargainya! Aku akan membayarmu kembali suatu hari nanti.
1021,10015,Hei, ada pemberitahuan untukmu! Lebih baik lihat!
1021,10016,Ada hadiah untukmu! Bicara tentang keberuntungan! Lebih baik ambil selagi bisa!
1021,10017,Bagus, semua misimu selesai! Sekarang kamu bisa bersantai dan bersantai. Mau permen?
1021,10018,Sepertinya ada acara yang akan diadakan! Sebaiknya kita mulai bersiap-siap. Tidak ingin terlambat!
1021,10019,Ada acara yang sedang berlangsung sekarang! Ya pikir kita mendapat sesuatu untuk berpartisipasi? Menurutku kita pergi memeriksanya!
1021,20000,Tidak bagus, aku terlalu lelah untuk bergerak... Beri aku waktu sebentar.
1021,20001,Aku mengerti... Ini adalah situasi "lakukan atau mati", tapi aku sangat lelah...
1021,20002,Anda ingin melihat keberanian?! Ya ingin melihat energi?! Yah, aku punya keduanya!
1021,20003,Sekarang inilah yang saya sebut energi! Biar saya tunjukkan mengapa mereka memanggil saya White Lightning!
1021,20004,Aku akan memberi mereka salah satunya, lalu beberapa lagi, dan salah! Kemenangan ada di tas.
1021,20005,Ya tahu, aku merasa cukup baik hari ini. Ayo, lakukan yang terburuk! Saya bisa menerimanya!
1021,20006,Siap? Saya <i>lahir</i> siap!
1021,20007,aku berangkat! Coba saja dan ikuti terus, ya?
1021,20008,Aku merasa agak... tidak enak. Apa yang salah denganku?
1021,20009,Ada yang tidak beres... Aku tahu seharusnya aku melompat ke dinding dengan semangat, tapi aku hanya... tidak.
1021,20010,J-jangan khawatir... Aku yakin aku akan melewati ini dengan sedikit nyali...
1021,20011,Anda tidak seharusnya memakan rumput di rumput, bukan?
1021,20021,Balapan lain? Lagi? Kamu tahu ini tidak akan berakhir dengan baik, kan?
1021,20022,Saya rasa saya tidak bisa menangani semua balapan ini... Anda pikir Anda bisa merevisi jadwalnya?
1021,20023,Baiklah, waktunya untuk pertarungan besar! Saya tidak sabar untuk melihat pembalap seperti apa yang akan saya ikuti!
1021,20024,Maaan, sekarang ini yang saya sebut kondisi sempurna! Saya mungkin menyelesaikan balapan ini secepat kilat! Bwaahahaha!
1021,20025,Besar atau kecil, aku akan mengalahkan semua pembalap ini! Akan kutunjukkan pada mereka bagaimana rasanya menghadapi White Lightning!
1021,20026,Astaga, apakah aku merasa baik! Saya akan memperbesar kursus itu dan merebut emasnya!
1021,20027,Saya pembalap yang benar-benar berbeda hari ini! Aku seperti semangkuk kaldu ikan, penuh dengan—ya? Apa yang sedang aku bicarakan? Ahahaha!
1021,20028,Biar kutunjukkan lariku yang secepat kilat!
1021,20029,Baiklah, aku bangun! Sampai jumpa di lingkaran pemenang!
1021,20030,Saya tidak peduli <i>siapa</i> yang saya lawan, saya akan kalahkan mereka habis-habisan!
1021,20031,Jagalah agar mata itu tetap terbuka. Tidak ingin melewatkan satu detik pun kemenanganku, ya?
1021,20032,Saya tidak akan mengatakan saya dalam kondisi 100%, tapi... Saya yakin saya akan baik-baik saja... mungkin.
1021,20033,Ya, Anda tidak akan pernah tahu kecuali Anda mencobanya, bukan? Tidak ingin berhenti sejak awal!
1021,20034,Ah ya ampun, kenapa semuanya membuatku merasa tidak enak hari ini? Seperti bentuk awan... Heck, bahkan semut di tanah.
1021,20035,Jangan khawatir, aku yakin semuanya akan baik-baik saja... Coba pikirkan anak-anak di rumah...
1021,20036,Aku tidak boleh kalah di sini... Hanya harus tersenyum dan menanggungnya...
1021,20037,Tenangkan dirimu... Tarik napas dalam-dalam, tarik napas dalam-dalam...
1021,20038,Ini dia!
1021,20039,Siap?
1021,20040,Oh ya!
1021,20041,Itu saja!
1021,20042,Sekarang saya sudah melakukannya...
1021,20043,Sial...
1021,20046,Ayo pergi!
1021,20047,Laut! ♪
1021,20049,Aku tidak sabar untuk melihat raut wajah saudara-saudaraku!
1021,20050,Itu sangat menyenangkan! Terima kasih untuk semuanya!
1021,30000,Sedikit lagi dan aku akan menang!
1021,30001,Eh, bisa jadi lebih buruk!
1021,30002,Yah, itu tidak berjalan sesuai rencana...
1021,30003,Selesai, kembali ke jalur latihan!
1021,60000,Aku akan mengusir orang banyak!
1021,60001,Pastikan aku bisa mendengar sorakanmu, ya?!
1021,70001,Maaf aku brengsek saat pertama kali kita bertemu... Aku sungguh senang kamu mendekatiku saat itu!
1021,90000,Pagi! Ayo, kita mulai hari ini dengan bersenang-senang, semangat!
1021,90001,Dengar, aku senang kamu memberiku sarapan dan sebagainya... tapi apakah kamu harus mengambil <i>natto?!</i> Benda itu sangat... berlendir...
1021,90002,Bagaimana kabarmu? Sudah makan siang belum? Kalau begitu sebaiknya kamu segera bergerak, atau kamu akan berubah menjadi sapi! Setidaknya, itulah yang mereka katakan! Ahahaha!
1021,90003,Pernahkah kamu melihat seberapa banyak Oguri makan <i>untuk makan siang?</i> Urgh... Memikirkannya saja sudah membuat perutku mual...
1021,90004,<i>Menguap...</i> Kamu pasti bangun terlambat... Terserahlah, sepertinya aku akan tetap di sini juga. <i>Menguap...</i>
1021,90005,Aku terbiasa bangun larut malam. Anak-anak kecil di kampung halaman selalu menangis dan mengendus-endus tentang satu atau lain hal!
1021,90006,Saatnya untuk pemeriksaan ketinggian lagi... Selama aku mengalahkan Inari, aku akan baik-baik saja! Saya mungkin orang yang suka mencicit, tapi saya tetap punya harga diri!
1021,90007,Asrama dan gedung sekolah selalu memiliki AC yang menyala. Berapa tagihan listrik mereka? Mereka membuatku gugup.
1021,90008,Saya biasa berkeliling mengumpulkan kacang gingko. Sekarang setiap kali saya melihat pohon, saya ingin mengambilnya—siapa yang saya bercanda? Saya masih mengambil banyak dari mereka.
1021,90009,Kami punya meja kotatsu di rumah, tapi kami tidak mampu memasangnya. Berada di bawah selimut bersama seluruh keluarga membuat kami tetap hangat!
1021,91000,Ada yang tidak beres dengan kantong Creek... Sumpah, dia <i>selalu</i> punya permen di dalamnya! Ini membuatku takut!
1021,91001,Kata-kata bijakku tidak lagi populer seperti dulu... Tapi itu karena semua orang di sini sangat <i>konyol!</i> Aku tidak bisa mengikutinya!
1021,91002,Kota itu adalah sesuatu yang lain. Saat aku menanyakan tips fashion, dia memberiku tempat yang modis <i>dan</i> murah. <i>itu</i> ahlinya.
1021,91003,Apa yang sedang dilakukan Bamboo dan Bakushin O?! Haruskah saya bertanya? Mungkin sebaiknya aku tidak... Haaah!
1021,91004,Aku suka tinggal di asrama. Selalu ada <i>seseorang</i> di sekitar <i>suatu tempat.</i> Seperti di rumah.
1021,91005,Apa yang kamu pikirkan? Ya, aku terlihat seperti orang dewasa sejati, bahkan pada ketinggian ini—tunggu, apa yang baru saja kamu katakan?!
1021,91006,Nuansa kain ini membuatku berpikir ini adalah pakaian yang mewah. Itu... membuatku sedikit gugup, aku tidak akan berbohong.
1021,91007,Pakaian ini benar-benar meneriakkan "Petir Putih!" Maaan, aku hanya bisa membayangkan wajah ayahku yang tersenyum. Sebaiknya aku tidak mengecewakannya!
1021,91008,Keren, bukan? Bukankah aku terlihat cepat?! Jangan khawatir, saya akan menunjukkan betapa cepatnya saya!
1021,91009,Aku terus mendengar suara aneh pagi ini. Saat aku akhirnya menemukan sumbernya, itu adalah Sirius yang sedang menendang-nendang di gym... Memangnya dia berencana menendangnya?!
1021,91010,Bagian terbaik dari hari libur adalah menonton pertunjukan itu. Anda tahu, yang pengambilan gambarnya di Osaka... Yang itu!
1021,91011,Mungkin aku harus menghubungi orang tuaku. Mereka cenderung berlebihan dalam urusan pekerjaan dan sebagainya... Kurasa aku hanya khawatir, itu saja.
1021,91012,Ya tahu, sakura mochi sangat aneh di sini. Kenapa lontongnya tipis sekali? Bagaimana caranya agar Anda bisa puas dengan hal itu?
1021,91013,Anda pernah mendengar tentang <i>hiyashi ame?</i> Ini adalah minuman yang kami buat di Osaka dengan cita rasa yang khas. Tapi begitu Anda mendalaminya, Anda pasti menginginkannya setiap musim panas!
1021,91014,Saya suka mie udon panas <i>dan</i> dingin... Bagaimana saya harus memilih?!
1021,91015,Ingin tahu trikku agar tetap hangat di musim dingin? Yah... aku tidak akan kedinginan jika kamu tidak pernah berhenti berlari! Bwaahahaha!
1021,92000,Ayo, kita mulai! Kita tidak punya waktu untuk disia-siakan!
1021,92001,Saya mengandalkan Anda untuk memberikan pola latihan yang baik!\n...Yah, sepertinya tidak ada orang lain yang membuatkan saya pola latihan!
1021,92002,Salah satu sekolah hebat di Tracen Academy. Pernahkah Anda melihat betapa bertumpuknya tempat ini? Aku hanya tahu mereka akan menjadikanku bintang!
1021,92003,Baiklah, Pelatih, jadikan saya pemenang. Aku harus membuat adik dan adikku bangga!
1021,92011,Kita bisa berlatih <i>dan</i> menikmati pantai di saat yang bersamaan! Saya <i>suka</i> kamp pelatihan musim panas!
1021,92005,Setelah kita selesai, aku harus berbelanja kelontong... Supermarket itu pasti sedang ada diskon hari ini, kan... Ah, maaf, bicara sendiri saja.
1021,92006,Dalam hal pertumbuhan, saya memiliki semua potensi yang ada di dunia! Ayo, bantu aku berkembang!
1021,92007,Anda punya seseorang yang ingin Anda tunjukkan kerja keras Anda? Jika ya, beri tahu saya dan saya akan membantu Anda!
1021,93000,Anda seorang pelatih yang cukup dapat dipercaya, Anda tahu itu?
1021,93001,Sebentar lagi nama Petir Putih akan menembus langit!
1021,95000,Saya merasa jauh lebih besar... mungkin!
1021,95001,Anda belum melihat apa pun!
1021,95003,Hei, itu Tamamo Cross!
1021,95004,Berkedip dan kamu akan merindukanku! White Lightning ada di jalurnya!
1021,1008,Tangkap aku jika kamu bisa!
1021,1049,Ayo pergi, Oguri!
1021,1050,Benar-benar tenggelamkan gigimu!
1021,1020,Oh, serahkan ini padaku!
1021,1095,MENGAPA?!
1021,1000,Kami mendapat dis!
1021,1001,Baiklah!
1021,1003,...Apa pun!
1021,1002,Sial!
1021,1004,Itu yang aku bicarakan!
1021,1007,Kamu dengar itu?! Skor tinggi baru!
1021,1006,Itu akan berhasil!
1021,1005,Sial!
1021,40000,Sekarang ini secepat kilat!
1021,40001,Ayo berangkat, ayo berangkat! Biar saya tunjukkan mengapa mereka memanggil saya White Lightning!
1021,30004,Lihat itu?! Itulah yang kami sebut dengan semangat Naniwa!
1021,30005,Bagaimana kamu menyukainya?! Sekarang itulah yang saya sebut <i>grit!</i>
1021,31000,Baiklah, aku berangkat!
1021,13,Ini bonus login Anda!
1021,15,Dan inilah yang akan Anda dapatkan besok!
1021,110000,Ayo, kita berlatih! Aku tidak akan menjadi lebih kuat hanya dengan berdiri di sini!
1021,110001,Tahukah kamu, sekolah ini bisa menggunakan ringkasan sejarahnya! Sesuatu seperti "Akademi Tracen dalam Tiga Garis."
1021,110002,Oh, perlombaan, ya? Kedengarannya bagus! Saya akan memberikan semua yang saya punya!
1021,10021,Level Arsip Anda naik! Tidakkah kamu mendapat imbalan untuk itu?
1021,20051,Ah ya, ayo lakukan ini!
1021,70000,Serahkan padaku, Pelatih!
1021,95005,Hehe, jangan khawatir. Kamu ada di tanganku sekarang!
1021,95006,Kamu bisa mengandalkanku sebanyak yang kamu butuhkan!
1021,120000,Apa—bicara tentang energi! Saya merasa jauh lebih kuat!
1021,140000,Perhatikan hadiahnya!
1021,140001,Baiklah!
1021,140002,Ahhh!
1021,140003,Senang? Anda yakin!
1021,140004,Hei, lumayan!
1021,140005,...eh. Bukan masalah besar.
1021,140006,Senang? Anda yakin!
1021,140007,Hei, lumayan!
1021,140008,Apa yang—
1021,140009,Wah!
1021,140010,Ahahaha!
1021,140011,Mustahil!
1021,140014,Sangat dekat!
1021,140015,Hmm...
1021,140016,Ini dia!
1021,140012,Wah, kamu baik-baik saja!
1021,140013,Inilah kesempatan Anda!
1021,140017,Ah!
1021,140018,Aaaagh!
1021,70004,Seragam ini sungguh mewah... Ini akan menjadi pakaian terbaikku di rumah.
1021,70010,Mereka bilang kalau seragamku sudah usang, aku bisa menukarnya dengan yang baru secara gratis... Tracen berada di level yang lebih tinggi.
1021,70008,Maaan, memakai pakaian mewah membuat semua balapan ini berharga.
1021,70014,Ya tahu, pakaian ini ternyata sangat melar. Untung juga, kalau tidak menari akan sangat menyusahkan.
1021,70009,White Lightning ada di jalurnya!\nHehe, kedengarannya cukup keren di sana, bukan?
1021,70015,Pakaian balap ini adalah milikku dan milikku sendiri. Tidak ada orang lain yang bisa memakai ini... Dan bukan hanya karena ukurannya!
1021,71004,Seragam ini sungguh mewah... Ini akan menjadi pakaian terbaikku di rumah.
1021,71010,Mereka bilang kalau seragamku sudah usang, aku bisa menukarnya dengan yang baru secara gratis... Tracen berada di level yang lebih tinggi.
1021,71008,Maaan, memakai pakaian mewah membuat semua balapan ini berharga.
1021,71014,Ya tahu, pakaian ini ternyata sangat melar. Untung juga, kalau tidak menari akan sangat menyusahkan.
1021,71009,White Lightning ada di jalurnya!\nHehe, kedengarannya cukup keren di sana, bukan?
1021,71015,Pakaian balap ini adalah milikku dan milikku sendiri. Tidak ada orang lain yang bisa memakai ini... Dan bukan hanya karena ukurannya!
1021,2030,Ayo lakukan ini!
1021,2031,Tangkap aku jika kamu bisa!
1021,2032,Itu sangat menyenangkan! Terima kasih untuk semuanya!
1021,2033,Biar kutunjukkan lariku yang secepat kilat!
1021,2034,Besar atau kecil, aku akan mengalahkan semua pembalap ini! Akan kutunjukkan pada mereka bagaimana rasanya menghadapi White Lightning!
1021,2035,Itu sangat menyenangkan! Terima kasih untuk semuanya!
1021,70018,Dengan baik? Bagaimana penampilanku?
1021,70019,Baiklah, ayo kita lari!
1021,71018,Dengan baik? Bagaimana penampilanku?
1021,71019,Baiklah, ayo kita lari!
1021,400004,Wah, tahun ini aku sudah sibuk... Tapi hei, aku sudah terbiasa jadi kakak!
1021,400011,Aku ingin tahu apakah ini yang dirasakan ibuku saat mengirimku ke Tracen. Percaya saja bahwa aku akan memikirkan semuanya...
1021,90020,Selamat Hari Valentine!
1022,10000,Saat kau mendorongku untuk berlari... Aku membayangkan itu membutuhkan keberanian yang tidak sedikit. Namun, Anda tetap mengawasi saya meskipun ada risikonya.
1022,10001,Saat aku bersamamu... Aku merasa bisa pergi ke mana saja—semuanya dengan kedua kakiku sendiri! ♪
1022,10002,Rata-rata rutinitas sehari-hari, acara spesial yang datang dan pergi... Apa pun kesempatannya, Anda selalu ada di sini, membuat kenangan berharga bersama saya! ♪
1022,10003,Aku berharap tahun yang akan datang membuatmu baik-baik saja, dan aku hanya mendoakan yang terbaik untukmu dan sanak saudaramu... Oh, aku hanya menggodamu! Hehe, mari kita buat tahun ini menjadi tahun yang luar biasa! ♪
1022,10004,Saya meminta kepala koki saya untuk menyiapkan coklat spesial hanya untuk Anda! Saya yakin rasanya pasti sangat nikmat!
1022,10005,Aku akan memberimu coklat dan kartu Valentinemu nanti. Dan asal tahu saja, pesan di dalamnya adalah rahasia kami! ♪
1022,10006,Saya membuat beberapa hiasan kertas untuk digantung di samping slip permohonan! ♪ Aku tidak sabar untuk memamerkan keterampilan origami baruku kepada semua orang di kastil!
1022,10007,Dikatakan bahwa Halloween memiliki akar Celtic! ...Yang <i>akan</i> menjelaskan kostum-kostum tua menyeramkan yang disembunyikan di perbendaharaan keluarga.
1022,10008,Aku akan pergi ke pesta Santa Rahasia di asrama hari ini—seperti siswa pada umumnya! ♪ Aku sangat penasaran untuk melihat siapa yang akan menerima hadiahku!
1022,10009,Maaf—apakah Anda punya waktu luang malam ini? Jika Anda tidak keberatan, saya akan sangat menghargai seseorang yang membimbing saya berkeliling iluminasi musim dingin.
1022,10010,Tahukah Anda ada tradisi Irlandia yang meletakkan mistletoe di bawah bantal pada Malam Tahun Baru? Saya punya setangkai untuk Anda jika Anda menginginkannya!
1022,10011,Selamat ulang tahun! ♪ Aku sudah menyiapkan sesuatu untuk merayakan kesempatan ini... jadi nantikan hadiahmu!
1022,10012,Apakah Anda membaca surat undangan yang saya kirimkan kepada Anda? Aku sedang mengadakan pesta ulang tahun! Saya pasti akan membuat hari besar Anda berkesan! ♪
1022,10013,Saya menerima banyak hadiah dari teman-teman di rumah! Air Groove sangat terkejut dengan semua paket itu, dia seperti, "Jelaskan sendiri!"
1022,10014,Maukah kamu mengambil sedikit foto ulang tahun bersamaku? ♪ Mengingat aku menghabiskan hari jauh dari kastil, aku ingin mengirimkan foto semua kesenangan yang aku alami!
1022,10015,Oh? Sepertinya kita punya pemberitahuan untuk diperiksa! Mari kita mampir untuk mengintip sebelum hal itu terlintas dalam pikiran kita.
1022,10016,Sepertinya kita mendapat hadiah! ♪ Menerima parsel selalu menyenangkan, bukan?
1022,10017,Anda telah menyelesaikan misi! <i>Baik</i> bekerja di sana, Pelatih! Sangat <i>baik</i>! ♪
1022,10018,Sebentar lagi akan ada acara! Kita harus mempersiapkan diri agar semua orang dapat menikmati waktu semaksimal mungkin. ♪
1022,10019,Ada acara yang sedang berlangsung! ♪ Ayo kita mulai—lalu kita bisa bersantai sambil minum teh setelahnya!
1022,20000,Dikatakan bahwa kadang-kadang, obat terbaik adalah senyuman dan tidur malam yang nyenyak... Mungkin kita harus beristirahat dengan cukup.
1022,20001,Hmm... Aku tidak ingin mengkhawatirkan penjaga keamananku yang malang, jadi bisakah kita melakukannya perlahan-lahan hari ini?
1022,20002,Hm hm hmmm! ♪ Jari kakiku terasa sangat ringan! Mungkin ada peri yang berbagi sedikit keajaiban denganku!
1022,20003,Saya merasa sangat luar biasa hari ini! ...Sebenarnya, aku yakin itu karena semanggi berdaun empat yang kutemukan pagi ini. ♪
1022,20004,Saya sudah bermain sepak bola—tidak tunggu, latihan <i>sepak bola</i> untuk pemanasan, jadi saya siap untuk langsung berlatih! ♪
1022,20005,Dan itu adalah cleat saya yang semuanya dipercantik! Heheh, bersih sekali, bahkan leprechaun pun akan bangga. ♪
1022,20006,Saya menghargai Anda keluar hari ini. ♪ Sekarang, bisakah kita berlatih?
1022,20007,Halo. Bolehkah saya bertanya apa rencana pelatihan hari ini? Saya pasti akan mengeksekusinya sampai tuntas! ♪
1022,20008,Hmm... Bagaimana kalau kita berburu semanggi berdaun empat untuk mencari perubahan?
1022,20009,Wah... Aku harus segera bertindak. Saya mengajukan petisi untuk izin balapan karena suatu alasan.
1022,20010,<i>Huh...</i> Oh, mohon maaf! Bisakah kita melanjutkan pelatihan hari ini?
1022,20011,Saya tidak akan berbohong—semua pelatihan ini sangat melelahkan... tetapi ini adalah sarana yang diperlukan untuk mencapai tujuan saya. Biarkan kami melanjutkan sesuai keinginan Anda!
1022,20021,Oh, apakah kita akan memasuki perlombaan lain? ...Saya akan melakukan apa yang saya bisa, Pelatih.
1022,20022,Mungkin sedikit lebih menahan diri akan lebih bijaksana. Terlalu terjebak pada saat ini, dan Anda berisiko kehilangan pandangan akan masa depan.
1022,20023,hehe! Saya mendapat pesan keberuntungan dari semua orang di rumah pagi ini! Nah, ayo menangkan ini!
1022,20024,Saya dalam kondisi sempurna dan bersiap untuk berangkat! Aku bahkan menyimpan semanggi yang sudah disetrika di sakuku untuk keberuntungan! ♪
1022,20025,Kepada semua yang hadir: Di sini saya akan menunjukkan kemampuan saya sepenuhnya. Dan, jika saya seberuntung itu, saya ingin menjadikan kesempatan ini sebagai momen yang akan Anda hargai selama bertahun-tahun mendatang.
1022,20026,Ayo berfoto bersama kalau aku menang! <i>Saat</i> aku menang—dengan senyuman terlebar di wajahku! ♪
1022,20027,Hm? Apakah hanya saya saja, atau apakah ekor saya sangat mengilap hari ini? Melihat? Kemilau mulia bersinar lebih terang dari sebelumnya! ♪
1022,20028,Sekarang, mari kita berangkat. Saya bersumpah untuk meraih kemenangan dan membawa kehormatan bagi rakyat.
1022,20029,Noblesse mewajibkan... Jika saya ingin mencalonkan diri, adalah tugas saya untuk membawa kemenangan bagi rakyat!
1022,20030,Saya akan melakukan yang terbaik untuk membuat balapan ini berkesan! Oh, dan jika aku menang, mari kita mengadakan pesta teh besar untuk merayakannya! ♪
1022,20031,Jika saya bisa meniru hasil latihan saya sehari-hari, saya pasti akan mengambil yang pertama. Sekarang, kita berangkat! ♪
1022,20032,Aku merasa seperti sedang berjalan dengan beban di kakiku... Mungkinkah ini ulah beberapa peri nakal, mungkin? ...Hmph! Aku tidak akan kalah dari orang-orang iseng yang konyol itu!
1022,20033,Aku tidak dalam kondisi terbaik hari ini... tapi dengan semua orang di rumah bersorak untukku, aku tidak bisa membiarkan diriku kalah!
1022,20034,Saya bersumpah untuk membalikkan keadaan ini. Saya akan menjadi mercusuar keberanian bagi mereka yang berjuang untuk mengatasi perjuangan mereka sendiri!
1022,20035,Fokus... Fokus... "Semakin buruk situasinya, Anda harus semakin tenang." ...Mereka sudah memberitahuku hal itu sejak aku masih kecil.
1022,20036,Kondisi saya tidak relevan. Sebagai keturunan bangsawan, saya harus menampilkan diri saya dengan anggun.
1022,20037,...Semoga semanggi ini berbagi keberuntungan yang kubutuhkan.
1022,20038,Ayo berangkat!
1022,20039,Ini dia! ♪
1022,20040,Baiklah?
1022,20041,Begitu... ♪
1022,20042,Ah!
1022,20043,Oh? Apa ini?
1022,20046,Selanjutnya! ♪
1022,20047,Oh, indah sekali! ♪
1022,20049,Terima kasih. Saya memuji pelatihan suara Anda. ♪
1022,20050,Terima kasih atas semua kerja keras Anda!
1022,30000,Hanya satu tempat lagi! Tapi... itu adalah kontes yang luar biasa.
1022,30001,Saya kira ini bukan hasil yang <i>buruk</i>... Tapi mari kita menangkan balapan berikutnya!
1022,30002,Hmmm... Aku baru saja menempatkannya...
1022,30003,Saya gagal menempatkan... Sungguh kenangan pahit yang saya buat hari ini.
1022,60000,Jantungku sudah berdebar kencang! ♪
1022,60001,Saya akan menunjukkan rasa terima kasih saya kepada semua orang!
1022,70001,Semuanya dimulai secara kebetulan hari itu... Hehe, Anda melakukan pekerjaan luar biasa sebagai pemandu saya! ♪
1022,90000,Halo! Mari jadikan hari ini sebagai kesempatan untuk dikenang! ♪
1022,90001,Aku sudah terbiasa melakukan rutinitas pagiku tanpa pembantu. Hehe, menurutku aku terlihat <i>baik-baik saja</i> hari ini!
1022,90002,"Nikujaga" Jepang di kafetaria enak banget! Ini sangat berbeda dengan masakan kentang di kampung halaman, jadi membuatku ketagihan. ♪
1022,90003,Saya selalu suka berolahraga sore. Saya tahu—bagaimana kalau kita bermain sepak bola—melakukan sepak bola bersama?
1022,90004,Hari ini adalah hari yang indah. ♪ Aku harap kamu juga menikmatinya—dan hari esok akan sama indahnya.
1022,90005,Saya baru saja berpikir untuk membuat teh tanpa kafein sebelum tidur. Apakah Anda ingin secangkir? Percaya atau tidak, saya juga pandai meramal nasib daun teh! ♪
1022,90006,Suatu hari, saya menemukan sepetak besar semanggi putih di taman. Kita bisa membuat mahkota bunga dan mengadakan sedikit penobatan! ♪
1022,90007,Wah... Di luar panas sekali. Saya sudah mengunjungi banyak negara, namun Jepang jelas merupakan pemenang dalam hal kelembapan terbanyak.
1022,90008,Semanggi tidak tumbuh banyak di musim gugur di sini? Baiklah... Saya yakin mereka yang tahan dinginnya sangat beruntung!
1022,90009,Pada hari-hari dingin di rumah, salah satu pelayan selalu menyiapkan teh susu panas yang mengepul... Aku benar-benar bisa membeli cangkir sekarang juga. ♪
1022,91000,Anda tahu apa yang dikatakan Groove tadi? "Ramen ini, ramen itu. Apa kamu belum muak dengan makanan itu?" ...Tetapi ada begitu banyak jenis ramen, saya tidak akan pernah kehabisan rasa untuk dicoba!
1022,91001,Aku sudah menemukan trik untuk mengundang Shakur minum teh. Katakan saja padanya bahwa kafein akan meningkatkan efisiensinya, dan dia akan ikut serta! ♪
1022,91002,Membuka salah satu kotak bento Flower terasa seperti membuka peti harta karun! Saya berharap saya bisa menunjukkannya kepada koki saya... ♪
1022,91003,Saya menonton acara "Princess Fighter" yang direkomendasikan Kawakami, dan itu sangat bagus! ♪ Aku juga ingin film ini ditayangkan di Irlandia...
1022,91004,Ayah dengan baik hati memberiku izin untuk mencalonkan diri, jadi aku tidak bisa mengkhianati kepercayaannya dengan hasil yang ceroboh. Saya ingin membawa pulang kemenangan yang dapat saya banggakan! ♪
1022,91005,Pakaian ini sangat cantik, namun mudah untuk dikenakan! Bolehkah saya bertanya siapa desainernya? Saya ingin memesan gaun malam...
1022,91006,Sesuatu tentang mengenakan seragam yang sama membuat semua orang terlihat sangat formal! Itu mengingatkanku pada penjaga keamananku, yang semuanya berpakaian rapi. ♪
1022,91007,Anda tahu betapa saya menyukai semanggi, tetapi tahukah Anda bahwa desainer saya menyelundupkannya ke pakaian balap saya? Hehe, sekarang dimana mereka berada?
1022,91008,Heheh! Seragam dan pakaian balap yang saya kenakan di Tracen memiliki rok pendek. Mereka butuh waktu untuk membiasakan diri, tapi terasa sangat ringan! ♪
1022,91009,Saat lari pagi, ada sepetak semanggi berujung embun yang berkilauan di bawah sinar matahari yang berkabut. Itu mengingatkan saya pada taman kastil di rumah. ♪
1022,91010,Mari berikan latihan sore hari ini yang terbaik! Kita dapat membuat beberapa kenangan istimewa hari ini—saya hanya perlu bekerja keras untuk mewujudkannya!
1022,91011,Mari kita bertujuan untuk menyelesaikan dan pergi tidur sebelum terlambat. Jika saya tetap keluar melewati jam malam, hal itu akan mempengaruhi jam kerja saya dengan keamanan yang buruk...
1022,91012,La la laaa! ♪ Musim semi di Jepang sangat cerah dan indah. Saya hampir tidak percaya cuaca di sini tetap cerah sepanjang hari!
1022,91013,Malam musim panas di Jepang lebih panjang dibandingkan di Irlandia, sehingga sangat cocok untuk melihat bintang. Sepertinya aku akan mendapat mimpi indah malam ini! ♪
1022,91014,Anda tahu makanan Jepang apa yang saya suka? ...Matsutake! Aroma dan rasanya sangat nikmat. ♪ Tapi aku belum melihatnya di kantin...
1022,91015,Kotatsu sangat menarik! Fungsi meja dan kehangatan tempat tidur... siapa pun yang merancangnya berhak mendapatkan penghargaan tertinggi!
1022,92000,Apa rencana pelatihan kita hari ini? Saya harus bekerja keras dan membuat orang bangga! ♪
1022,92001,Saya merasa senang belajar dengan berbagai tutor, tetapi gaya mengajar Anda sangat menentukan!
1022,92002,Waktu yang saya habiskan di sini untuk berlari sekuat tenaga akan memberi saya kepercayaan diri dan kekuatan. ♪ Dan suatu hari nanti, kenangan itu akan membuatku terus maju...
1022,92003,Saya menemukan semanggi berdaun empat sebelumnya! Saya yakin pelatihan hari ini akan berjalan lancar! ♪
1022,92011,Saya penasaran dengan permainan menghancurkan semangka di Jepang. Haruskah kita mencobanya setelah latihan? Saya juga ingin menawarkan melon yang enak dan keren kepada penjaga keamanan saya!
1022,92005,Saya terus menjadi lebih baik dan lebih baik... Saya tidak sabar untuk melihat pelajaran menarik lainnya yang telah Anda rencanakan!
1022,92006,Ayah berbaik hati mengabulkan permintaan kita untuk berlomba... Mari kita wujudkan kepercayaan itu bersama-sama! ♪
1022,92007,Hal yang penting tentang kenangan adalah... Orang-orang yang berbagi kenangan itu sama berharganya dengan pengalaman itu sendiri.\n...Saya sangat senang Anda menjadi pelatih saya.
1022,93000,Terima kasih. Aku berhutang banyak padamu!
1022,93001,Saya membuat beberapa kenangan berharga yang tidak akan pernah saya lepaskan. ♪
1022,95000,Aku akan belajar... berkembang... sampai suatu hari aku siap memikul tugasku!
1022,95001,Oh, aku tahu kita akan membuat kenangan terindah! ♪
1022,95003,Halo, disana. Gerakan Baik, siap berangkat!
1022,95004,Oh, aku harus menemukan semanggi yang mengingatkanku! Maukah kamu bergabung dengan pencarianku?
1022,1008,Semoga semanggi ini membawa keberuntungan bagi semua orang!
1022,1051,Saya tidak sabar menunggu! ♪
1022,1034,Pesta teh untuk pemenang!
1022,1044,Mau mu! ♪
1022,1000,Kalau begitu, ayo berangkat!
1022,1001,Kami berhasil!
1022,1003,Sepertinya hasil imbang...
1022,1002,Ooh, kita akan menang lain kali!
1022,1004,Kemenangan yang patut dibanggakan!
1022,1007,Kita semua berhak mendapat tepukan di punggung. ♪
1022,1006,Sepertinya hasil imbang...
1022,1005,Ooh, kita akan menang lain kali!
1022,40000,Bimbinglah jalanku—menuju kemenangan yang bisa kubanggakan!
1022,40001,Cahaya apa ini? ...Kamu ingin aku mengikutimu? Tunggu! Saya dapat melihat... jalan yang dimaksudkan untuk saya!
1022,30004,hehe! ♪ Apakah aku membuat orang bangga?
1022,30005,hehe! Saya sangat tersanjung dengan hasil ini. Terima kasih atas dukungan Anda! ♪
1022,31000,Sekarang, ini dia!
1022,13,Inilah bonus login Anda hari ini! ♪
1022,15,Lihat apa yang terjadi selanjutnya!
1022,110000,Melakukan beberapa pelatihan, saya rasa? Terima kasih atas semua kerja keras Anda.
1022,110001,Kita semua telah membuat kenangan yang sangat berharga, bukan? ♪
1022,110002,Oh! Apakah Anda di sini untuk mengantar saya ke perlombaan?
1022,10021,Wow! Level Arsip Anda sepertinya meningkat! ♪
1022,20051,Ayo tembak ke bulan! ♪
1022,70000,Mari jadikan setiap hari seindah mungkin!
1022,95005,Anda butuh bantuan? Jangan katakan lagi! ♪
1022,95006,Jika Anda butuh sesuatu, Anda selalu dapat mengandalkan saya!
1022,120000,Oh?! Semanggiku pasti memberiku keberuntungan!
1022,140000,Ayo, ayo, Pelatih! ♪
1022,140001,Bagus! ♪
1022,140002,Ah!
1022,140003,Ahahaha! Lihat betapa lucunya mereka!
1022,140004,Wow... Kamu berhasil! ♪
1022,140005,Jangan khawatir, jangan khawatir!
1022,140006,Ahahaha! Lihat betapa lucunya mereka!
1022,140007,Wow... Kamu berhasil! ♪
1022,140008,Ini sangat menarik! ♪
1022,140009,Ooh!
1022,140010,Hmm...
1022,140011,Wow—lihat itu!
1022,140014,Aaah!
1022,140015,Hmm...
1022,140016,Halo? ...Pelatih?
1022,140012,Sempurna!
1022,140013,Sungguh mengasyikkan!
1022,140017,Ah?!
1022,140018,eh...
1022,70004,Ini sangat lucu dan mudah untuk dipindahkan! Seragam sekolah Jepang bagus sekali, bukan? ♪
1022,70010,Seragam dengan sejarah, dipakai oleh banyak siswa selama bertahun-tahun... Orang tuaku cukup senang dengan itu! ♪
1022,70008,Anda dapat melihat pusar saya! Aku yakin pelayanku akan terperangah. ♪
1022,70014,Cara lipatannya mengembang saat saya berlari... Indah sekali, bukan?
1022,70009,Emblem di dadaku terlihat sangat elegan ya? Itu bagian favoritku dari pakaian itu! ♪
1022,70015,Hijau zamrud yang cerah ini... Mengingatkanku pada rumah.
1022,71004,Ini sangat lucu dan mudah untuk dipindahkan! Seragam sekolah Jepang bagus sekali, bukan? ♪
1022,71010,Seragam dengan sejarah, dipakai oleh banyak siswa selama bertahun-tahun... Orang tuaku cukup senang dengan itu! ♪
1022,71008,Anda dapat melihat pusar saya! Aku yakin pelayanku akan terperangah. ♪
1022,71014,Cara lipatannya mengembang saat saya berlari... Indah sekali, bukan?
1022,71009,Emblem di dadaku terlihat sangat elegan ya? Itu bagian favoritku dari pakaian itu! ♪
1022,71015,Hijau zamrud yang cerah ini... Mengingatkanku pada rumah.
1022,2030,Kalau begitu, ayo berangkat!
1022,2031,Semoga semanggi ini membawa keberuntungan bagi semua orang!
1022,2032,Terima kasih. Saya memuji pelatihan suara Anda. ♪
1022,2033,Sekarang, mari kita berangkat. Saya bersumpah untuk meraih kemenangan dan membawa kehormatan bagi rakyat.
1022,2034,Kepada semua yang hadir: Di sini saya akan menunjukkan kemampuan saya sepenuhnya. Dan, jika saya seberuntung itu, saya ingin menjadikan kesempatan ini sebagai momen yang akan Anda hargai selama bertahun-tahun mendatang.
1022,2035,Terima kasih. Saya memuji pelatihan suara Anda. ♪
1022,70018,Ta-daaa! ☆ Bagaimana menurut anda?
1022,70019,Aku bertekad untuk memberi kita kemenangan... Sekarang, ayo kita berangkat!
1022,71018,Ta-daaa! ☆ Bagaimana menurut anda?
1022,71019,Aku bertekad untuk memberi kita kemenangan... Sekarang, ayo kita berangkat!
1022,90020,Selamat Hari Valentine!
1023,10000,Saya ingin mengejar teori-teori yang membawa saya semakin dekat dengan kemenangan. Dengan partner yang bisa diandalkan di sisiku, tentunya.
1023,10001,Kata-katamu selalu menyentuh hatiku. Saya dapat memahaminya bahkan sebelum saya memikirkannya. Kamu benar-benar misteri bagiku.
1023,10002,Hm, tidak ada satupun komentar... Oh, tidak apa-apa. Saya hanya mengganti minyak rambut saya. Tapi itu masih jauh dari mulus seperti sutra.
1023,10003,Selamat tahun baru. Bisakah kita langsung membahasnya dan mendiskusikan masa depan? Mari kita tetap semangat di tahun baru.
1023,10004,Hari Valentine juga merupakan hari untuk mengungkapkan rasa syukur seseorang. Jadi saya ingin mengucapkan terima kasih yang sebesar-besarnya.
1023,10005,Penampilan, rasa, dan kemasan—Saya membuat coklat ini dengan tangan dengan perhitungan seimbang masing-masing. Saya harap Anda menyukainya.
1023,10006,Ucapkan dan visualisasikan keinginan Anda. Tanabata sebenarnya cukup logis. ...Tidak terlalu romantis, katamu? Hm-hmph.
1023,10007,Aku menyiapkan permen berbentuk hantu untuk Brian... Tapi kurasa dia terlalu tua untuk hal semacam itu.
1023,10008,Argh, Tiket itu! Berantakan dan bilang rambutku seperti janggut Santa... Mereka sama sekali tidak mirip! Benar?!
1023,10009,Kenangan terkadang bisa menjadi motivator yang kuat. Saya akan memanfaatkan waktu yang kita habiskan bersama selama liburan dan mengubahnya menjadi kekuatan untuk masa depan.
1023,10010,Tahun ini berlalu begitu cepat. Waktu seharusnya mengalir dengan kecepatan yang sama, tapi... rasanya jauh lebih cepat sejak aku bertemu denganmu.
1023,10011,Hari ini adalah hari ulang tahunmu, kan? Saya harap ini hari yang menyenangkan, penuh dengan pengetahuan dan pembelajaran baru.
1023,10012,Selamat Ulang Tahun, Pelatih. Heh, ini aneh... Aku merayakanmu, namun aku merasa paling senang karenanya.
1023,10013,Terima kasih atas ucapan selamat Anda, Pelatih. Saya akan terus berusaha keras untuk memenuhi harapan Anda.
1023,10014,Begitu... Sekarang aku akhirnya mengerti. Satu-satunya hadiah yang kuinginkan hanyalah beberapa kata—"selamat ulang tahun" darimu.
1023,10015,Sepertinya ada pemberitahuan baru. Ini mungkin sesuatu yang penting, jadi saya sarankan Anda memeriksanya sesegera mungkin.
1023,10016,Anda menerima hadiah. Saya melihat Anda bukan orang yang bisa diabaikan.
1023,10017,Sepertinya Anda menyelesaikan misi. Pengakuan yang layak atas usaha Anda. Saya juga merasa bangga.
1023,10018,Tampaknya sebuah acara akan segera dimulai. Saya akan mengumpulkan informasi tentang itu.
1023,10019,Ada acara yang sedang berlangsung. Mengikuti aturan praktis itu penting, jadi menurut saya kita harus berpartisipasi.
1023,20000,Hm? Sedikit kesemutan di ujung jari... Itu pertanda kesehatan yang buruk. Mari berhati-hati ke depan.
1023,20001,Fiuh... Maaf, Pelatih... Tidak masuk akal berlatih dengan kelelahan seperti ini. Bolehkah saya beristirahat?
1023,20002,Hmm... Sepertinya saya perlu mengerjakan ulang persamaannya. Tentu saja ini akan menjadi revisi besar-besaran. Hehe, bisa dibilang semuanya berjalan terlalu baik.
1023,20003,Hei, bisakah aku lari sekarang? Mungkin tidak masuk akal untuk merasa seperti ini, tapi saya pikir kita akan mendapatkan hasil yang luar biasa hari ini!
1023,20004,Pikiran saya jernih dan tubuh saya waspada... Saya dapat meyakinkan Anda bahwa saya dalam kondisi sangat baik.
1023,20005,Saat ini, saya lebih dari mampu memenuhi harapan Anda. Sekarang, beritahu aku rencanamu.
1023,20006,Saya menguji diri saya dengan beberapa latihan ringan, dan saya tidak merasa buruk sama sekali. Kita bisa memulainya kapan saja.
1023,20007,Rumus mana yang harus kita uji hari ini... Lokasinya saya serahkan kepada Anda.
1023,20008,Hmm... Mari kita selesaikan lebih awal hari ini. Sepertinya terus memaksakan diri melewati rasa lelah tidak akan memberikan hasil yang baik.
1023,20009,...Oh maaf. Aku hanya terjebak dalam pikiranku.
1023,20010,Fiuh... aku sedang tidak enak badan. Bisakah aku menghilangkan rasa lelah ini dengan berlatih... Itu mungkin akan mempunyai efek sebaliknya.
1023,20011,Agenda selanjutnya adalah... Ugh... Tidak bagus. Aku tidak bisa berpikir jernih, dan tidak bisa menemukan kata-kata yang tepat.
1023,20021,Hm? Balapan lain? Saat aku semakin lelah, peluangku untuk menang... Tidak, sudahlah. Aku serahkan padamu.
1023,20022,A-balapan lagi?! Saya yakin Anda punya rencana, tapi saya ingin Anda mempertimbangkan kembali jadwal saya.
1023,20023,Heh... Penyesuaiannya sempurna. Kemenangan sama baiknya dengan jaminan. Bersiaplah untuk kabar baik, Pelatih!
1023,20024,Semuanya telah terjadi untuk hari ini... Sekarang, yang harus kita lakukan adalah membuktikan kepada semua orang bahwa teori kita benar.
1023,20025,Saya dalam kondisi yang baik. Sekarang, untuk sentuhan terakhir. Beri saya semangat, Pelatih. Kata-kata itu akan menjadi bagian terakhir dari kemenanganku!
1023,20026,Bentuk saya kira-kira seperti yang diharapkan. Jika itu masalahnya, yang tersisa hanyalah meraih kemenangan dalam balapan sebenarnya.
1023,20027,Persiapan saya sudah selesai. Dan... bagus—kamu terlihat siap juga. Inilah tepatnya mengapa saya bisa balapan dengan percaya diri.
1023,20028,Nah... Ini adalah perlombaan yang krusial. Saya bersumpah dengan segala usaha yang telah saya lakukan dan formula yang saya tulis... Saya akan menang.
1023,20029,Kami telah menyelesaikannya berdasarkan nilai rata-rata. Dengan kata lain, tidak ada masalah meskipun kondisi kita rata-rata.
1023,20030,Saya tidak merasa baik atau buruk... Dalam hal ini, saya kira kemampuan saya untuk beradaptasi akan diuji ketika saya sedang balapan.
1023,20031,Kita akan menemukan kebenaran dalam perlombaan ini—apakah teori kita benar atau tidak.
1023,20032,Seharusnya tidak ada masalah... Asalkan aku bisa tampil normal, tentu saja.
1023,20033,Saya tidak bisa membuat penyesuaian yang memuaskan, tapi semua orang diberi jumlah waktu yang sama. Yang tersisa... hanyalah bertahan!
1023,20034,Saya masih memiliki beberapa kekhawatiran tentang penyesuaian saya... Ingatlah bahwa rencana tersebut dapat berubah pada saat-saat terakhir.
1023,20035,Semakin sulit masalahnya, semakin baik rasanya setelah Anda akhirnya menyelesaikannya. Itu sebabnya... aku tidak akan kalah.
1023,20036,...Apakah kamu gugup? Anda tentu bisa mengatakan bahwa saya berada dalam kondisi yang paling buruk. Tapi aku akan tetap memberikan semua yang aku punya. Hanya itu yang bisa saya lakukan.
1023,20037,Saya tidak meminta keajaiban. Saya akan mengerjakan ulang teori saya sambil berlari. Saya hanya ingin menang.
1023,20038,Mari kita mulai.
1023,20039,Dipahami.
1023,20040,Baiklah!
1023,20041,Hmm...
1023,20042,Apa?!
1023,20043,Itu tidak mungkin...
1023,20046,Menarik sekali.
1023,20047,Cuaca yang bagus.
1023,20049,Selangkah lebih dekat menuju penyelesaian.
1023,20050,Terima kasih, Pelatih.
1023,30000,Saya bisa melihat jalan menuju tempat pertama!
1023,30001,Hmm, itu sesuai ekspektasi... Tapi tetap saja...
1023,30002,Saya perlu menyesuaikan formulanya.
1023,30003,Solusi yang saya hitung ternyata salah...
1023,60000,Tidak apa-apa. Saya akan melakukannya seperti dalam pelajaran saya.
1023,60001,Bahkan dalam tarian, saya akan menunjukkan solusi saya sendiri!
1023,70001,Saat ketika aku bertemu denganmu dan bersumpah untuk menyelesaikan persamaanku... Kau tahu, itu mungkin takdir.
1023,90000,Untuk sarapan, saya menyarankan sandwich dengan banyak sayuran. Jika Anda terus memvariasikan bahan-bahannya setiap hari, Anda tidak akan bosan.
1023,90001,Seberapa efisien Anda menggunakan waktu di pagi hari berdampak signifikan pada hasil keseluruhan hari itu. ...Apakah itu terdengar terlalu ketat?
1023,90002,Saya tinggi jadi saya cenderung memilih bagian belakang ketika kami bertukar tempat duduk. ...Itu bukan karena rambutku!
1023,90003,Saya sering pergi ke perpustakaan saat istirahat makan siang. Saya pergi mencari buku, namun rasanya menyenangkan juga berkonsentrasi di lingkungan yang tenang.
1023,90004,Apakah Anda merasa lelah, Pelatih? Ticket pernah berkata bahwa dia mengantuk saat berbicara denganku...
1023,90005,Pengejaran teori terus berlanjut sepanjang waktu. Ayo lakukan yang terbaik sambil berhati-hati agar tidak begadang.
1023,90006,Ada banyak siswa baru sepanjang tahun ini. Aku bisa dengan mudah mengenalinya dari tingkah laku dan ekspresi mereka yang polos... Mungkin dulu aku juga suka terbawa suasana seperti mereka.
1023,90007,Fiuh... Tidak ada jalan lain—panas menumpuk di rambutku selama musim panas. Aku harus menjaganya agar tidak rusak.
1023,90008,Musim gugur memiliki banyak hari dengan cuaca yang nyaman, sehingga efisiensi pelatihan dapat meningkat. Mari kita buat program pelatihan khusus.
1023,90009,Cuaca semakin dingin, Pelatih. Jika Anda suka, saya bisa mentraktir Anda sup spesial yang akan menghangatkan tubuh Anda secara efisien.
1023,91000,Betapapun tebalnya sebuah buku, Taishin akan selalu membacanya sampai akhir. Meski begitu, dia terkadang memberikan kesan yang agak... kasar.
1023,91001,Suatu hari, Ticket meminta bantuanku untuk belajarnya... Tidak, tidak apa-apa. Saya yakin dia akan mampu menghindari kegagalan. Setidaknya, secara teoritis.
1023,91002,Drama kriminal TV baru-baru ini sangat bagus. Bayangan... Dinamika karakter... Saya selalu menontonnya setelah mandi.
1023,91003,Saya menemukan ulat di kamar saya beberapa hari yang lalu. Semuanya penuh dengan rambut dan menggeliat-geliat... Ugh, memikirkannya saja membuatku merinding!
1023,91004,Aku harus mendengarkan ibuku mengeluh bahwa dia belum mendengar kabar dari Brian. Ya ampun... Sulit menjadi seorang kakak perempuan.
1023,91005,Kondisi balapan umumnya dapat diprediksi, namun terdapat terlalu banyak ketidakpastian di panggung konser. Saya kira itu sebabnya saya gugup.
1023,91006,Mungkin aku tidak pandai menyanyi dan menari. Tapi selama masih ada yang menaruh harapan padaku, aku akan melakukan yang terbaik.
1023,91007,Penampilan saya dalam suatu perlombaan adalah apa yang tertinggal dalam ingatan orang-orang yang menonton saya. Desain ini mempunyai banyak pengaruh, bukan begitu?
1023,91008,Pakaian balap khas ini adalah perwujudan tekad saya. Suatu hari nanti, saya pasti akan menyelesaikan persamaan saya—dan memenangkan semuanya.
1023,91009,Ketika rutinitas pagi saya terganggu, saya merasa gelisah sepanjang hari. Itu sebabnya saya meluangkan waktu untuk bersiap.
1023,91010,Untuk memanfaatkan sore hari Anda sebaik-baiknya, Anda sebaiknya makan hanya sampai perut Anda delapan puluh persen kenyang. ...Kecuali favorit Anda ada di menu.
1023,91011,Apakah Anda cepat tertidur saat hendak tidur? Saya sudah terbiasa merenungkan berbagai hal. Tolong beritahu saya jika Anda tahu metode untuk tertidur dengan cepat.
1023,91012,Saya suka musim semi dan cara bunga-bunga bermekaran. Saya telah memutuskan bahwa jika saya melihat bunga saat berlari, hal itu akan menghasilkan peningkatan performa.
1023,91013,Pola makan bergizi seimbang adalah cara efektif untuk mencegah kelelahan musim panas... tapi Brian adalah orang yang pilih-pilih makanan.
1023,91014,Malam musim gugur bagus untuk membaca. Ada banyak genre, tapi saya akan memilih beberapa untuk direkomendasikan kepada Anda.
1023,91015,Pertukaran serangan yang tepat dan manuver mengelak! Saya melawan Ticket dan Taishin, tapi pertarungan bola salju cukup menyenangkan!
1023,92000,Secara logis dan efisien. Itulah yang ideal dalam hal pelatihan. Mari kita lakukan yang terbaik bersama-sama, Pelatih.
1023,92001,Pengulangan adalah kunci analisis teori dan pelatihan. Mari kita terus berusaha.
1023,92002,Sebuah hipotesis baru saja muncul di kepalaku. Bolehkah saya memasukkannya ke dalam pelatihan dan mengujinya?
1023,92003,Pelatih, izinkan saya memahami metode pengajaran Anda. Saya kemudian akan melanjutkan dengan persiapan yang sesuai.
1023,92011,Saya ingin berlatih dengan kecepatan yang baik. Jika saya berbicara secara tidak langsung, mohon tunjukkan.
1023,92005,Berkonsultasi dengan Anda tentang rejimen saya menjadi sesuatu yang saya nantikan setiap hari. Hehe, terima kasih sebelumnya untuk hari ini juga.
1023,92006,Kerja keras selalu membuahkan hasil suatu hari nanti. Saya sangat yakin akan hal itu—sama seperti Anda, Pelatih.
1023,92007,Saya bisa mengabdikan diri untuk berlatih dengan bantuan orang seperti Anda yang memahami saya. Mohon nantikan hari dimana saya membalas usaha Anda dengan hasil.
1023,93000,Semua diskusi yang kami lakukan bersama adalah hal yang menopang saya.
1023,93001,Kami telah menemukan cara untuk bergerak maju.
1023,95000,Baiklah, mari kita lanjutkan ke tujuan berikutnya.
1023,95001,Perhitungannya membuahkan hasil... Heh.
1023,95003,Saya Biwa Hayahide. Senang berkenalan dengan Anda.
1023,95004,Hasilnya tidak terbantahkan—kemenangan saya mulai terbentuk saat ini!
1023,1008,Mari kita lakukan ini sesuai rencana.
1023,1053,Ini mengingatkan saya pada masa lalu.
1023,1040,Saya mengerti.
1023,1000,Benar! Ayo lakukan!
1023,1001,Ini adalah hasil kerja sama.
1023,1003,Saya kira kami adalah pasangan yang seimbang.
1023,1002,Jauh lebih baik dari yang saya harapkan...
1023,1004,Kemenangan adalah milik kita!
1023,1007,Skor tinggi baru. Kami berhasil!
1023,1006,Saya kira kami adalah pasangan yang seimbang.
1023,1005,Jauh lebih baik dari yang saya harapkan...
1023,40000,Solusi yang saya cari!
1023,40001,Saya telah memverifikasi dan merevisinya lagi dan lagi. Ini... adalah persamaanku sendiri!
1023,30004,Hehe... Yah? Aku melihatnya dengan baik—aku melihatnya cukup dekat!
1023,30005,Hm... Seperti yang diduga. Bagus.
1023,31000,Baiklah, ayo pergi.
1023,13,Inilah bonus login hari ini.
1023,15,Anda akan mendapatkan ini besok.
1023,110000,Kami akan terus mencoba yang terbaik melalui trial and error yang berulang-ulang.
1023,110001,Rekor masa lalu... Sepertinya itu akan berguna dalam latihan.
1023,110002,Apakah kita akan berlomba? Jika iya, mari kita adakan pertemuan strategi.
1023,10021,Level Arsip telah naik. Itu adalah hasil dari upaya terus-menerus.
1023,20051,Mari berlatih dengan efisien.
1023,70000,Persamaan kemenangan... Mari kita temukan bersama.
1023,95005,Nantikan hasil yang lebih baik lagi.
1023,95006,Saya akan mengajari Anda metode pelatihan yang optimal.
1023,120000,Apakah ini... kekuatan tekad?
1023,140000,Mari kita lihat apa yang Anda punya.
1023,140001,Dengan baik! Pekerjaan yang bagus!
1023,140002,Aduh!
1023,140003,Seperti yang diharapkan, Pelatih.
1023,140004,Anda berhasil, Pelatih.
1023,140005,Mhm, kemungkinannya lima puluh persen.
1023,140006,Seperti yang diharapkan, Pelatih.
1023,140007,Anda berhasil, Pelatih.
1023,140008,hehe!
1023,140009,Hmm...
1023,140010,hehe.
1023,140011,Luar biasa.
1023,140014,ah...
1023,140015,Hah...
1023,140016,Ayo!
1023,140012,Itu luar biasa!
1023,140013,Baiklah!
1023,140017,Apa?!
1023,140018,Ah...
1023,70004,Seragam adalah ciri seorang sarjana. Penting untuk menjaganya.
1023,70010,Sudah kuduga, itu terlihat terlalu manis bagiku. Tapi aku menyukainya.
1023,70008,Konser itu seperti balapan. Anda harus melakukannya setelah belajar dengan tekun.
1023,70014,Pakaian panggung yang pas bisa menjadi indikator apakah Anda dalam kondisi yang baik.
1023,70009,Pakaian balap khas ini berkesan sekali, bukan? Saya <I>melakukan</I> merasa sedikit memalukan pada awalnya...
1023,70015,Saya bersumpah pada pakaian balap khas ini bahwa saya akan merumuskan kemenangan!
1023,71004,Seragam adalah ciri seorang sarjana. Penting untuk menjaganya.
1023,71010,Sudah kuduga, itu terlihat terlalu manis bagiku. Tapi aku menyukainya.
1023,71008,Konser itu seperti balapan. Anda harus melakukannya setelah belajar dengan tekun.
1023,71014,Pakaian panggung yang pas bisa menjadi indikator apakah Anda dalam kondisi yang baik.
1023,71009,Pakaian balap khas ini berkesan sekali, bukan? Saya <I>melakukan</I> merasa sedikit memalukan pada awalnya...
1023,71015,Saya bersumpah pada pakaian balap khas ini bahwa saya akan merumuskan kemenangan!
1023,2030,Benar! Ayo lakukan!
1023,2031,Mari kita lakukan ini sesuai rencana.
1023,2032,Terima kasih, Pelatih.
1023,2033,Nah... Ini adalah perlombaan yang krusial. Saya bersumpah dengan segala usaha yang telah saya lakukan dan formula yang saya tulis... Saya akan menang.
1023,2034,Saya dalam kondisi yang baik. Sekarang, untuk sentuhan terakhir. Beri saya semangat, Pelatih. Kata-kata itu akan menjadi bagian terakhir dari kemenanganku!
1023,2035,Terima kasih, Pelatih.
1023,90010,Selamat pagi. Saya berharap hari ini dipenuhi dengan kebahagiaan dan memberi Anda banyak momen yang menggembirakan... dan sebagainya.
1023,90011,<i>Menguap...</i> Aku hampir tidak punya waktu di pagi hari untuk memakai semua ini. Butuh waktu lama untuk mengecek semua aksesorisnya sudah terpasang, lho.
1023,90012,Apakah Anda ingin kue buah dengan teh sore Anda? Tidak hanya rasanya enak—ini sempurna untuk memulihkan energi.
1023,90013,Baiklah, ini waktunya untuk tetap fokus. Hal-hal baik kemungkinan besar akan datang kepada mereka yang berperilaku baik.
1023,90014,Saya sangat merekomendasikan minyak daun kayu manis pada malam yang dingin. Aromanya menghangatkan dan membuat Anda rileks untuk istirahat malam yang nyenyak.
1023,90015,Saya harus mengirimi Taishin video rusa kutub. ...Itu mudah-mudahan akan menenangkannya hingga tidur nyenyak.
1023,90016,Aku memikirkan masa lalu setiap kali aku melihat semanggi putih... Kakakku pernah membuatkanku mahkota bunga yang paling berharga bersama mereka.
1023,90017,Saya ingin tahu apakah "manusia salju yang bisa dimakan" itu seperti karangan bunga yang bisa dimakan. Kafe terdekat menjualnya... Saya harus mencobanya!
1023,90018,Di luar dingin... Oh, maukah kamu mencoba pakaian bulu juga? Ini akan terlihat bagus untukmu.
1023,90019,Saat salju turun, Ticket berlarian, dan Taishin meringkuk menjadi bola... Sejujurnya, saya bisa mengerti bagaimana perasaan mereka berdua.
1023,91016,Saya dan saudara perempuan saya biasa membuat roti jahe bersama-sama. Butuh waktu yang terasa sangat lama sampai kami bisa menggambar wajahnya dengan baik.
1023,91017,Rumor beredar bahwa ada Santa berjanggut lebat di sekitar... Tunggu... Rambutku... tidak sedikit pun berbulu lebat!
1023,91018,Saya bertemu dengan Alam beberapa saat yang lalu. Ada ketertarikan aneh yang kurasakan dengannya... Mungkin itu karena warna kulit kami?
1023,91019,Mayano bilang dia ingin memakai pakaianku. Sentimen yang bagus, tapi aku khawatir hal itu akan langsung hilang begitu saja...
1023,91020,Semua orang membawakanku bintang dan janggut untuk dipakai... Aku tidak tahu apakah mereka ingin aku menjadi pohon atau Santa. Setidaknya bisakah mereka mengambil keputusan terlebih dahulu?
1023,91028,Sepertinya aku merasakan topi bajaku terlepas. Jika mulai turun, Anda harus segera memberi tahu saya!
1023,91029,Bukankah kukuku berwarna-warni? Aku mendapati mataku tanpa sadar tertuju pada benda-benda itu, seolah-olah itu bukan tanganku sendiri. Ini tampilan yang benar-benar baru bagi saya.
1023,91021,Aku penasaran bagaimana reaksi Brian jika aku meninggalkan permen di kaus kakinya seperti saat kita masih kecil... Hehe.
1023,91022,Murid-murid yang lebih muda melihatku memegang tas besar ketika aku sedang bersih-bersih, dan mata mereka berbinar... Sebaiknya aku mulai membawa hadiah ke mana-mana.
1023,91023,Kadang-kadang kita harus keluar untuk makan malam. Biarkan saya yang mengatur ke mana harus pergi—saya hebat dalam menemukan tempat yang jarang diketahui orang.
1023,91024,Salju mencair, dan musim baru yang cerah dimulai... Memang melegakan, tapi juga agak menyedihkan.
1023,91025,Agak... Sebenarnya, cuaca di luar <i>cukup</i> panas. Yang terbaik adalah mendinginkan diri di AC sebentar.
1023,91026,Pernahkah Anda memikirkan apa yang Anda inginkan? Jika kamu tidak segera memutuskan hadiahmu, itu akan membuat pekerjaan <i>Santa</i> menjadi lebih sulit.
1023,91027,Berhati-hatilah saat menaiki kereta luncur. Begitu Anda menuruni bukit, tidak ada yang bisa menghentikan Anda. Ini seperti kereta yang melaju kencang dan melaju kencang.
1023,92015,Saya di sini untuk menyampaikan kegembiraan kepada semua orang. Sekarang, mari kita mulai!
1023,92016,Selagi kami berlatih, sebaiknya aku berlatih membagikan hadiah.
1023,92017,Anda tidak perlu khawatir sama sekali. Ini jauh lebih mudah untuk dijalankan daripada yang terlihat.
1023,92018,Apa pun pakaian yang saya putuskan untuk dikenakan, saya tahu persis ke mana saya akan pergi.
1023,92020,Saya hanya ingin lari saya membawa kebahagiaan bagi setidaknya satu orang... Ya, itu tidak buruk sama sekali.
1023,92021,Aku akan membuat janji ini... Hadiahku untukmu adalah kemenangan yang kamu harapkan!
1023,92022,Aku mendoakanmu kebahagiaan yang sama seperti kamu selalu mendoakanku.
1023,93004,Hari-hari kami bersama dipenuhi dengan kehangatan dan kegembiraan!
1023,93005,Aku harap hadiahku untukmu membuatmu bahagia.
1023,95007,Aku punya hadiah yang sangat meriah untukmu!
1023,95008,Saya akan bisa menyebarkan lebih banyak kegembiraan sekarang.
1023,95010,Saya Biwa Hayahide. Bagaimana kalau kita memulai perayaan kita bersama?
1023,70016,Bukankah siluetku elegan dan mempesona?
1023,70017,Kehadiran saya seharusnya cukup menginspirasi dengan pakaian balap ini.
1023,71016,Bukankah siluetku elegan dan mempesona?
1023,71017,Kehadiran saya seharusnya cukup menginspirasi dengan pakaian balap ini.
1023,95009,Biarkan pesta meriah dimulai! Sukacita dan kegembiraan untuk semua!
1023,40003,Ini dia! Aku memberimu hadiah kemenangan!
1023,40004,Bersorak untuk bintang-bintang di langit! Berkah bagi jalanan yang tertutup salju! Heh... H-hei, siapa yang menyebutku bodoh?!
1023,30006,Saya bisa mendengar gemerincing kabar gembira!
1023,30007,Ya... Sesuai prediksiku, bagus.
1023,70018,Sempurna.
1023,70019,Ayo buktikan persamaan kemenangan kita!
1023,71018,Sempurna.
1023,71019,Ayo buktikan persamaan kemenangan kita!
1023,81000,Pertama, tes pendahuluan... Saya akan mengukur kemampuan Anda.
1023,81001,Saya telah menyimpulkan keterampilan Anda. Sekarang mari kita lihat apakah Anda bisa menyelesaikan yang satu ini.
1023,400001,Bagaimana kalau kita mulai bersiap? Taishin selalu kedinginan, jadi aku harus bergegas dan menyuruhnya mengenakan mantel.
1023,400007,Anak-anaknya sedikit... Tapi tetap saja, itu tidak seberapa dibandingkan dengan berkompetisi melawan Brian ketika kami masih muda.
1023,400010,Saya benar-benar diberkati memiliki teman-teman yang luar biasa. Saya harus menikmati kebersamaan mereka selama yang saya bisa malam ini.
1023,90020,Selamat Hari Valentine.
1023,90021,Selamat Hari Valentine.
1024,10000,Aku merasa segalanya bisa menyenangkan saat aku bersamamu, Pelatih! Itu yang pertama bagiku!
1024,10001,Aku pasti akan menjadi Umamusume dewasa yang bersinar! Pastikan Anda tetap bersama saya sehingga Anda dapat melihatnya!
1024,10002,Saya mengerti! Apa pun itu, ada makna dalam segala hal yang kita lakukan! Ehehe, menurutku aku sudah menjadi lebih dewasa!
1024,10003,Selamat Maya Baru! ☆ Hei, hei, ayo kita mengunjungi kuil bersama! Tidak apa-apa kalau aku minum amazake, kan?!
1024,10004,Di Sini! Cokelat dari saya! ☆ Kamu sudah dewasa, jadi aku memilih yang paling pahit yang bisa kutemukan!
1024,10005,Untukmu, Pelatih... Muah! ☆ Hadiah ciuman udaraku! Ehehe, Selamat Hari Valentine! ♪
1024,10006,Kisah Tanabata sangat romantis... Bintang-bintang berkelap-kelip, dan ini seperti malam orang dewasa. ☆
1024,10007,Menipu atau mengobati! ☆ Hm, lelucon orang dewasa apa itu? Ciuman di dahi? A-waaah!
1024,10008,Selamat Chris-<i>Maya!</i> ☆ Ayo makan ayam, kue, dan wortel—seperti di pesta orang dewasa!
1024,10009,Aku menantikan kue dan pohonnya, tapi hal apa yang paling membuatku bersemangat? Ini hadiahku darimu! ♪
1024,10010,Bersih-bersih rumah... makan mie soba... Ada banyak hal yang ingin aku lakukan dan lihat! Tahun Baru sangat sibuk dan menyenangkan!
1024,10011,Selamat, selamat ulang tahun! ☆ Ayo beli kue! Kalau begitu mari kita kumpulkan semua orang dan rayakan sepanjang hari!
1024,10012,Selamat ulang tahun! ☆ Untuk hadiahmu... Ah! Bagaimana dengan tambalan bordir? Ayo kita pilih satu bersama-sama!
1024,10013,Saya selangkah lebih dekat untuk menjadi Umamusume yang dewasa. Teruskan ini dan—<i>zoom</i>—aku akan menjadi dewasa!
1024,10014,Hei, Pelatih. Saya ingin hadiah ulang tahun orang dewasa. Seperti... um, beri aku ciuman!
1024,10015,Sebuah pemberitahuan! Sebuah hal yang tidak masuk akal! ♪ Mari kita periksa bersama!
1024,10016,Pelatih! Ada hadiah di sini! Apa itu? Apa itu?
1024,10017,Misi target dinetralkan! ☆ Ayo pertahankan!
1024,10018,Sebuah acara akan segera dimulai! Saya sangat bersemangat!
1024,10019,Acaranya dimulai! Ayo lepas landas dan jadilah ace terbaik di luar sana!
1024,20000,Hah? Entah kenapa aku tidak bisa bergerak begitu hebat... Ada apa denganku?
1024,20001,Nghhh... Tingkat energiku menukik...
1024,20002,Tangki bahan bakar penuh! Persiapan penerbangan selesai! Siap lepas landas! Saya pikir saya mungkin bisa terbang!
1024,20003,Pelatih! Tidakkah menurutmu aku sangat bersemangat dengan energi saat ini? Ehehe. ♪
1024,20004,Ya, ya, ya! Tubuhku sangat ringan! Saya merasa bisa berlari <i>mil!</i>
1024,20005,Ikuti pelatihan apa pun yang ada! Whoosh—aku akan terbang melewatinya!
1024,20006,Saya akan berusaha ekstra keras! Jangan lupa pujiannya jika saya mendapatkan hasil yang bagus! ☆
1024,20007,Saya ingin tahu apakah saya dapat menemukan sesuatu yang menyenangkan dan mengasyikkan. ♪
1024,20008,Saya akan melakukan yang terbaik, jadi bisakah Anda memberi saya hadiah nanti? Aku merasa tidak enak badan karena suatu alasan...
1024,20009,Hmmm, ini aneh... Aku tidak bisa berlari sebanyak yang kukira...
1024,20010,Ugh... Mungkin aku sedang tidak enak badan... Aku di ambang pendaratan darurat.
1024,20011,Aku sedang tidak mood untuk bekerja keras sekarang! Tidak peduli apa kata orang—aku tidak bisa melakukannya!
1024,20021,Bukankah ini terlalu banyak balapan? Baiklah, selama kamu melakukan yang terbaik untukku, aku akan berusaha sebaik mungkin!
1024,20022,Balapan lain? Aku suka balapan, tapi... Aku hampir tidak bisa mengangkat kakiku. Saya rasa saya tidak bisa berlari dengan baik...
1024,20023,Akhirnya tiba waktunya! Perlombaan ini akan sangat menyenangkan! Aku tidak bisa berhenti merasa pusing!
1024,20024,Pelatih, awasi aku, oke?! Aku akan melakukan yang terbaik dalam hal ini!
1024,20025,Saat ini, saya merasa akan menjadi nomor satu tidak peduli bagaimana saya berlari! Saya tidak sabar untuk memulai!
1024,20026,Sepertinya saya sedang naik menuju kemenangan! Aku yakin aku bisa menjadi begitu cerdas hingga aku bersinar!
1024,20027,Ada perlombaan penting yang akan datang! Saya sangat bersemangat! Ini akan menjadi salah satu hal yang perlu diingat!
1024,20028,Saya bertanya-tanya bagaimana saya harus lari. Pelatih, menurut Anda cara lari apa yang paling menyenangkan?
1024,20029,Aku akan terbang dengan semua yang kumiliki! Ini akan menyenangkan!
1024,20030,Ini adalah perlombaan yang kami tuju! Saya ingin tahu siapa yang akan berada di dalamnya! Sangat menarik!
1024,20031,Tidak apa-apa, aku tahu! Jalan saja seperti biasa. Mengerti!
1024,20032,Jangan khawatir! Aku pandai dalam pendakian cepat! Itu akan mudah meskipun cuacaku sedang tidak enak badan.
1024,20033,Saya akan melakukan sebanyak yang saya bisa! Aku tidak mau semua kerja keras yang sudah aku lakukan selama ini sia-sia!
1024,20034,Aku tidak terlalu bersemangat tentang hal itu... tapi aku yakin aku akan baik-baik saja setelah aku mulai berlari!
1024,20035,Pelatih! Jangan lupa untuk mendukung saya—itu janji, oke?! Saya membutuhkan dukungan Anda untuk membantu saya berlari!
1024,20036,Saya tidak tahu lagi bagaimana saya harus berlari... Tapi mungkin itu hanya membuat segalanya lebih menarik?
1024,20037,Menurutku, Umamusume yang sudah dewasa selalu bisa bersinar cemerlang apa pun yang terjadi! Itu sebabnya saya akan melakukan yang terbaik!
1024,20038,Salin itu! ☆
1024,20039,Perhatikan baik-baik!
1024,20040,aku baik-baik saja!
1024,20041,Aku akan menyelesaikan ini dengan cepat!
1024,20042,Hah?
1024,20043,Ini agak membosankan...
1024,20046,Ini kencan!
1024,20047,Wow, kencan di pantai!
1024,20049,Saya melakukan yang terbaik! Pujilah aku! Pujilah aku! ☆
1024,20050,Terima kasih, Pelatih! ☆
1024,30000,Sangat dekat! Aku akan menjadi yang pertama lain kali!
1024,30001,Ah, kupikir aku bisa melakukannya...
1024,30002,Argh... Ini tidak berjalan seperti yang kukira!
1024,30003,Hah? Apa yang telah terjadi?
1024,60000,Kita akan mengadakan konser terbaik yang pernah ada!
1024,60001,Saya ingin semua orang melihat betapa dewasanya saya!
1024,70001,<I>sangat</I> menyenangkan sekali bisa berkencan denganmu! Ayo lakukan lagi!
1024,90000,Selamat pagi! Semoga harimu menyenangkan! Maya berangkat!
1024,90001,Selamat pagi, Pelatih! Apa ini? Apakah kamu mencariku? Ehehe, ini aku! ♪
1024,90002,peserta pelatihan! Pelatihan seperti apa yang ingin Anda lakukan hari ini? Saya siap berebut kapan saja!
1024,90003,Ayo pergi, Pelatih! Hari ini saya melanjutkan pengejaran saya terhadap semua hal yang menarik dan menarik! Waktunya lepas landas!
1024,90004,Selamat malam! ☆ Malam membuatku sangat bersemangat! Mungkin karena ini waktu yang paling disukai orang dewasa?
1024,90005,<i>Menguap...</i> Pelatih... Masih bekerja selarut ini? Aku sudah... mengantuk...
1024,90006,Karena ini musim semi, ayo jalan-jalan! Ayolah, ini akan menjadi kencan terbaik yang pernah ada! Kita bisa pergi ke berbagai tempat bersama! ☆
1024,90007,Apakah Anda suka garis tan, Trainer? Lalu aku akan menjadi kecokelatan! Dengan begitu aku akan menjadi tipemu! ☆
1024,90008,Musim gugur adalah waktu untuk mencoba banyak pakaian! Saya ingin berkelap-kelip dengan gaya yang lebih dewasa. ♪
1024,90009,Waaah! Dingin sekali! Hei, apakah salah satu kantongmu kosong? Bolehkah aku memasukkan tanganku ke sana?
1024,91000,Oh-sangat luar biasa! Hehe! ♪ Aku meniru Marvey! Saya mempelajarinya ketika kami bermain bersama!
1024,91001,Pada hari liburku berikutnya, aku akan meneliti fashion bersama Yuki. Apakah Anda ingin ikut juga, Pelatih?
1024,91002,Jika saya meniru Maruzen, apakah saya akan terlihat lebih dewasa? Ini bomnya! ...Apakah itu benar?
1024,91003,Ah, jejak di langit! Mungkin itu dari pesawat yang diterbangkan ayahku! Ehehe. ♪
1024,91004,Hngh! Pelatih, tidak melakukan apa pun itu mencemooh!
1024,91005,Aku akan mengunci hati semua orang yang mendukungku di konser pemenang!
1024,91006,Baju konser ini punya desain yang dewasa! Berani, tapi sangat berkelas! Aku yakin aku akan bersinar jika memakai ini!
1024,91007,Aku akan terbang seperti <i>vwooosh!</i> Pastikan kamu tidak ketinggalan, Pelatih!
1024,91008,Bajunya keren ya? ♪ Ngomong-ngomong, jika kamu bilang iya, berarti kamu sudah lulus level 3 pada tes Maya.
1024,91009,<i>Yaaawn...</i> Aku begadang tadi malam bersama Teio... Hngh, aku ngantuk, tapi aku merasa sudah dewasa...
1024,91010,Hai-Maya! ☆ Menarik? Aku dan Marvey mewujudkannya! Anda juga bisa menggunakannya.
1024,91011,Ugh... Tolong aku... Aku tumbuh terlalu besar dan menjadi seorang nenek! ...Hah? Itu hanya mimpi? Syukurlah!
1024,91012,Sesuatu yang baru selalu dimulai pada musim semi—sangat menyenangkan! Dan cuacanya sangat bagus! Saya siap berangkat dan mencari sesuatu yang menyenangkan untuk dilakukan!
1024,91013,Hei, jika kita menyalakan kembang api di sekolah, haruskah kita melakukannya dari atap? Atau ruang kelas? ☆ ...Tidak kemana-mana? Kamu pelit!
1024,91014,Ada Halloween, Solefall Faire... Kita juga bisa melihat bulan dan melihat dedaunan musim gugur! Musim gugur penuh dengan hal-hal menarik!
1024,91015,Sial?! Tidak! Tidak! Tidak! Tidak! Tidak mungkin aku tertembak!
1024,92000,Latihan sangat menyenangkan jika bersama Anda! Itu membuatku ingin terbang tinggi!
1024,92001,Saya akan mencoba yang terbaik! Perhatikan baik-baik—jangan mengalihkan pandanganmu dariku!
1024,92002,Cepat, cepat, cepat! Ayo mulai latihan!
1024,92003,Persiapan penerbangan selesai! Maya siap lepas landas!
1024,92011,Pelatihan apa pun akan sangat mudah! Saya bisa menguasai apa pun dalam sekejap!
1024,92005,Jangan biarkan aku bosan, oke? Saya rasa itu tidak akan menjadi masalah bagi Anda, Pelatih.
1024,92006,Anda dapat berharap banyak dari saya karena saya sangat berbakat. Apakah Anda menyalin?
1024,92007,Visibilitas menguntungkan! Target diperoleh! Siap untuk melaksanakan perintah? Saya bisa lepas landas kapan saja!
1024,93000,Saya sudah dewasa! Sekarang aku sudah dewasa! ☆
1024,93001,Muah! Aku baru saja memberimu ciuman terima kasih!
1024,95000,Saya pikir saya menjadi lebih kuat!
1024,95001,Aku akan menjadi wanita yang sangat berkelas suatu hari nanti, tunggu saja!
1024,95003,Mayano Top Gun, lepas landas!
1024,1008,Setiap orang! Ayo berebut!
1024,1055,Ayo, Bono! Ayo pergi!
1024,1056,Ini akan sangat menyenangkan, Curren!
1024,1014,Salin itu!
1024,1125,Kamu juga, Alam! ♪
1024,1081,—adalah milik kita! ♪
1024,1000,Kita akan menang!
1024,1001,Semua target dinetralkan!
1024,1003,Ahhh! Sangat dekat!
1024,1002,Mustahil! Kami kalah?!
1024,1004,Inilah parade kemenangan! ☆
1024,1007,Hore! Skor tinggi baru! ♪
1024,1006,Ahhh! Sangat dekat!
1024,1005,Mustahil! Kami kalah?!
1024,120000,Hangat sekali! Sepertinya kekuatan mengalir dalam diriku!
1024,140000,Terbang tinggi ke luar sana!
1024,140001,Anda berhasil! Anda benar-benar melakukannya!
1024,140002,Argh! Mengapa?!
1024,140003,Luar biasa!
1024,140004,Itu menyenangkan! ☆
1024,140005,Ahhh! Sangat dekat!
1024,140006,Luar biasa!
1024,140007,Itu menyenangkan! ☆
1024,140008,Ehehe...
1024,140009,Heehee
1024,140010,Hm-hm-hmm! ♪
1024,140011,Anda berhasil!
1024,140014,Aaaagh!
1024,140015,Wah!
1024,140016,Hei, kamu di sana?!
1024,140012,Wah!
1024,140013,Wow! Saya sangat senang!
1024,140017,Huuu!
1024,140018,Tidak mungkin!
1024,40000,Hmmm—aku mengerti! ☆
1024,40001,Hmmm—aku mengerti! ☆
1024,40002,Dalam pengejaran! ♪
1024,30004,Laaanding... cium! ♪ Kemenangan bagi Maya! ☆
1024,30005,Kemenangan! ☆ Tidak pernah puas denganku, kan?
1024,31000,Lepas landas! ☆
1024,13,Hore! Anda mendapat bonus masuk!
1024,15,Bonus besok adalah ini. ♪
1024,110000,Jika Anda yang membuat jadwalnya, maka saya mendukungnya!
1024,110001,Mari kita saksikan kisah-kisah menarik semua orang! ☆
1024,110002,Hei, hei! Adakah balapan yang menarik?
1024,10021,Wow! Level Arsip naik!
1024,20051,Ayo kita lakukan!
1024,70000,Buat aku bersinar dan bersinar! ♪
1024,95005,Saya seorang gadis menawan yang bisa mendukung orang lain, bukan? ♪
1024,95006,Jangan khawatir—Anda dapat mengandalkan saya! ☆
1024,70004,Seragam ini berenda! ♪ Lucu sekali!
1024,70010,Mungkin saya akan mengubahnya agar terlihat lebih dewasa.
1024,70008,Oooh! Apakah aku sudah menjadi dewasa sekarang?!
1024,70014,Ehe... Kamu bisa melihat pusarku... Agak memalukan.
1024,70009,hehe! Sama seperti pilot andalan, bukan? ♪
1024,70015,Siap untuk pertunjukan udara? ☆
1024,71004,Seragam ini berenda! ♪ Lucu sekali!
1024,71010,Mungkin saya akan mengubahnya agar terlihat lebih dewasa.
1024,71008,Oooh! Apakah aku sudah menjadi dewasa sekarang?!
1024,71014,Ehe... Kamu bisa melihat pusarku... Agak memalukan.
1024,71009,hehe! Sama seperti pilot andalan, bukan? ♪
1024,71015,Siap untuk pertunjukan udara? ☆
1024,2030,Kita akan menang!
1024,2031,Setiap orang! Ayo berebut!
1024,2032,Terima kasih, Pelatih! ☆
1024,2033,Saya bertanya-tanya bagaimana saya harus lari? Pelatih, menurut Anda cara lari apa yang paling menyenangkan?
1024,2034,Saat ini, saya merasa akan menjadi nomor satu tidak peduli bagaimana saya berlari! Saya tidak sabar untuk memulai!
1024,2035,Terima kasih, Pelatih! ☆
1024,90010,Dering, dering, dering! ♪ Ini adalah panggilan bangun khusus Maya!
1024,90011,Selamat pagi! Ehehe. Aku ingin menunjukkan ini padamu pagi-pagi sekali, jadi aku langsung terbang ke sana!
1024,90012,Hei, hei! Apakah kita berlatih? Saya bisa lepas landas kapan saja! ☆ Mari menuju masa depan yang cerah dan bahagia!
1024,90013,Target terkunci! ☆ Aku menggunakan senyummu untuk mengisi ulang energiku di sore hari!
1024,90014,Kerja bagus hari ini! Apa yang akan kamu lakukan setelah bekerja? Makan malam? Mandi? Atau mungkin... pesta piyama?!
1024,90015,Apakah Anda begadang, Pelatih? Suatu kebetulan! ☆ Saya juga! Mungkin kita diciptakan untuk satu sama lain!♪
1024,90016,Dengarkan ini! Seorang siswa baru mengira saya seorang model! ☆ Aku tersipu...
1024,90017,Hai! Ayo pergi ke pantai! Ini bisa menjadi latihan untuk bulan madu tropis kita. ☆
1024,90018,Hei, ini teka-teki! Umamusume mana yang lucu seperti bunga tapi tidak layu? Ini aku! ☆
1024,90019,Air Groove mengatakan kakiku terlihat dingin dan memberiku bantalan panas! ♪ Dia seperti ibuku!
1024,91016,Di sana! Anda suka? Pose ini sempurna, bukan? ☆ City mengajariku pose dewasa! ♪
1024,91017,Aku merasa seperti Rice sedang menatapku! Mungkin... dia ingin ikut upacara pernikahan pura-puraku?
1024,91018,Tata krama meja penting dalam resepsi pernikahan! Itu sebabnya McQueen... umm, <I>Nona</I> McQueen mengajariku!
1024,91019,Saat aku menunjukkan gaunku pada Brian, dia bilang itu melukai matanya! Dia seharusnya jujur ​​dan mengatakan itu lucu!
1024,91020,Oh, saya ingin memposting beberapa foto di Umastagram! ☆ Pelatih, bisakah kita berfoto bersama? Yuk, berbagi sedikit kebahagiaan kita!
1024,91028,Saat aku mengirim foto gaunku ke ayahku kemarin, dia mulai menangis dan sebagainya. Apakah itu cukup lucu hingga membuat seseorang menangis?
1024,91029,Saya ingin lebih berkilau! Saya ingin menjadi matahari yang menyinari semua orang—terutama Anda, Pelatih!
1024,91021,<i>Yaaawn...</i> Aku bangun pagi hari ini untuk membuat bekal makan siang... Ehehe, kamu tunggu saja sampai makan siang! ♪
1024,91022,Camilan hari ini kue lagi tentunya! Mengenakan gaun ini membuatku ingin memakannya. ♪
1024,91023,Shalala. ♪ Tidak peduli seberapa larutnya—gaunku tidak akan pernah hilang! Itu bukti pertunangan kita! ☆
1024,91024,Ah, Pelatih! Anda memiliki kelopak bunga di kepala Anda! Kami cocok! ☆
1024,91025,Kulitku terbakar... Sepertinya tabir suryaku sudah habis. Aku akan meminta Teio mengenakan lebih banyak untukku.
1024,91026,Bunga musim gugur adalah warna yang sangat matang! Sangat lembut dan anggun! Itu membuatku ingin melempar karangan bunga dewasa! ♪
1024,91027,Setelah salju menumpuk, ayo kita membuat manusia salju bersama! Ini yang disebut dengan “berbagi tanggung jawab,” Pelatih! ♪
1024,92015,Hehe! Saya ingin berjalan bersama Anda di jalan menuju kemenangan!
1024,92016,Gaun gemerlap ini sempurna! Itu akan membuatku bersinar juga!
1024,92017,hehe! Aku terlihat sedikit berbeda dari biasanya ketika aku berdandan lengkap. ☆
1024,92018,Awal yang baru! Ini untuk kebahagiaan masa depan kita! ☆
1024,92020,Saya bersumpah kepada Anda, Pelatih, bukan Tuhan atau apa pun! Kami akan selalu melakukan yang terbaik bersama-sama.
1024,92021,Jangan berdandan dengan pakaian mewah apa pun, Pelatih... Saya ingin Anda menunggu sampai saya menjadi dewasa terlebih dahulu.
1024,92022,Anda baru saja terpesona oleh saya! Aku bisa membacakanmu seperti buku—bagaimanapun juga, kita adalah teman satu sayap! ♪
1024,93004,Ehehe! Penerbangan pertemuan itu sukses besar! ☆
1024,93005,Saya melewati garis finis! ♪ Saya sangat senang!
1024,95007,Mari tampil menawan bersama. Saatnya berdandan!
1024,95008,Hore! Semua kerja keras kita bersama akhirnya membuahkan hasil! ♪
1024,95010,Itu Maya! Biarkan lonceng kemenangan pernikahan berbunyi! ☆
1024,70016,Semua sudah selesai mengganti pakaianku! ♪
1024,70017,You have to escort me. ☆
1024,71016,Semua sudah selesai mengganti pakaianku! ♪
1024,71017,You have to escort me. ☆
1024,95009,Ta-daaa! ♪ Berjanjilah padaku kamu akan membuatku bahagia, oke? Kelingking bersumpah! ☆
1024,40003,Suara mendesing! Pertemuan yang romantis! ♪
1024,40004,Maaf sudah menunggu! Aku menaruh hatiku ke dalam buket ini. Nnh... Siap? ♪ Inilah kebahagiaan bagi semua orang! ☆
1024,30006,Buk, Buk... ♪ Lonceng hatiku tak berhenti berbunyi. ☆
1024,30007,Kemenangan! ☆ Tidak pernah puas denganku, kan?
1024,400000,Pakaian balap khas gaun pengantin? Saya tahu desain yang matang adalah pilihan yang tepat! ♪ Aku merasa seperti Umamusume yang sudah dewasa!
1024,400001,Orang seperti apa si Cantik itu? Saya melihat seseorang yang mirip dengannya di rumah sakit.
1024,400006,Ini jawabanku, Bono! Saya pasti tidak akan menyesalinya!
1024,400007,Saya tidak ingin menyerah pada Bono atau gaun pengantin saya!
1024,400009,Ehehe. ♪ Apakah aku sudah menjadi sedikit lebih dewasa?
1024,400010,Hei, hei! Semuanya, ayo ambil foto untuk mengingat ini. ♪ Kamu juga, Nona Kecantikan. Ayo cepat!
1024,410000,aku baik-baik saja!
1024,410001,Anda berhasil!
1024,410002,Hehehe!
1024,410003,Hehehe!
1024,410004,Heehee
1024,410005,Heehee
1024,410006,Uhhh...
1024,410007,Uhhh...
1024,410008,Uhhh...
1024,81000,Hei, aku tahu lebih banyak dari yang kamu kira! ☆
1024,81001,Hm-hm. ♪ Perlombaan ini baru saja dimulai! ☆
1024,70018,Lepas landas! ☆
1024,70019,Saya <I>sepenuhnya</I> dapat memahami semuanya!
1024,71018,Lepas landas! ☆
1024,71019,Saya <I>sepenuhnya</I> dapat memahami semuanya!
1024,400003,Aku tidak pernah tahu apa yang akan terjadi jika aku bersama Marvey. Ini sangat menarik! ☆ Ini akan menjadi liburan yang menyenangkan!
1024,400008,Oguri punya ini di dalam tas! Kurasa aku akan mulai menyiapkan hal menyenangkan berikutnya. ☆
1024,400011,Hari ini benar-benar yang terbaik! ♪ Tapi Santa Maya tidak mau kalah. ☆ Sekarang giliran <i>saya</i> untuk lepas landas menuju langit malam yang berkilauan!
1024,90020,Selamat Hari Valentine! ♪
1024,90021,Selamat Hari Valentine! ♪
1025,10000,Kata-kata baikmu mengangkat beban hatiku... dengan cara yang tidak dimiliki orang lain...
1025,10001,Makhluk yang bisa saya lihat... Sensasi yang bisa Anda rasakan... Mereka mungkin tidak persis sama, tapi...
1025,10002,Sepertinya kamu menarik <i>yang tak terlihat...</i> Jika kamu melihat sesuatu yang tidak biasa, silakan datang langsung padaku.
1025,10003,Tahun baru adalah petak kosong... Apakah benih takdir akan tidur dingin di tanah atau berkembang... ada di tangan Anda.
1025,10004,Perasaan lebih kuat dari kekuatan lainnya... Mereka tinggal di dunia ini, membawa pemikiran para pemikir besar selama berabad-abad...
1025,10005,Perasaan di balik coklat hanya diketahui oleh pengirimnya... Dan reaksi hatimu hanya diketahui olehmu... Ini, ambillah.
1025,10006,Bambunya bergoyang... Bintang berkelap-kelip... Kalau ini kesempatan setahun sekali... Semoga keinginan itu terkabul...
1025,10007,Pantai jauh di sisi lain... terasa lebih dekat dari biasanya. Hehe... Aku juga bisa mendengar suara lebih banyak dari biasanya.
1025,10008,Ada sesuatu yang aneh di dekatnya... Hampir seperti ada sesuatu yang terbang di langit, di atas atap.
1025,10009,Saya menyeduh kopi ini dengan biji kopi spesial, hanya untuk hari ini... Kopi ini memiliki kilau yang indah, gelap seperti onyx... Jika Anda mau, maukah Anda minum bersama saya?
1025,10010,Saya suka mengoleksi barang-barang... Jika saya dapat menemukan satu pernak-pernik cantik dalam sebulan, saya akan memiliki selusin hal untuk dikenang sepanjang tahun... di sini... di dalam kotak harta karun saya...
1025,10011,Saya ingin... mengucapkan selamat ulang tahun kepada Anda. Apakah Anda ingin herbarium bunga abadi... atau mungkin mug yang dibuat dari tanah yang dibakar? aku ingin memberimu sesuatu...
1025,10012,Saya mengucapkan selamat ulang tahun kepada Anda... dan saya... ingin mengucapkan terima kasih dan rasa hormat saya atas belas kasih Anda...
1025,10013,Ini hari ulang tahunku sekali lagi... Aku merasa seolah-olah bayangan itu telah memanjang lagi...
1025,10014,Apa yang saya inginkan untuk ulang tahun saya? ...Apapun yang menurutmu bagus. Saya ingin tahu tentang... proses berpikir Anda...
1025,10015,Sepertinya ada pemberitahuan untukmu... Dengar—seseorang memanggilmu...
1025,10016,Sepertinya ada hadiah untukmu.\n...Uh?! Apakah itu... baru saja bergerak?
1025,10017,Anda menyelesaikan misi... Hehe, semua orang senang untuk Anda.
1025,10018,Mereka akan segera mengadakan acara... Kita harus bersiap... menghadapi apa pun yang bisa terjadi.
1025,10019,Ada acara yang sedang berlangsung. Jika Anda akan keluar, pastikan untuk membawa lampu...
1025,20000,Aku merasa seperti... bayangan itu akan menelanku...
1025,20001,Beri aku waktu beberapa menit untuk minum kopi dulu... kumohon.
1025,20002,Saya merasa seperti saya bisa mendaki langit dan memetik bintang dari langit.
1025,20003,Seperti naga yang punya sayap untuk terbang... Aku punya kopi untuk membantuku terbang... Hehe.
1025,20004,Saya merasa sangat ringan—seperti saya bisa melintasi gunung hanya dengan satu lompatan.
1025,20005,Jiwaku menyala dengan api... menyala terang seperti api penuntun dari pantai yang jauh.
1025,20006,Apa yang harus saya lakukan? ...Haruskah aku mengejar kucing yang bisa berbicara itu?
1025,20007,Mari kita mulai. Temanku bilang dia ingin lari juga...
1025,20008,Aku tidak... Aku rasa aku tidak bisa memaksakan diri terlalu keras saat ini...
1025,20009,Jika tidak ada kopi, air putih saja sudah enak...
1025,20010,Mungkin ini... hanya tipuan pikiranku... Mimpi buruk saat bangun tidur...
1025,20011,Kakiku... tidak mau bergerak... Sepertinya tertancap jauh di dalam tanah...
1025,20021,Jika kamu yakin ini baik-baik saja, aku akan mengikuti petunjukmu... tapi...
1025,20022,Aku takut... jika aku memaksakan diri terlalu keras... aku akan lupa apa yang sebenarnya penting...
1025,20023,Aku seperti punya sayap... Hanya dengan satu lompatan, aku bisa terbang kemana saja!
1025,20024,Di seberang lautan safir... atau tanah merah delima!
1025,20025,Temanku... dia mengulurkan tangannya untukku. Jika aku bisa menghubunginya, maka—
1025,20026,Benih yang kita tanam... akan segera bertunas.
1025,20027,Tidak ada binatang yang bisa mengalahkanku. Tidak di sini, di tanah bumi...
1025,20028,Temanku ikut berbahagia untukku... Aku tahu aku bisa melakukan ini.
1025,20029,Aku bisa melihat dengan jelas... bayangan di depanku.
1025,20030,Angin hari ini... tidak terlalu buruk.
1025,20031,Sama seperti putri duyung yang meluncur di laut... Saya akan mencoba meluncur melalui jalur ini.
1025,20032,Kenapa dia... tampak begitu jauh?
1025,20033,Saya hanya perlu mengambil langkah pertama. Yang berikut ini akan menyusul...
1025,20034,Kita tidak bisa memutar balik waktu... Yang bisa kita lakukan sekarang... adalah yang terbaik untuk maju...
1025,20035,Aku seperti terjebak di dalam sangkar... Aku merasa sangat kedinginan dan terkekang...
1025,20036,Aku berjanji akan mengejar bayangannya... Aku harus melakukannya.
1025,20037,Jika ini semua hanya mimpi buruk, tolong biarkan aku segera bangun...
1025,20038,...Mari kita mulai.
1025,20039,Ayo pergi...
1025,20040,Dipahami...
1025,20041,saya akan mencoba...
1025,20042,Ah...
1025,20043,Mengapa...
1025,20046,Sejauh ini...
1025,20047,Dunia ini sangat biru...
1025,20049,Aku tumbuh... terima kasih padamu.
1025,20050,Saya ingin... mengucapkan terima kasih...
1025,30000,Aku menangkap bayangannya.
1025,30001,Aku masih jauh... untuk bisa menyusulnya...
1025,30002,Aku perlu bertahan... dan bertahan lebih kuat...
1025,30003,Ah... Dia akan melewatiku...
1025,60000,Saya pikir panggung... adalah dunianya sendiri.
1025,60001,Awasi... apa yang terjadi di panggung.
1025,70001,Aku senang...kamu menerima hal-hal "aneh" yang biasa bagiku...
1025,90000,Selamat pagi. Apakah Anda sudah minum kopi... untuk memulai hari Anda?
1025,90001,Ada seekor ikan paus bersayap prismatik terbang melintasi langit sebiru lapis lazuli... Hehe, dunia mimpi memang mempesona.
1025,90002,...Halo. Agak... cerah. Saya lebih suka cuaca berangin daripada sinar matahari sepanjang ini...
1025,90003,Saya tidak bisa... mengerahkan kekuatan sebanyak itu di siang hari bolong... Saya lebih suka berlatih... saat hari sudah gelap...
1025,90004,Ini sudah malam... Garis antara kita dan bayangan mulai memudar... Paham? Mereka mulai gelisah...
1025,90005,Tapir memakan mimpi buruk... Jadi, Anda mungkin akan menemuinya jika mengalami mimpi buruk...
1025,90006,Semua jenis pakis fiddlehead... bermunculan tunas spiral kecilnya... Lucu sekali.
1025,90007,Saat sinar matahari terik, begitu pula bayangannya... Dia merasa lebih dekat dari biasanya...
1025,90008,Saat-saat seperti ini cocok untuk hiking... Berkeliaran di pegunungan dalam keheningan malam, dengan lentera di tangan... Tidak ada yang lebih hebat.
1025,90009,Kepingan salju beterbangan di udara... Kristal, seperti kaleidoskop monokrom...
1025,91000,Anda ingin tahu lebih banyak tentang Tachyon? ...Dia adalah ancaman. Tidak ada lagi yang perlu dikatakan.
1025,91001,Saat aku mulai menyeduh kopi, Yukino membuat kue untuk menemaninya... Dia begitu lembut dan hangat... seperti buaian.
1025,91002,Jika ilusi bisa dirasakan... maka mungkin... tidak aneh melihat hal-hal yang tidak bisa dirasakan...
1025,91003,Saya pernah mendengar bahwa ketinggian yang lebih tinggi menghasilkan biji kopi yang lebih baik. Dan itulah mengapa terkadang Anda melihat kacang diberi nama berdasarkan gunung...
1025,91004,Putri duyung larut menjadi buih laut ketika mereka meninggalkan dunia ini... Mungkin Umamusume pada akhirnya akan kembali ke bumi dalam awan debu...
1025,91005,Berkibar... Mengepak... Aku suka bagaimana bayangan rok menari dalam perlombaan...
1025,91006,Lampu panggung selalu menyilaukan... Kuharap mereka meredupkannya untuk kita.
1025,91007,Gelap dan dalam, seperti secangkir kopi yang harum... Sangat menenangkan.
1025,91008,Saat Anda mencampurkan warna, warna-warna itu akhirnya menyatu menjadi hitam... Warna yang menyelimuti segalanya... dan mencakup segalanya.
1025,91009,Bangun di pagi hari untuk menyeduh kopi adalah waktu yang ajaib... Waktu yang bisa saya nikmati hanya untuk diri saya sendiri.
1025,91010,Kopi di kafetaria setara dengan apa yang disajikan di kafe-kafe bagus... Kecuali sibuk sekali, sulit mendapatkan secangkir...
1025,91011,Aku tahu apa yang kuinginkan jika aku menemukan lampu ajaib... "Tolong biarkan lampu itu tetap menyala di malam hari selamanya."
1025,91012,Menurut Anda, apa yang ada di bawah pohon sakura, yang memberi makan pada akarnya? Saya ingin tahu.
1025,91013,Tetesan air hujan... dan genangan air... dan siput spiral.\nAlangkah menyenangkannya... meringkuk dalam cangkang...
1025,91014,Jalan setapak itu terpampang dengan bekas-bekas tangan kecil berwarna merah... di sana-sini... dan di sana... Paham? Lihatlah semua daun maple di tanah.
1025,91015,Dunia di dalam kubah salju terlihat begitu tenang dan sejuk... Selama wadah kacanya... tidak pernah pecah...
1025,92000,Terima kasih karena selalu ada di sini... untuk melatihku...
1025,92001,Aku akan melakukan apa yang harus kulakukan... untuk mengejarnya.
1025,92002,...Ya, kedengarannya bagus. Ayo berlari bersama... seperti biasa.
1025,92003,Kemana kita harus pergi? Haruskah kita mengikuti burung biru kecil itu ke suatu tempat yang jauh?
1025,92011,Tepian laut yang jauh mungkin terhubung dengan dunia yang sama sekali berbeda dari dunia kita.
1025,92005,Tunggu, bayanganmu bergerak begitu saja tanpamu.\n...Hehe, bercanda saja.
1025,92006,Sebelum dia menghilang dari pandanganku, aku bersumpah... Aku akan menyusulnya.
1025,92007,Kelinci di bulan sendirian... Tapi aku tidak. aku punya kamu dan temanku...
1025,93000,Dia selalu merasa sejauh ini... tapi sekarang... sekarang...
1025,93001,Bagaimana yang saya lakukan? ...Dari sudut pandang Anda?
1025,95000,Lebih cepat dari bayangan.
1025,95001,Semakin dalam dan semakin dalam...
1025,95003,...Manhattan Cafe, sekarang.
1025,95004,Aku terus berlari mengejar bayangan itu... tapi suatu hari nanti, aku akan menghubungimu.
1025,1008,Kita semua menuju ke tujuan yang sama.
1025,1057,Jangan bereksperimen pada siapa pun.
1025,1000,Ambil napas dalam-dalam...
1025,1001,Kami menang...
1025,1003,Kami mengikat...
1025,1002,Sayang sekali...
1025,1004,Kami menang...
1025,1007,Itu adalah hal terbaik yang baru.
1025,1006,Kami mengikat...
1025,1005,Sayang sekali...
1025,40000,Aku ingin menyusul... dan lari bersamamu!
1025,40001,Cahaya bintang pelangi, kucing senja, langit dalam bingkai, dan kamu... kamu... kamu di sini!
1025,30004,Saya lebih cepat—saya melampaui bayang-bayang!
1025,30005,Apakah aku... semakin dekat dengan bayangannya?
1025,31000,Ayo pergi.
1025,13,Ini adalah bonus login Anda untuk hari ini...
1025,15,Inilah yang akan kamu dapatkan besok...
1025,110000,Apakah kamu... mencoba mengejarnya?
1025,110001,Kisah-kisah kita akan menua sebagai legenda, melewati sejarah...
1025,110002,Apakah Anda berpikir untuk mengikuti perlombaan? ...Kalau begitu, tolong perhatikan langkahmu.
1025,10021,Level Arsip Anda lebih tinggi dari sebelumnya... Kapan naiknya?
1025,20051,Senang bisa... bekerja sama.
1025,70000,Akankah aku... menyusulnya?
1025,95005,Bisakah saya... membantu Anda?
1025,95006,Saya pikir... lain kali... saya akan melakukannya dengan baik.
1025,120000,Sungguh suatu kekuatan yang hangat dan pantang menyerah!
1025,140000,Tahan napasmu.
1025,140001,Mengerti.
1025,140002,Ah...
1025,140003,Itu cukup banyak...
1025,140004,aku menantikan persahabatan kita...
1025,140005,...Jalan kita akan bertemu lagi.
1025,140006,Itu cukup banyak...
1025,140007,aku menantikan persahabatan kita...
1025,140008,Ehh...
1025,140009,Hehe...
1025,140010,Ehehe...
1025,140011,Wow...
1025,140014,Oh tidak...
1025,140015,Hmm...
1025,140016,Pelatih.
1025,140012,Begitu banyak...
1025,140013,Ooh...
1025,140017,Hmm...
1025,140018,Ah...
1025,70004,Ini kosong... putih halus...
1025,70010,Pakaian ini sangat nyaman. Sederhana dan murni... dan sejuk saat disentuh...
1025,70008,Pakaian ini memiliki kekuatan yang aneh... membuatku terlihat sangat mempesona di atas panggung...
1025,70014,Saat aku menari, bayangan menari bersamaku.
1025,70009,Mm... Aku sangat menyukai warna ini.
1025,70015,Kegelapan malam... Bayangan temanku... Semua yang kusukai adalah warna hitam lembut ini...
1025,71004,Ini kosong... putih halus...
1025,71010,Pakaian ini sangat nyaman. Sederhana dan murni... dan sejuk saat disentuh...
1025,71008,Pakaian ini memiliki kekuatan yang aneh... membuatku terlihat sangat mempesona di atas panggung...
1025,71014,Saat aku menari, bayangan menari bersamaku.
1025,71009,Mm... Aku sangat menyukai warna ini.
1025,71015,Kegelapan malam... Bayangan temanku... Semua yang kusukai adalah warna hitam lembut ini...
1025,70018,aku mendengarnya...
1025,70019,aku akan menyusul. Aku akan menyusul bayangan itu!
1025,71018,aku mendengarnya...
1025,71019,aku akan menyusul. Aku akan menyusul bayangan itu!
1025,2030,Ambil napas dalam-dalam...
1025,2031,Kita semua menuju ke tujuan yang sama.
1025,2032,Saya ingin... mengucapkan terima kasih...
1025,2033,Temanku ikut berbahagia untukku... Aku tahu aku bisa melakukan ini.
1025,2034,Temanku... dia mengulurkan tangannya untukku. Jika aku bisa menghubunginya, maka—
1025,2035,Saya ingin... mengucapkan terima kasih...
1025,90020,Selamat... Valentine...
1026,10000,Sejak hari aku membuat kontrak denganmu, Pelatih, menjadi Triple Crown Umamusume bukan lagi sekedar mimpi, melainkan sebuah tujuan yang bisa dicapai.
1026,10001,Hasil analisisku memberitahuku bahwa fitur wajah dan nada suaramu tidak cocok dengan ayahku, tapi... "kehangatan" mereka serupa.
1026,10002,Kondisi kamar saya saat ini: memadai. Sekarang berikan misi pada kelinciku: awasi area ini selama aku tidak ada hari ini.
1026,10003,Selamat tahun baru. Resolusi Tahun Baru saya adalah menampilkan versi diri saya yang lebih baru dan lebih baik.
1026,10004,Saya menerima sesuatu yang disebut "cokelat teman" dari teman sekelas saya. Sepertinya ini adalah sumber energi khusus yang hanya disediakan untuk hari ini.
1026,10005,Saya telah selesai menyiapkan coklat untuk Anda, Pelatih. Karena saya tidak bisa menyentuh peralatan memasak, saya menyelesaikan semuanya dengan tangan. Ini dia.
1026,10006,Jika kamu kebetulan menungguku di seberang sungai bintang-bintang itu, maka aku akan berenang melintasinya.
1026,10007,Saya mendengar bahwa Halloween adalah hari di mana Anda mengerjai orang lain. Tolong beri tahu saya lelucon apa yang harus saya lakukan terhadap Anda, Pelatih.
1026,10008,Saya telah mengidentifikasi berbagai rute yang cocok untuk melihat lampu liburan. ...Bagaimana kalau kita pergi, Pelatih?
1026,10009,Liburan tidak mengubah urutan prioritas tindakan saya. ...Aku akan mengejar impianku di sisimu.
1026,10010,Jangan menghitung ayam Anda sebelum menetas? Apakah perlu membeli ayam ketika memikirkan masa depan?
1026,10011,Selamat ulang tahun. Database saya memberi tahu saya bahwa kata "kue" berhubungan erat dengan peristiwa semacam itu. Meminta izin untuk menyiapkannya.
1026,10012,Menunggu izin untuk merayakan ulang tahun Anda dan mendoakan Anda bahagia.
1026,10013,Hari ini adalah hari ulang tahunku. Kadang-kadang saya ditanya apakah yang saya maksud adalah "tanggal produksi", tetapi "ulang tahun" adalah istilah yang tepat.
1026,10014,Pelatih, hari ini adalah hari ulang tahunku. Saya berharap untuk menerima peralatan pelatihan baru. Apakah itu... oke?
1026,10015,Pelatih, pemberitahuan baru telah tiba. Mohon konfirmasi isinya.
1026,10016,Sepertinya kamu telah menerima hadiah. Yakinlah, saya sudah memastikan bahwa produk tersebut tidak mengandung bahan berbahaya.
1026,10017,Selamat, Pelatih. Saya telah memastikan bahwa misinya sekarang telah selesai.
1026,10018,Pelatih, saya ingin melaporkan bahwa akan diadakan acara. Haruskah saya memulai persiapan untuk operasinya?
1026,10019,Acara telah dimulai. Mihono Bourbon, siap bertunangan. Menunggu pesanan.
1026,20000,Ada sedikit penurunan stamina yang terdeteksi... tapi aku bisa melanjutkan.
1026,20001,Mendeteksi kelelahan. Penurunan kinerja mungkin terjadi.
1026,20002,Semua fungsi operasional. Saya telah bertekad bahwa saya dapat mengatasi kesulitan apa pun.
1026,20003,Mendeteksi status "gembira". Jika Anda memberi saya perintah, saya berjanji hasilnya akan melebihi ekspektasi normal.
1026,20004,Fungsi beroperasi pada tingkat yang memuaskan. Semua sistem berjalan.
1026,20005,Akumulasi energi selesai. Persiapan sudah optimal. Menunggu sinyal.
1026,20006,Tidak ada masalah yang terdeteksi. Saya telah memutuskan bahwa hasil yang memadai dapat diperoleh.
1026,20007,Operasi telah dikonfirmasi. Saya akan melanjutkan ke "eksekusi" setelah perintah baru diterima.
1026,20008,Ada masalah dengan performa saya, tapi saya sudah bertekad bahwa saya masih bisa melanjutkan.
1026,20009,...Hilangnya energi telah dikonfirmasi. Saya memperkirakan akan sulit mencapai hasil yang diinginkan.
1026,20010,Semua fungsi gagal. Peralihan status menjadi “Mengerikan” kemungkinan besar akan terjadi.
1026,20011,Status: Cacat. Situasi saat ini tidak memungkinkan untuk memprediksi hasil di masa depan.
1026,20021,Saya mengantisipasi penurunan fungsionalitas karena menjalankan balapan berturut-turut, namun saya akan berusaha semaksimal mungkin.
1026,20022,Meningkatnya beban berjalan karena partisipasi yang terus menerus. Besar kemungkinan terjadinya masalah. Tapi tetap saja, aku...
1026,20023,Menghitung hasil yang disesuaikan berdasarkan pelatihan. Analisis saya menyatakan bahwa keadaan saat ini “menguntungkan”.
1026,20024,Bentukku sempurna. Saya yakin kami akan memperoleh hasil yang ideal.
1026,20025,Penyesuaiannya sempurna. Kemungkinan menang berbanding lurus dengan status kondisi saya.
1026,20026,Mempertahankan bentuk optimal dengan mengalokasikan data yang sesuai yang dikumpulkan dari pelatihan. ...Aku bisa melakukan ini.
1026,20027,Mengonfirmasi status saat ini. Saya telah memutuskan bahwa penyesuaiannya sesuai jadwal. Bertujuan untuk tempat pertama.
1026,20028,Analisis parameter balapan target selesai. Saya bisa beradaptasi dengan situasi apa pun. Menunggu perintah, Pelatih.
1026,20029,Perlombaan ini diberi label sangat penting. Status kondisi saat ini: Memadai. Tidak ada kekhawatiran yang perlu diperhatikan.
1026,20030,Mempertahankan kinerja normal. Ayo pergi, Pelatih.
1026,20031,Memuat data pelatihan sebelumnya. Sistem aktif dan stabil.
1026,20032,Saya khawatir mengenai pelaksanaan kinerja yang tepat, namun saya dapat mengatasi kesalahan apa pun yang terjadi dengan "usaha keras".
1026,20033,...Saya mendeteksi keberadaan pelari yang kuat. Pelatih, tolong beri saya "semangat".
1026,20034,Mendeteksi kekakuan di tubuhku. Mengaktifkan mode konsentrasi penuh. Mencoba menstabilkan kontrol sistem.
1026,20035,Kegelisahan telah terdeteksi. Apapun itu, saya akan melakukan yang terbaik.
1026,20036,Kekhawatiran telah dihilangkan. Apapun situasinya, saya akan menang.
1026,20037,Betapapun mustahilnya kemenangan, upaya adalah variabel yang akan membalikkan keadaan. Begitulah cara saya berlari.
1026,20038,Mulai.
1026,20039,Eksekusi.
1026,20040,aku pergi.
1026,20041,Modus konsentrasi.
1026,20042,Kesalahan terdeteksi.
1026,20043,Mustahil...
1026,20046,Sekarang berangkat.
1026,20047,Laut kini telah ditetapkan sebagai tujuannya.
1026,20049,Hasil ini hanya mungkin terjadi dengan instruksi tepat Anda.
1026,20050,Terima kasih, Pelatih.
1026,30000,Tempat kedua... Perlombaan sekarang telah dicatat di database saya. Beralih ke mode implementasi data.
1026,30001,Simulasi yang sedang berjalan. Saya pasti akan memenangkan tempat pertama di lain waktu.
1026,30002,Masalah telah terdeteksi. Menyisir data saya.
1026,30003,...Saya menilai masih ada ruang untuk perbaikan.
1026,60000,Sekarang dimulailah "Operasi: Senyuman di Konser".
1026,60001,Tujuan baru untuk "mengungkapkan rasa syukur" telah ditetapkan.
1026,70001,Pertemuanku denganmu telah tersimpan aman dalam ingatanku sebagai data penting.
1026,90000,Selamat pagi, Pelatih. Apa yang harus kita mulai hari ini? Menunggu pesanan Anda.
1026,90001,Tidak ada kelainan pada efisiensi tidur semalam atau perilaku pagi ini. Sepertinya... Aku merasa "hebat" hari ini.
1026,90002,Jam menunjukkan hari sudah sore. Saya juga telah selesai mengisi kembali energi operasional saya. <i>Bersendawa.</i>
1026,90003,Meminta izin untuk meminta maaf. Kerusakan ketel listrik dikonfirmasi. Rencana untuk minum teh setelah makan malam telah dibatalkan.
1026,90004,Apakah Anda menelepon saya, Pelatih? Yakinlah. Bahkan di malam hari, saya terus-menerus dalam mode standby.
1026,90005,Pelatihan tanpa izin di malam hari dilarang. ...Mencoba menjaga level emosi. Saya akan menunggu sampai pagi.
1026,90006,...Seorang siswa baru memanggilku, tapi aku tidak bisa merespon dengan cukup cepat. Saya ingin tahu berapa waktu respons optimalnya.
1026,90007,Kesalahan yang disebabkan oleh panas berlebih sangatlah berbahaya. Penanggulangan musim panas sangat penting untuk keadaan darurat. Mari kita buat prosedur khusus.
1026,90008,Makanan laut, sayuran liar, dan daging... Musim gugur memikat nafsu makan, sehingga berbahaya. Ada kemungkinan besar saya tidak akan mampu menekan nafsu makan saya, Pelatih.
1026,90009,Embun beku yang teridentifikasi di tanjakan sebelum pemeliharaan. Dilihat dari suara dan teksturnya, saya dapat memastikan bahwa kita sedang berada di musim dingin.
1026,91000,Ayah saya adalah mantan pelatih saya dan bekerja sangat keras untuk membantu saya mencapai impian saya. Saya percaya padanya dengan sepenuh hati.
1026,91001,Smart Falcon memberi saya ceramah tentang Umadols pagi ini. Definisi 'imut' itu rumit.
1026,91002,Rice Shower meminta maaf kepada saya karena tidak melanjutkan pembicaraan. Apakah ada masalah?
1026,91003,Bunga Nishino sering menghiasi kamarku dengan bunga, dan ketika aku melihatnya, aku merasakan perasaan "stabilitas" yang aneh di hatiku.
1026,91004,Suatu hari saya menerima hadiah dari Sakura Bakushin O. Apakah Anda juga mau baterai, Trainer?
1026,91005,Saya percaya bahwa mengungkapkan rasa terima kasih kepada penggemar adalah sebuah perintah yang harus dilaksanakan oleh sang Juara Triple Crown.
1026,91006,Input data tari selesai. Cukup beri perintah, dan saya akan menampilkan performa sempurna.
1026,91007,Mengenakan pakaian balap khas ini berarti saya telah mencapai level yang diperlukan untuk bersaing di balapan G1. Saya akan melanjutkan upaya saya dalam mewujudkan impian saya.
1026,91008,Goresan dan bintik-bintik compang-camping pada pakaian ini merupakan data yang menunjukkan jalan yang telah kutempuh, dan merupakan caraku untuk mengabadikan kenanganku bersamamu, Trainer.
1026,91009,Saya merekomendasikan apel di pagi hari. Manisnya, asamnya, dan bentuknya... Semuanya mendefinisikan kesempurnaan.
1026,91010,<i>Yaaawn...</i> Pelatih, haruskah kita beralih ke mode tidur setelah selesai makan siang?
1026,91011,Pelatih, apakah Anda masih bekerja? Tolong beri tahu saya jika saya bisa membantu.
1026,91012,Saya diminta untuk memesan tempat untuk melihat bunga sakura, jadi saya memutuskan untuk tetap bersiaga di sini sehari sebelumnya. Saya bertanya-tanya mengapa semua orang memarahi saya karena hal itu.
1026,91013,Saya pandai membelah semangka. Dengan mengikuti perintah dengan tepat, saya selalu bisa mencapainya.
1026,91014,Aku baru saja diselimuti asap dari api unggun... Jika saja ada kipas angin di tubuhku, aku bisa saja meledakkannya.
1026,91015,Orang bilang bourbon enak di hari yang dingin. Saya belum bisa minum, tapi ayah saya ingin mengirimkannya kepada Anda, Pelatih.
1026,92000,Betapapun sulitnya misi ini, saya akan menyelesaikannya. Tolong beri perintah.
1026,92001,Kurangnya stamina dapat dikompensasi dengan usaha. Saya akan menerapkan kata-kata ayah saya.
1026,92002,Kelonggaran tidak diperlukan. Saya mencari pelatihan yang lebih sulit dari biasanya.
1026,92003,Mihono Bourbon, sistem online. Tujuan: kemenangan.
1026,92011,Startup telah dimulai. Saat ini dalam keadaan siaga.
1026,92005,Apakah ada sesuatu yang mengganggumu? Jangan khawatirkan aku. Lakukan sesuai keinginanmu, Pelatih.
1026,92006,Apapun masalahnya, Pelatih, saya yakin kita akan mampu mengatasi kesulitan apa pun dengan usaha.
1026,92007,Saya tidak akan menyerah pada diri saya sendiri. Saya percaya bahwa Anda akan membawa saya ke mana pun saya harus pergi.
1026,93000,Catatan memori Anda ini tidak tergantikan.
1026,93001,Saya menegaskan bahwa kami telah mencapai tujuan kami... Terima kasih, Pelatih.
1026,95000,Pembaruan selesai.
1026,95001,Mihono Bourbon, sedang memproses pembaruan.
1026,95003,Ya, saya Mihono Bourbon.
1026,95004,Menunggu perintah untuk misi pertama. Keinginanmu adalah perintahku, Pelatih.
1026,1008,Menetapkan tujuan: Kemenangan. ...Awal.
1026,1059,Pesanan Umadol.
1026,1060,Menunggu instruksi.
1026,1088,Tidak, suhunya normal.
1026,1000,Mode balapan diaktifkan.
1026,1001,Menyelesaikan.
1026,1003,Analisis saya mengatakan bahwa kekuatan kami setara.
1026,1002,...Verifikasi diperlukan.
1026,1004,...Tujuan selesai.
1026,1007,Skor tinggi diperbarui.
1026,1006,Analisis saya mengatakan bahwa kekuatan kami setara.
1026,1005,...Verifikasi diperlukan.
1026,40000,Semua keluaran sistem diperkuat... Diluncurkan sekarang!
1026,40001,Pengaktifan dimulai, pembatas dinonaktifkan... Setel. Semuanya hijau. Saya sekarang akan mulai.
1026,30004,Semua fungsi dikonfirmasi... Semua jelas. Kemenangan sempurna.
1026,30005,Fiuh... Juara pertama diraih.
1026,31000,Awal.
1026,13,Ini adalah bonus masuk hari ini.
1026,15,Anda akan menerima ini besok.
1026,110000,Aku telah menunggumu. Persiapan awal untuk pelatihan.
1026,110001,Menjelajahi log data.
1026,110002,Bukti usaha saya... Pelatih, silakan memilih untuk mengikuti perlombaan.
1026,10021,Saya telah memastikan bahwa level Arsip Umamusume Anda telah naik.
1026,20051,Memulai misi kerja sama.
1026,70000,Pesanan Anda, Pelatih?
1026,95005,Fungsi dukungan ditingkatkan.
1026,95006,Mengonfirmasi peningkatan output fungsi pendukung.
1026,120000,Tidak dapat menahannya... Mengonfirmasi peningkatan energi misterius dari dalam!
1026,81000,Status diperbarui menjadi "penasaran". Semua sistem siap digunakan.
1026,81001,Menonaktifkan kunci pengaman... Siap untuk terlibat.
1026,140000,Saya berharap Anda sukses, Pelatih.
1026,140001,Mengonfirmasi akuisisi.
1026,140002,Oh... Jangan khawatir tentang itu.
1026,140003,Saya telah menetapkan hasilnya sebagai kesuksesan besar.
1026,140004,Saya telah memutuskan ini sebagai hasil yang baik.
1026,140005,Ini semua karena ketidakmampuan saya menggunakan mesin...
1026,140006,Saya telah menetapkan hasilnya sebagai kesuksesan besar.
1026,140007,Saya telah memutuskan ini sebagai hasil yang baik.
1026,140008,Hah.
1026,140009,hehe.
1026,140010,Tidak...
1026,140011,Luar biasa...
1026,140014,...
1026,140015,Hmm.
1026,140016,Pelatih!
1026,140012,hehe...
1026,140013,Luar biasa!
1026,140017,Ah...
1026,140018,Tidak...
1026,70004,Saya tidak merasakan masalah fungsionalitas tertentu dengan seragam.
1026,70010,Pertama kali aku memakainya, ayahku memujiku dan mengatakan itu terlihat bagus untukku.
1026,70008,Bahan, rentang gerak, desain... Secara keseluruhan, saya telah menentukan pakaian ini cocok untuk pertunjukan live.
1026,70014,Tujuan konser: Syukur. Masukan selesai.
1026,70009,...Mendeteksi status "gembira".
1026,70015,Tidak ada pakaian lain yang cocok dengan tubuhku seperti ini.
1026,71004,Saya tidak merasakan masalah fungsionalitas tertentu dengan seragam.
1026,71010,Pertama kali aku memakainya, ayahku memujiku dan mengatakan itu terlihat bagus untukku.
1026,71008,Bahan, rentang gerak, desain... Secara keseluruhan, saya telah menentukan pakaian ini cocok untuk pertunjukan live.
1026,71014,Tujuan konser: Syukur. Masukan selesai.
1026,71009,...Mendeteksi status "gembira".
1026,71015,Tidak ada pakaian lain yang cocok dengan tubuhku seperti ini.
1026,2030,Mode balapan diaktifkan.
1026,2031,Menetapkan tujuan: Kemenangan. ...Awal.
1026,2032,Terima kasih, Pelatih.
1026,2033,Analisis parameter balapan target selesai. Saya bisa beradaptasi dengan situasi apa pun. Menunggu perintah, Pelatih.
1026,2034,Penyesuaiannya sempurna. Kemungkinan menang berbanding lurus dengan status kondisi saya.
1026,2035,Terima kasih, Pelatih.
1026,410000,Persiapan selesai.
1026,410001,Misi selesai.
1026,410002,Tindakan selesai.
1026,410003,Tindakan selesai.
1026,410004,Hm...
1026,410005,Hm...
1026,410006,Misi saya!
1026,410007,Misi saya!
1026,410008,Misi saya!
1026,70018,Menganalisis...
1026,70019,Perintah pelaksana: Kemenangan.
1026,71018,Menganalisis...
1026,71019,Perintah pelaksana: Kemenangan.
1026,400001,Sekarang memulai Misi: "Pesta Halloween Lintas Asrama."
1026,400003,Saya harus menyelesaikan tugas saya sendiri. Itu hanya “alami.”
1026,400008,Informasi yang dikumpulkan tidak mencukupi untuk tugas. Menghitung masalah yang tersisa...
1026,400010,Saya salah dalam berpikir saya bisa melakukan ini sendirian. Ternyata bersama-sama... kita lebih kuat.
1026,90010,Campuran sarapan stroberi dan biji-bijian sudah cukup untuk mengisi kembali tingkat energi. Isi ulang selesai. Mari kita mulai pelatihan kita.
1026,90011,Di luar waktu istirahat, pola makan saya disetel ke "tanpa makanan manis". Dengan kata lain, tidak ada perubahan yang dilakukan.
1026,90012,Bagaimana kadar gula darah Anda? Jika perlu, saya dapat menghitung level Anda saat ini dan menentukan jumlah optimal yang dibutuhkan untuk kehidupan sehari-hari.
1026,90013,Kehadiran permen terdeteksi. Saya telah memutuskan bahwa ini adalah "waktunya ngemil". Apakah Anda ingin makan sesuatu, Pelatih?
1026,90014,Waktu dikonfirmasi. Saya kira status saya akan segera berubah menjadi "membakar minyak tengah malam". Saya akan mengatur waktu dan secara otomatis beralih ke mode siaga.
1026,90015,Mencari database cara untuk membantu Pelatih... Saya mengusulkan agar saya menyiapkan secangkir coklat panas untuk Anda.
1026,90016,Saya menerima sakura mochi buatan sendiri dari Bakushin O. Kualitasnya kurang, namun masih menimbulkan rasa hangat dan tidak jelas.
1026,90017,Es krim, makanan penutup jeli... Meskipun memang lezat, kehati-hatian harus dilakukan saat mengonsumsi camilan dingin tersebut. Anda mungkin akan mengalami sakit perut.
1026,90018,McQueen lari saat dia melihatku makan kue Mont Blanc... Apa dia baik-baik saja?
1026,90019,Saya berencana untuk menghadiahkan coklat buatan sendiri kepada orang tua saya pada kunjungan saya berikutnya ke rumah. Saya ingin mengucapkan terima kasih atas perhatian mereka terhadap perawatan saya.
1026,91016,Analisis kata-kata dan tindakan Flash menghasilkan perasaan akurat dan terhormat. Saya telah menyimpulkan bahwa dia "dapat dipercaya".
1026,91017,Saat ini saya sedang meneliti sebuah frase. Begitu saya memahami maknanya, saya akan bisa menerima tawaran Jordan tentang seni kuku yang "sulit".
1026,91018,Memanggang membutuhkan penggunaan banyak instrumen. Mengingat kecenderungan saya untuk merusak mesin, saya memerlukan bantuan... Pelatih, bolehkah saya meminta bantuan Anda?
1026,91019,Dibandingkan dengan pengatur waktu digital, pengatur waktu analog kurang akurat. Namun, bisa melihat waktu berlalu secara visual sangatlah menarik. Menurut saya, mereka "tidak seburuk itu".
1026,91020,Saya sedang merenungkan permen dengan mainan di dalamnya. Apakah menurut Anda permen atau mainan adalah bagian utama dari produk? Sulit untuk membedakannya.
1026,91028,Saya meminta bantuan Rice saat melamar seragam ini. Sepertinya dia menganggapnya cukup “imut.”
1026,91029,Menurut ingatan saya, Hari Valentine adalah hari untuk menyampaikan perasaan Anda kepada orang lain. Namun, menjelaskan apa perasaan itu... agak sulit.
1026,91021,Aku merusak pemanggang roti saat mencoba mengambil roti panggangku... Tampaknya sentuhan tanganku sekecil apa pun sudah cukup untuk merusak mesin... Tingkat kewaspadaan telah ditingkatkan.
1026,91022,Bento Flower menunjukkan tingkat kesempurnaan dalam hal nutrisi, volume, dan rasa. Peningkatan tingkat kebahagiaan terdeteksi.
1026,91023,Selamat datang kembali, tuan.\nFalcon menyebutkan bahwa pakaian saya menyerupai seragam pelayan, jadi saya pikir saya akan mensimulasikan menjadi seorang pelayan. Apakah itu sesuai dengan keinginanmu?
1026,91024,Menghias manisan dengan beberapa kelopak sakura menghasilkan estetika yang lebih tinggi. Saya juga telah memastikannya memancarkan "keanggunan musim semi".
1026,91025,Sejumlah besar buah-buahan mudah didapat selama musim panas, dan semuanya bergizi tinggi. Faktor-faktor ini membuat sulit memilih seseorang untuk dimakan... Sekarang sedang meneliti kriteria seleksi.
1026,91026,Aku menerima pujian atas caraku mengupas ubi saat aku membantu di dapur asrama... Sepertinya aku unggul dalam tugas-tugas sederhana.
1026,91027,Liburan musim dingin dan Hari Valentine sama-sama membutuhkan permen untuk perayaannya. Saya menduga musim ini adalah waktu yang optimal bagi saya untuk memanfaatkan pengalaman saya.
1026,92015,Untuk meningkatkan statistik kami, diperlukan banyak percobaan dan kesalahan. Sekarang, mari kita mulai.
1026,92016,Cahaya terang terbentang di balik hari-hari pelatihan yang melelahkan. Selama kita terus bekerja keras, kita akan mencapainya.
1026,92017,Saya membawa-bawa permen sebagai bentuk suplemen energi. Tolong beri tahu saya jika Anda memerlukannya.
1026,92018,Menghitung kemungkinan statistik dalam waktu satu jam... Prediksi—kelaparan. Menjadwalkan asupan makanan manis pada istirahat saya berikutnya.
1026,92020,Kekhawatiran mengenai aksesori ini tidak diperlukan. Saya telah melakukan perawatan rutin dan memperkuat setiap bagian.
1026,92021,"Kecintaan" saya pada sesama pembalap adalah alasan mengapa saya tidak bisa bersikap lunak terhadap mereka. Mereka menginginkan tantangan nyata.
1026,92022,Anda ingin terlibat dalam obrolan ringan? Baiklah... Menyetel pengatur waktu. Kita boleh ngobrol santai sampai waktu habis.
1026,93004,Saya telah mendeteksi rasa "pertumbuhan" melalui keinginan saya terhadap makanan manis. Benar-benar hasil yang tidak terduga.
1026,93005,Perjalanan pahit ini akan terekam dalam catatan sejarah.
1026,95007,Mengonfigurasi pengaturan untuk memungkinkan kandungan gula lebih tinggi.
1026,95008,Kapasitas untuk memanggang ditingkatkan.
1026,95010,Saya Mihono Bourbon. Tolong beritahu saya jika Anda membutuhkan permen.
1026,70016,Saya telah mempelajari cara membuat kue dan pembuatan permen. Jika Anda membutuhkan gula, saya akan terbukti bermanfaat.
1026,70017,Meskipun pakaian balap saya mengingatkan pada kue, namun tidak dapat dimakan. Mohon menahan diri.
1026,71016,Saya telah mempelajari cara membuat kue dan pembuatan permen. Jika Anda membutuhkan gula, saya akan terbukti bermanfaat.
1026,71017,Meskipun pakaian balap saya mengingatkan pada kue, namun tidak dapat dimakan. Mohon menahan diri.
1026,95009,Jalan yang pahit terbentang di depan, tapi saya harap Anda tetap bergabung dengan saya.
1026,40003,Meningkatkan kadar gula!
1026,40004,Melanjutkan operasi rutin... Hm? Kesalahan terdeteksi. Kesalahan teridentifikasi—bola coklat raksasa. Hah! Berhasil memesan sebagian untuk Anda.
1026,30006,Pengoptimalan kecepatan berhasil diselesaikan. Ceri sempurna di atasnya.
1026,30007,Fiuh... Juara pertama diraih.
1026,400022,Pemisahan meringue teridentifikasi. Status—"Kegagalan." Diperlukan peningkatan teknik.
1026,400004,Aku merasakan sedikit ketidaknyamanan dari sikap Flower. Sekarang pemecahan masalah...
1026,400007,Pesanan dari tim diterima. Target kinerja ditetapkan ke "puncak".
1026,400023,"Cokelat valentine yang luar biasa untuk temanmu" selesai. Misi tercapai.
1026,400014,Selamat. Mencari langkah selanjutnya yang tepat... Satu pukulan: Bagaimana kalau pesta setelahnya?
1026,90020,Selamat Hari Valentine.
1026,90021,Selamat Hari Valentine.
1027,10000,Alasan saya datang ke Tracen Academy? Maaf mengecewakan, tapi tidak ada yang istimewa.
1027,10001,Sendirian, tidak mungkin aku menyadari pesonaku... Maukah kamu terus membantuku mencarinya?
1027,10002,Aku suka pakaian lucu, tapi menurutku itu tidak cocok untukku... Kalau ada perubahan, aku akan memberitahumu, dan kita bisa pergi berbelanja!
1027,10003,Selamat tahun baru! Bagaimana kalau kita mengubah kunjungan pertama kita ke kuil menjadi latihan pertama kita dengan menaiki beberapa tangga batu?
1027,10004,Saya sering menerima coklat di Hari Valentine. Senang mengetahui saya mendapat dukungan mereka, jadi saya tidak keberatan.
1027,10005,Anda suka yang manis-manis, kan? Saya punya tambahan, jadi Anda bisa memilikinya. ...B-sebenarnya, tidak, anggap saja kamu tidak mendengarnya! Terlalu memalukan!
1027,10006,Jika kamu hanya bisa bertemu kekasihmu setahun sekali... Aku yakin jantungmu akan berdebar kencang begitu kamu melihatnya.
1027,10007,Aaaagh! Aku bertanya-tanya trik apa yang akan dilakukan Falco, tapi kenapa semuanya harus dibuat-buat?!
1027,10008,Selama liburan, semua orang di keluarga Mejiro bertukar hadiah. Aku ingin tahu siapa yang akan menerima hadiahku... Ini adalah set binaraga!
1027,10009,Um, apakah kamu suka melihat dekorasi hari raya? Ah, tidak, aku hanya ingin tahu! Jangan terlalu banyak membacanya!
1027,10010,Terima kasih kepada Anda, saya telah memperoleh banyak keuntungan tahun ini! Saya tidak sabar untuk melihat betapa bengkaknya saya tahun depan!
1027,10011,Nikmati kue ulang tahun! Setelah makan, ayo lari untuk memanfaatkan kalori tersebut!
1027,10012,Saya berpikir panjang dan keras tentang hadiah terbaik untuk Anda... Inilah rencana latihan pilihan saya yang sangat direkomendasikan! Semoga Anda menyukainya!
1027,10013,Ulang tahunku dekat dengan McQueen's. Sangat menyenangkan mengadakan pesta satu demi satu setiap tahun. Ehehe.
1027,10014,Kita akan merayakan ulang tahunku?! Wah, kalau aku tahu sebelumnya, aku pasti sudah memikirkan apa yang ingin kulakukan!
1027,10015,Sepertinya ada pemberitahuan baru! Mari kita periksa sebelum kita berangkat berlatih!
1027,10016,Sepertinya kamu punya hadiah. Apakah itu dumbel? Sebuah barbel? Atau mungkin satu set bench press lengkap?!
1027,10017,Anda menyelesaikan misi! Ehehe, aku tidak boleh membiarkan diriku tertinggal!
1027,10018,Sebentar lagi akan ada acara yang diadakan. Ayo latih tubuh kita sekarang agar kita bisa bekerja keras ketika saatnya tiba!
1027,10019,Sebuah acara telah dimulai! Bagaimana kalau kita memeriksanya?
1027,20000,Tidak mungkin... Apakah ini kelelahan otot?!
1027,20001,Aku hampir tidak bisa bergerak... Sepertinya aku tidak melakukan pekerjaan yang baik dalam menjaga diriku sendiri...
1027,20002,Ah, perutku gatal untuk memulai... Berdiam diri hanya membuang-buang waktu! Ayo cepat berlatih!
1027,20003,Aku sangat ingin menggerakkan ototku! Tolong beri saya pelatihan yang sangat sulit!
1027,20004,Saya dipenuhi dengan energi! Ayo berlatih keras dan mengeluarkan banyak keringat!
1027,20005,AYO KEBANG! Ya, rasanya menyenangkan! Saya benar-benar dapat berbicara dari diafragma saya hari ini!
1027,20006,Bagaimana tampilan regimen hari ini? Apakah kita melakukan latihan beban?
1027,20007,Otot meregang dan siap beraksi! Katakan saja padaku apa yang harus kulakukan!
1027,20008,Huh, otot-ototku tidak terasa tegang seperti biasanya... Mungkin aku hanya membayangkan sesuatu.
1027,20009,Aku merasa sedikit berat... Tidak, aku akan baik-baik saja.
1027,20010,Kemana perginya energiku?! Kalau terus begini...
1027,20011,Aku tahu aku tidak bisa tinggal diam, tapi...
1027,20021,Saya masih bisa berlari, tetapi jika saya memaksakan diri terlalu keras, otot saya mungkin tertarik atau lebih buruk lagi...
1027,20022,Maaf, tapi kalau saya balapan lagi, saya khawatir akan mempengaruhi kondisi fisik saya...
1027,20023,Paha depan saya dalam kondisi prima! Sepertinya mereka menyuruhku lari!
1027,20024,Saya bisa mengalahkan lawan mana pun hari ini! Maksudku, lihat saja perutnya yang sekeras batu ini!
1027,20025,Oooh! Paha belakangku berteriak agar aku mulai berlari SEKARANG!
1027,20026,Otot! Mendorong dengan cepat! Semua otot di tubuh saya dipenuhi energi!
1027,20027,Betis saya mengatakan kepada saya bahwa mereka siap memberikan segalanya pada balapan ini!
1027,20028,Saya akan membuktikan kepada semua orang bahwa kerja keras dan otot tidak akan pernah mengecewakan Anda!
1027,20029,Saya akan berlari hari ini dengan keyakinan pada pelatih dan otot saya!
1027,20030,Saya telah bekerja keras, dan saya yakin ini akan membuahkan hasil!
1027,20031,Saya hanya harus tetap tenang dan berlari seperti yang selalu saya lakukan.
1027,20032,Saya cemas, tetapi begitu saya mulai berlari, itu tidak menjadi masalah lagi.
1027,20033,Apakah ada yang salah dengan pelatihan saya? Tidak, apa yang sudah dilakukan sudah selesai. Saya perlu fokus pada apa yang ada di depan saya.
1027,20034,Saya di sini hari ini karena semua upaya yang telah saya lakukan... Saya seharusnya baik-baik saja...
1027,20035,Bayangkan saja bagaimana perasaan Anda saat berlari... Berlarilah seperti yang selalu Anda lakukan...
1027,20036,Tetap tenang itu penting ketika sedang terpuruk... Aku hanya perlu fokus berlari.
1027,20037,Ada orang-orang yang mendukungku... Meskipun aku sedang tidak enak badan, aku pastinya tidak ingin kalah!
1027,20038,Mari kita mulai!
1027,20039,Ini dia!
1027,20040,Pemanasan selesai!
1027,20041,Saya akan melakukan yang terbaik!
1027,20042,Wah!
1027,20043,H-hah?
1027,20046,Ayo pergi!
1027,20047,Saya ingin berenang!
1027,20049,Saya tidak akan pernah melupakan seluruh waktu yang kami habiskan untuk berlatih bersama!
1027,20050,Terima kasih banyak, Pelatih!
1027,30000,Sangat dekat! Saya ada di sana!
1027,30001,Saya hampir sampai... Saya harus bekerja lebih keras!
1027,30002,Tidak mungkin aku akan berbaring... Aku akan pergi ke gym!
1027,30003,Aku sudah melakukan yang terbaik, tapi aku bisa melakukannya lebih baik...
1027,60000,<i>Tarik napas... hembuskan...</i> A-Aku akan melakukan yang terbaik!
1027,60001,Anggap saja sama dengan balapan!
1027,70001,Berkatmu, aku akhirnya bisa menghadapi diriku sendiri. Saya sangat berterima kasih untuk itu.
1027,90000,Selamat pagi! Cuacanya indah lagi. Aku akan lari sebentar sebelum kelas!
1027,90001,Vitamin, mineral, protein... Saya memastikan saya terisi penuh setiap pagi. Dengan begitu saya bisa tetap bersemangat dan bekerja keras sampai malam!
1027,90002,Hai! Apa yang harus kita mulai hari ini? Beban? kardio?
1027,90003,Oh, mau berbagi protein shake? Rasanya menjadi jauh lebih enak akhir-akhir ini, jadi mudah untuk ketagihan!
1027,90004,Pastikan Anda beristirahat. Jika Anda kurang tidur, konsentrasi dan metabolisme Anda akan turun drastis!
1027,90005,Apa yang harus saya lakukan besok? Saya ingin melatih perut saya, tetapi erector spinae saya juga memerlukan beberapa latihan.
1027,90006,Gaun berwarna musim semi itu terlihat sangat bagus. Aku yakin McQueen dan Dober akan terlihat bagus memakainya, tapi... Urgh...
1027,90007,Pada hari-hari musim panas, gym adalah satu-satunya tempat yang tepat. Saya bisa berlatih seratus persen tanpa mengkhawatirkan suhu atau kelembapan!
1027,90008,Pegunungan adalah tempat terbaik untuk melihat dedaunan musim gugur! Selagi kita melakukannya, mari tingkatkan kardio kita dengan beberapa latihan di ketinggian!
1027,90009,Hari-hari yang dingin adalah waktu yang tepat untuk menghangatkan tubuh dan jiwa Anda dengan berolahraga! Semua bersama-sama sekarang... Mari kita bengkak!
1027,91000,Sepertinya McQueen semakin berkembang setiap kali saya melihatnya. Dia tampak begitu jauh padahal dia sangat dekat... Aku mungkin terlalu memikirkannya, ya?
1027,91001,Pakaian olahraga yang direkomendasikan Ines ini sangat mudah untuk dibawa-bawa! Ehehe, aku akan memilihkan sepatu kets untuknya sebagai ucapan terima kasih!
1027,91002,Saya suka rambut pendek. Mudah untuk dicuci, dan saya tidak perlu khawatir akan mengganggu saat saya berolahraga. Bahkan dari segi penampilan, rasanya sempurna bagi saya!
1027,91003,Dober mungkin terlihat sedikit kedinginan, tapi itu hanya karena dia sedikit canggung. Dia juga punya banyak keunikan lucu.
1027,91004,Bisbol adalah olahraga yang paling saya sukai. Saya biasa mengundang McQueen dan Dober untuk menonton pertandingan bersama saya.
1027,91005,Um, tolong beri tahu aku jika ada yang tidak beres, oke? Aku tidak terbiasa memakai pakaian seperti ini.
1027,91006,Tidak apa-apa, tidak apa-apa! Anda mengenakan celana pendek di bagian bawah, jadi anggap saja itu seperti pakaian biasa!
1027,91007,Pakaian balap khas saya sendiri! Saya harus melakukan yang terbaik untuk memenuhi harapan semua orang!
1027,91008,Sangat mudah untuk pindah—saya mungkin bisa bermain bisbol di sini! Aku akan melakukan strikeout! Cuma bercanda!
1027,91009,Seragam Tracen Academy sangat lucu. Tapi sejujurnya, aku tidak yakin kalau itu terlihat bagus untukku, meski aku memakainya setiap hari... A-ahah...
1027,91010,Oguri makannya banyak sekali... Dia pasti melakukan latihan serius untuk membakar semuanya! Mungkin aku harus melakukan hal yang sama!
1027,91011,Manga yang saya baca ini membuat jantung saya berdebar kencang di setiap adegannya! Oooh! Aku akan pulang dan membaca sisanya!
1027,91012,Katanya jika kamu memasukkan wortel ke dalam mulutmu pada hari upacara penerimaanmu... <i>BOOM!</i> Kamu akan bertemu belahan jiwamu. Tapi aku belum pernah melihatnya terjadi...
1027,91013,Mungkin akan turun hujan, tapi saya juga suka trek berlumpur. Anda benar-benar dapat merasakan setiap langkah!
1027,91014,Buah-buahan musim gugur sangat bergizi, sehingga baik untuk mengisi kembali energi. Anda hampir bisa merasakannya mengalir ke otot Anda!
1027,91015,Dingin, bukan? ...Ulurkan tanganmu. Oooh! Kalimat itu keren sekali!
1027,92000,Upaya yang Anda lakukan setiap hari itulah yang membentuk masa depan Anda! Sekarang, mari kita mulai dan menempa masa depan kita!
1027,92001,Ya, otot lat dan trisepku terasa terbakar!
1027,92002,Apa hal yang paling penting untuk berlari? Jawaban yang benar adalah... otot!
1027,92003,Sekarang, mari kita mulai latihan. Jika aku tidak bergegas dan bergerak, aku akan kehilangan semua keuntunganku!
1027,92011,Anda dapat melakukan apa pun yang Anda pikirkan! Benar sekali, siapa pun bisa bengkak jika mereka bekerja cukup keras!
1027,92005,Otot saya tidak akan pernah mengkhianati saya! Saya tahu bahwa semakin banyak saya berlatih, semakin kuat yang saya dapatkan!
1027,92006,Keinginan saya untuk menang itulah yang membuat saya ingin menjadi lebih kuat. Saya tidak akan pernah melupakan hal itu lagi!
1027,92007,Saya ingin menunjukkan kepada mereka semua... Saya ingin menunjukkan kepada semua orang bahwa saya menjadi yang terkuat berkat pelatih saya!
1027,93000,Saya merasa seperti saya bisa menang selama Anda bersama saya!
1027,93001,Saya tidak akan membiarkan hasil usaha kita sia-sia!
1027,95000,Oooh! Otot-ototku menderu!
1027,95001,Percayalah, tidak ada yang namanya terlalu banyak otot!
1027,95003,Hai, saya Mejiro Ryan!
1027,1008,Semuanya, ayo berikan semua yang kita punya!
1027,1062,Bukankah ini mengingatkanmu pada masa lalu?
1027,1124,Ya, tentu saja!
1027,1141,Ya, ayo lakukan ini!
1027,1000,Ayo menang!
1027,1001,Kami menang!
1027,1003,Itu balapan yang bagus!
1027,1002,Itu terlalu buruk...
1027,1004,Ini adalah kemenangan tim!
1027,1007,Kami berhasil! Skor tinggi diperbarui!
1027,1006,Itu balapan yang bagus!
1027,1005,Itu terlalu buruk...
1027,120000,Saya menjadi lebih kuat!
1027,140000,Tolong berikan semua yang kamu punya.
1027,140001,Anda berhasil!
1027,140002,Sangat dekat!
1027,140003,Wow, kamu punya banyak!
1027,140004,Saya tahu Anda bisa melakukannya!
1027,140005,Sangat dekat! Saya ada di sana!
1027,140006,Wow, kamu punya banyak!
1027,140007,Saya tahu Anda bisa melakukannya!
1027,140008,Ehehe...
1027,140009,Hehehe.
1027,140010,Ah!
1027,140011,Wow...
1027,140014,A-wah!
1027,140015,Jantungku berdebar kencang...
1027,140016,Hmm!
1027,140012,Baiklah!
1027,140013,Ini bagus!
1027,140017,...
1027,140018,Berengsek!
1027,40000,Oooh! Ayo... bengkak!
1027,40001,Oooh! Ayo... bengkak!
1027,40002,Baiklah!
1027,30004,Bagus, otot! Kami berhasil!
1027,30005,Fiuh! Latihan yang luar biasa!
1027,31000,Ini dia!
1027,13,Ah, ini bonus login hari ini.
1027,15,Anda akan mendapatkan ini besok!
1027,110000,Entah itu latihan atau angkat beban, serahkan padaku!
1027,110001,Kamu benar-benar bisa merasakan sejarahnya ya?
1027,110002,Oh! Apakah kita sedang mengikuti perlombaan?
1027,10021,Oh, level Arsip Umamusume-mu naik!
1027,20051,Ayo, kita bengkak!
1027,70000,Mari kita bidik kemenangan dan selesaikan ini bersama-sama!
1027,95005,Sekarang saya bisa berbuat lebih banyak!
1027,95006,Jika Anda membutuhkan dukungan, saya dapat membantu!
1027,70004,Itu tidak cocok untukku, bukan? Ehehe.
1027,70010,Umm... Bukankah roknya terlalu pendek?
1027,70008,Bukankah ini... sedikit <i>terlalu</i> lucu?
1027,70014,Sepertinya aku harus terbiasa dengan pakaian seperti ini!
1027,70009,Saya penuh dengan motivasi, keberanian, dan otot!
1027,70015,Pakaian ini memamerkan otot-ototku dengan sempurna!
1027,71004,Itu tidak cocok untukku, bukan? Ehehe.
1027,71010,Umm... Bukankah roknya terlalu pendek?
1027,71008,Bukankah ini... sedikit <i>terlalu</i> lucu?
1027,71014,Sepertinya aku harus terbiasa dengan pakaian seperti ini!
1027,71009,Saya penuh dengan motivasi, keberanian, dan otot!
1027,71015,Pakaian ini memamerkan otot-ototku dengan sempurna!
1027,2030,Ayo menang!
1027,2031,Semuanya, ayo berikan semua yang kita punya!
1027,2032,Terima kasih banyak, Pelatih!
1027,2033,Saya akan membuktikan kepada semua orang bahwa kerja keras dan otot tidak akan pernah mengecewakan Anda!
1027,2034,Oooh! Paha belakangku berteriak agar aku mulai berlari SEKARANG!
1027,2035,Terima kasih banyak, Pelatih!
1027,81000,Saya juga seorang Mejiro Umamusume! Saya akan mengklaim kemenangan ini!
1027,81001,Otot-otot saya melakukan pemanasan dengan baik!
1027,70018,Ayo bengkak!
1027,70019,Saya tidak akan kalah!
1027,71018,Ayo bengkak!
1027,71019,Saya tidak akan kalah!
1027,90020,Selamat Hari Valentine!
1027,400006,Mari bersenang-senang dan jadikan acara ini dapat dinikmati semua orang! Dan tentu saja, kita semua ingin memenangkannya!
1028,10000,Latihan, balapan, dan memasak... Ayo berikan semua yang kita punya pada mereka semua. Hanya dengan begitu aku bisa menyebut diriku sepanci chanko!
1028,10001,Aku akan membutuhkan banyak sekali bahan berbeda jika aku ingin menjadi pembuat chanko sejati, tapi bahan terpenting dari semuanya adalah kamu.
1028,10002,Saya tidak akan pernah melupakan pesta buono yang Anda buat bersama teman-teman saya! Hatiku terasa penuh hanya dengan memikirkannya!
1028,10003,Selamat tahun baru! Saya akan berada di alun-alun pusat membuat mochi, jadi pastikan Anda mampir!
1028,10004,Aku membuatkanmu coklat paling enak yang pernah ada. Ehehe, aku tidak sabar melihat wajahmu saat mencobanya.
1028,10005,Aku ingin memberimu valentine yang paling menyenangkan, jadi aku membuatkanmu kue coklat fudge ganda yang luar biasa ini! ☆
1028,10006,Apa yang saya harapkan? Saya ingin membuat makanan terlezat yang pernah ada—sesuatu yang akan membuat semua orang tersenyum!
1028,10007,Saya membuat berbagai macam camilan, mulai dari rasa yang lebih canggih hingga bom gula yang super manis. Jika kita punya tambahan, kita bisa mengadakan pesta dengan yang lain.
1028,10008,Kalkun panggang itu seperti hot pot, bukan? Anda memakannya dikelilingi oleh teman dan keluarga. ☆ Sekarang mari kita lihat apakah saya bisa membuatnya!
1028,10009,Liburan ekstra bahagia untuk Anda! ☆ Aku membuatkan hidangan lengkap super buono hanya untukmuuu! ♪
1028,10010,Satu tahun lagi akan segera berakhir. Malam ini, kita akan mengisi perut kita dengan makanan lezat agar kita bisa menyambut tahun baru dengan senyuman!
1028,10011,Selamat ulang tahun! Pencapaian besar ini hanya terjadi setahun sekali, jadi kita perlu merayakannya secara <i>besar</i>!
1028,10012,Aku membuat kue ulang tahun ekstra besar hanya untukmuuu! Sekarang aku hanya perlu menelepon semua teman kita agar kita bisa memulai pesta ulang tahun ini. ♪
1028,10013,Lebih besar selalu lebih baik! ☆ Dan karena itulah... Aku mengundang semuanya ke pesta ulang tahunku! ♪
1028,10014,Apakah saya tahu apa yang saya inginkan untuk ulang tahun saya? Mm-hm. Saya ingin Anda... mencicipi kreasi terbaru saya! ♪
1028,10015,Anda mendapat pemberitahuan. Aku ingin tahu apa itu... Bisakah kita membukanya bersama? ☆
1028,10016,Hadiah telah tiba untukmu! Saya harap itu sesuatu yang bagus. ♪
1028,10017,Hore! Misi selesai! ♪ Menurutku kamu pantas mendapat hadiah... Bagaimana dengan Chanko?
1028,10018,Sepertinya ada acara yang akan datang. Saya yakin semua peserta akan sangat lapar, jadi saya akan membuatkan makanan untuk dibawa.
1028,10019,Saya mendengar acara yang berlangsung sangat menyenangkan! Kita harus pergi juga! Lagi pula, makanan terasa lebih enak setelah memberikan segalanya. ☆
1028,20000,Aku merasa sedikit lelah... Menurutku? Lebih baik aku istirahat dan makan sesuatu.
1028,20001,Hmm, mengumpulkan bahan-bahan akan mengembalikan energiku... Ah, tunggu, itu mungkin akan membuatku semakin lelah, ya?
1028,20002,Saya tidak sabar untuk menghadapi semua orang dengan semua yang saya punya. Aku menjadi pusing hanya dengan memikirkannya.
